solid T_MESH
 facet normal 0.185066 0.977770 -0.098572
  outer loop
   vertex -0.138224 -0.609385 0.664172
   vertex -0.066698 -0.621298 0.680291
   vertex -0.100534 -0.616737 0.662007
  endloop
 endfacet
 facet normal 0.193732 0.970685 -0.142260
  outer loop
   vertex -0.138224 -0.609385 0.664172
   vertex -0.020365 -0.624540 0.721267
   vertex -0.066698 -0.621298 0.680291
  endloop
 endfacet
 facet normal -0.020440 -0.975987 -0.216867
  outer loop
   vertex -0.138224 -0.609385 0.664172
   vertex -0.186179 -0.596446 0.610461
   vertex -0.020365 -0.624540 0.721267
  endloop
 endfacet
 facet normal -0.165060 -0.986279 -0.003062
  outer loop
   vertex -0.186179 -0.596446 0.610461
   vertex -0.187683 -0.596026 0.556259
   vertex -0.020365 -0.624540 0.721267
  endloop
 endfacet
 facet normal -0.004856 -0.986199 -0.165495
  outer loop
   vertex -0.187683 -0.596026 0.556259
   vertex 0.025609 -0.624355 0.718816
   vertex -0.020365 -0.624540 0.721267
  endloop
 endfacet
 facet normal 0.009975 -0.982808 -0.184363
  outer loop
   vertex -0.187683 -0.596026 0.556259
   vertex 0.058776 -0.622081 0.708488
   vertex 0.025609 -0.624355 0.718816
  endloop
 endfacet
 facet normal 0.045773 -0.969675 -0.240073
  outer loop
   vertex -0.187683 -0.596026 0.556259
   vertex 0.146818 -0.607385 0.665916
   vertex 0.058776 -0.622081 0.708488
  endloop
 endfacet
 facet normal 0.040991 -0.973297 -0.225861
  outer loop
   vertex -0.187683 -0.596026 0.556259
   vertex 0.198659 -0.592403 0.610763
   vertex 0.146818 -0.607385 0.665916
  endloop
 endfacet
 facet normal 0.011179 -0.999856 -0.012777
  outer loop
   vertex -0.187683 -0.596026 0.556259
   vertex 0.200777 -0.591694 0.557136
   vertex 0.198659 -0.592403 0.610763
  endloop
 endfacet
 facet normal 0.011243 -0.998885 -0.045846
  outer loop
   vertex -0.187683 -0.596026 0.556259
   vertex 0.207270 -0.589450 0.509837
   vertex 0.200777 -0.591694 0.557136
  endloop
 endfacet
 facet normal -0.003799 -0.985113 -0.171867
  outer loop
   vertex -0.187683 -0.596026 0.556259
   vertex 0.196818 -0.580609 0.459393
   vertex 0.207270 -0.589450 0.509837
  endloop
 endfacet
 facet normal 0.146367 -0.988480 -0.038528
  outer loop
   vertex 0.146818 -0.607385 0.665916
   vertex 0.096736 -0.617348 0.731268
   vertex 0.058776 -0.622081 0.708488
  endloop
 endfacet
 facet normal 0.195283 -0.980747 0.000137
  outer loop
   vertex 0.146818 -0.607385 0.665916
   vertex 0.146905 -0.607360 0.720592
   vertex 0.096736 -0.617348 0.731268
  endloop
 endfacet
 facet normal 0.277290 -0.960786 -0.000353
  outer loop
   vertex 0.198659 -0.592403 0.610763
   vertex 0.197983 -0.592618 0.664920
   vertex 0.146818 -0.607385 0.665916
  endloop
 endfacet
 facet normal 0.036453 -0.999232 -0.014339
  outer loop
   vertex -0.187683 -0.596026 0.556259
   vertex 0.197324 -0.579822 0.405835
   vertex 0.196818 -0.580609 0.459393
  endloop
 endfacet
 facet normal 0.118059 -0.973201 0.197335
  outer loop
   vertex -0.187683 -0.596026 0.556259
   vertex 0.202204 -0.591224 0.346684
   vertex 0.197324 -0.579822 0.405835
  endloop
 endfacet
 facet normal 0.032722 -0.998742 0.037991
  outer loop
   vertex -0.187683 -0.596026 0.556259
   vertex 0.194752 -0.593778 0.285961
   vertex 0.202204 -0.591224 0.346684
  endloop
 endfacet
 facet normal -0.079995 -0.989374 -0.121411
  outer loop
   vertex -0.187683 -0.596026 0.556259
   vertex -0.235160 -0.578883 0.447843
   vertex 0.194752 -0.593778 0.285961
  endloop
 endfacet
 facet normal -0.147841 -0.940453 -0.306090
  outer loop
   vertex -0.235160 -0.578883 0.447843
   vertex -0.281875 -0.557671 0.405233
   vertex 0.194752 -0.593778 0.285961
  endloop
 endfacet
 facet normal -0.089240 -0.994459 -0.055563
  outer loop
   vertex -0.281875 -0.557671 0.405233
   vertex -0.227119 -0.547424 0.133891
   vertex 0.194752 -0.593778 0.285961
  endloop
 endfacet
 facet normal -0.635770 -0.755777 -0.156838
  outer loop
   vertex -0.281875 -0.557671 0.405233
   vertex -0.299582 -0.484039 0.122190
   vertex -0.227119 -0.547424 0.133891
  endloop
 endfacet
 facet normal -0.451787 -0.869870 -0.198028
  outer loop
   vertex -0.281875 -0.557671 0.405233
   vertex -0.335414 -0.527117 0.393165
   vertex -0.299582 -0.484039 0.122190
  endloop
 endfacet
 facet normal -0.484729 -0.851613 -0.199482
  outer loop
   vertex -0.335414 -0.527117 0.393165
   vertex -0.429810 -0.413180 0.136130
   vertex -0.299582 -0.484039 0.122190
  endloop
 endfacet
 facet normal -0.469923 -0.857920 -0.207715
  outer loop
   vertex -0.335414 -0.527117 0.393165
   vertex -0.449148 -0.404657 0.144677
   vertex -0.429810 -0.413180 0.136130
  endloop
 endfacet
 facet normal -0.575242 -0.806874 -0.134353
  outer loop
   vertex -0.335414 -0.527117 0.393165
   vertex -0.394109 -0.484817 0.390434
   vertex -0.449148 -0.404657 0.144677
  endloop
 endfacet
 facet normal -0.662133 -0.743442 -0.094203
  outer loop
   vertex -0.394109 -0.484817 0.390434
   vertex -0.449503 -0.433959 0.378420
   vertex -0.449148 -0.404657 0.144677
  endloop
 endfacet
 facet normal -0.724439 -0.683849 -0.086827
  outer loop
   vertex -0.449503 -0.433959 0.378420
   vertex -0.497937 -0.377415 0.337188
   vertex -0.449148 -0.404657 0.144677
  endloop
 endfacet
 facet normal -0.759632 -0.642365 -0.101617
  outer loop
   vertex -0.497937 -0.377415 0.337188
   vertex -0.521066 -0.321243 0.155000
   vertex -0.449148 -0.404657 0.144677
  endloop
 endfacet
 facet normal -0.976527 -0.206811 0.060208
  outer loop
   vertex -0.497937 -0.377415 0.337188
   vertex -0.527425 -0.291217 0.155000
   vertex -0.521066 -0.321243 0.155000
  endloop
 endfacet
 facet normal -0.916825 -0.397322 -0.039591
  outer loop
   vertex -0.497937 -0.377415 0.337188
   vertex -0.527867 -0.290197 0.155000
   vertex -0.527425 -0.291217 0.155000
  endloop
 endfacet
 facet normal -0.844357 -0.523923 -0.112103
  outer loop
   vertex -0.497937 -0.377415 0.337188
   vertex -0.546688 -0.259865 0.155000
   vertex -0.527867 -0.290197 0.155000
  endloop
 endfacet
 facet normal 0.094422 -0.848561 -0.520604
  outer loop
   vertex -0.227119 -0.547424 0.133891
   vertex -0.009166 -0.492488 0.083878
   vertex 0.194752 -0.593778 0.285961
  endloop
 endfacet
 facet normal 0.246327 -0.743787 -0.621372
  outer loop
   vertex -0.009166 -0.492488 0.083878
   vertex 0.247641 -0.573614 0.282791
   vertex 0.194752 -0.593778 0.285961
  endloop
 endfacet
 facet normal 0.270301 -0.717743 -0.641702
  outer loop
   vertex -0.009166 -0.492488 0.083878
   vertex 0.201065 -0.388777 0.056432
   vertex 0.247641 -0.573614 0.282791
  endloop
 endfacet
 facet normal 0.270000 -0.717841 -0.641720
  outer loop
   vertex 0.201065 -0.388777 0.056432
   vertex 0.261805 -0.374555 0.066079
   vertex 0.247641 -0.573614 0.282791
  endloop
 endfacet
 facet normal 0.133400 -0.734212 -0.665686
  outer loop
   vertex 0.261805 -0.374555 0.066079
   vertex 0.307632 -0.381059 0.082436
   vertex 0.247641 -0.573614 0.282791
  endloop
 endfacet
 facet normal 0.352209 -0.725259 -0.591564
  outer loop
   vertex 0.307632 -0.381059 0.082436
   vertex 0.302093 -0.546964 0.282538
   vertex 0.247641 -0.573614 0.282791
  endloop
 endfacet
 facet normal -0.922925 -0.384978 -0.001431
  outer loop
   vertex -0.497937 -0.377415 0.337188
   vertex -0.547599 -0.257681 0.155000
   vertex -0.546688 -0.259865 0.155000
  endloop
 endfacet
 facet normal 0.153473 -0.531550 -0.833007
  outer loop
   vertex -0.009166 -0.492488 0.083878
   vertex 0.033546 -0.439691 0.058057
   vertex 0.201065 -0.388777 0.056432
  endloop
 endfacet
 facet normal -0.697814 -0.543973 -0.465992
  outer loop
   vertex -0.521066 -0.321243 0.155000
   vertex -0.513415 -0.323593 0.146286
   vertex -0.449148 -0.404657 0.144677
  endloop
 endfacet
 facet normal -0.959692 -0.267672 0.085685
  outer loop
   vertex -0.497937 -0.377415 0.337188
   vertex -0.557865 -0.220874 0.155000
   vertex -0.547599 -0.257681 0.155000
  endloop
 endfacet
 facet normal -0.940712 -0.338708 0.018406
  outer loop
   vertex -0.497937 -0.377415 0.337188
   vertex -0.570634 -0.185410 0.155000
   vertex -0.557865 -0.220874 0.155000
  endloop
 endfacet
 facet normal 0.620768 -0.611892 -0.490138
  outer loop
   vertex 0.307632 -0.381059 0.082436
   vertex 0.403626 -0.477018 0.323810
   vertex 0.302093 -0.546964 0.282538
  endloop
 endfacet
 facet normal 0.614536 -0.618145 -0.490145
  outer loop
   vertex 0.307632 -0.381059 0.082436
   vertex 0.360398 -0.327491 0.081036
   vertex 0.403626 -0.477018 0.323810
  endloop
 endfacet
 facet normal 0.668391 -0.574277 -0.472716
  outer loop
   vertex 0.360398 -0.327491 0.081036
   vertex 0.454867 -0.428394 0.337191
   vertex 0.403626 -0.477018 0.323810
  endloop
 endfacet
 facet normal 0.649946 -0.594230 -0.473773
  outer loop
   vertex 0.360398 -0.327491 0.081036
   vertex 0.409084 -0.277072 0.084588
   vertex 0.454867 -0.428394 0.337191
  endloop
 endfacet
 facet normal 0.738479 -0.510975 -0.439946
  outer loop
   vertex 0.409084 -0.277072 0.084588
   vertex 0.499810 -0.374960 0.350570
   vertex 0.454867 -0.428394 0.337191
  endloop
 endfacet
 facet normal 0.688529 -0.572267 -0.445465
  outer loop
   vertex 0.409084 -0.277072 0.084588
   vertex 0.534142 -0.324344 0.338611
   vertex 0.499810 -0.374960 0.350570
  endloop
 endfacet
 facet normal 0.680755 -0.582904 -0.443617
  outer loop
   vertex 0.409084 -0.277072 0.084588
   vertex 0.461348 -0.223024 0.093772
   vertex 0.534142 -0.324344 0.338611
  endloop
 endfacet
 facet normal 0.794570 -0.440055 -0.418342
  outer loop
   vertex 0.461348 -0.223024 0.093772
   vertex 0.563340 -0.270326 0.337246
   vertex 0.534142 -0.324344 0.338611
  endloop
 endfacet
 facet normal 0.866283 -0.275857 -0.416482
  outer loop
   vertex 0.461348 -0.223024 0.093772
   vertex 0.616055 -0.104700 0.337191
   vertex 0.563340 -0.270326 0.337246
  endloop
 endfacet
 facet normal 0.862341 -0.111387 -0.493924
  outer loop
   vertex 0.461348 -0.223024 0.093772
   vertex 0.622505 -0.054765 0.337191
   vertex 0.616055 -0.104700 0.337191
  endloop
 endfacet
 facet normal 0.875651 -0.208455 -0.435640
  outer loop
   vertex 0.461348 -0.223024 0.093772
   vertex 0.513428 -0.005258 0.094253
   vertex 0.622505 -0.054765 0.337191
  endloop
 endfacet
 facet normal 0.866164 -0.240733 -0.437958
  outer loop
   vertex 0.513428 -0.005258 0.094253
   vertex 0.623202 0.047084 0.282586
   vertex 0.622505 -0.054765 0.337191
  endloop
 endfacet
 facet normal 0.995946 -0.047701 -0.076258
  outer loop
   vertex 0.623202 0.047084 0.282586
   vertex 0.624920 -0.004342 0.337191
   vertex 0.622505 -0.054765 0.337191
  endloop
 endfacet
 facet normal -0.624226 -0.482689 -0.614290
  outer loop
   vertex -0.513415 -0.323593 0.146286
   vertex -0.449136 -0.394060 0.136338
   vertex -0.449148 -0.404657 0.144677
  endloop
 endfacet
 facet normal -0.339335 -0.940665 -0.000140
  outer loop
   vertex -0.187683 -0.596026 0.556259
   vertex -0.234886 -0.578990 0.502467
   vertex -0.235160 -0.578883 0.447843
  endloop
 endfacet
 facet normal -0.832597 -0.513119 -0.208543
  outer loop
   vertex -0.497937 -0.377415 0.337188
   vertex -0.536697 -0.319961 0.350570
   vertex -0.570634 -0.185410 0.155000
  endloop
 endfacet
 facet normal -0.847711 -0.494153 -0.192872
  outer loop
   vertex -0.536697 -0.319961 0.350570
   vertex -0.565393 -0.266065 0.338609
   vertex -0.570634 -0.185410 0.155000
  endloop
 endfacet
 facet normal 0.847195 0.100398 -0.521709
  outer loop
   vertex 0.513428 -0.005258 0.094253
   vertex 0.616804 0.100730 0.282520
   vertex 0.623202 0.047084 0.282586
  endloop
 endfacet
 facet normal 0.819638 0.171503 -0.546608
  outer loop
   vertex 0.513428 -0.005258 0.094253
   vertex 0.605279 0.155440 0.282404
   vertex 0.616804 0.100730 0.282520
  endloop
 endfacet
 facet normal 0.936740 -0.195396 -0.290409
  outer loop
   vertex 0.513428 -0.005258 0.094253
   vertex 0.563508 0.173737 0.135357
   vertex 0.605279 0.155440 0.282404
  endloop
 endfacet
 facet normal 0.961896 -0.001362 -0.273412
  outer loop
   vertex 0.563508 0.173737 0.135357
   vertex 0.569191 0.244093 0.155000
   vertex 0.605279 0.155440 0.282404
  endloop
 endfacet
 facet normal 0.878530 0.471114 0.078971
  outer loop
   vertex 0.569191 0.244093 0.155000
   vertex 0.559022 0.263056 0.155000
   vertex 0.605279 0.155440 0.282404
  endloop
 endfacet
 facet normal 0.946242 0.313789 -0.078503
  outer loop
   vertex 0.559022 0.263056 0.155000
   vertex 0.573544 0.248176 0.270564
   vertex 0.605279 0.155440 0.282404
  endloop
 endfacet
 facet normal 0.890238 0.452328 -0.053627
  outer loop
   vertex 0.559022 0.263056 0.155000
   vertex 0.557444 0.282705 0.294536
   vertex 0.573544 0.248176 0.270564
  endloop
 endfacet
 facet normal 0.892635 0.447661 -0.052943
  outer loop
   vertex 0.559022 0.263056 0.155000
   vertex 0.508950 0.362294 0.149881
   vertex 0.557444 0.282705 0.294536
  endloop
 endfacet
 facet normal 0.867040 0.497958 -0.016690
  outer loop
   vertex 0.508950 0.362294 0.149881
   vertex 0.538215 0.317616 0.337191
   vertex 0.557444 0.282705 0.294536
  endloop
 endfacet
 facet normal 0.827119 0.562006 0.004824
  outer loop
   vertex 0.508950 0.362294 0.149881
   vertex 0.492269 0.385145 0.347785
   vertex 0.538215 0.317616 0.337191
  endloop
 endfacet
 facet normal 0.750311 0.660956 -0.013075
  outer loop
   vertex 0.508950 0.362294 0.149881
   vertex 0.442010 0.441989 0.337191
   vertex 0.492269 0.385145 0.347785
  endloop
 endfacet
 facet normal 0.713217 0.699636 -0.042788
  outer loop
   vertex 0.508950 0.362294 0.149881
   vertex 0.412160 0.469813 0.294589
   vertex 0.442010 0.441989 0.337191
  endloop
 endfacet
 facet normal 0.681484 0.726960 -0.084316
  outer loop
   vertex 0.508950 0.362294 0.149881
   vertex 0.386335 0.491393 0.271918
   vertex 0.412160 0.469813 0.294589
  endloop
 endfacet
 facet normal 0.651703 0.746399 -0.134802
  outer loop
   vertex 0.508950 0.362294 0.149881
   vertex 0.329315 0.531248 0.216931
   vertex 0.386335 0.491393 0.271918
  endloop
 endfacet
 facet normal 0.558907 0.741533 -0.371150
  outer loop
   vertex 0.508950 0.362294 0.149881
   vertex 0.264577 0.541102 0.139131
   vertex 0.329315 0.531248 0.216931
  endloop
 endfacet
 facet normal 0.513035 0.668807 -0.538045
  outer loop
   vertex 0.508950 0.362294 0.149881
   vertex 0.264085 0.540971 0.138499
   vertex 0.264577 0.541102 0.139131
  endloop
 endfacet
 facet normal 0.339441 0.411294 -0.845942
  outer loop
   vertex 0.508950 0.362294 0.149881
   vertex 0.305962 0.430060 0.101378
   vertex 0.264085 0.540971 0.138499
  endloop
 endfacet
 facet normal 0.334349 0.386203 -0.859685
  outer loop
   vertex 0.508950 0.362294 0.149881
   vertex 0.362980 0.370792 0.096928
   vertex 0.305962 0.430060 0.101378
  endloop
 endfacet
 facet normal -0.913442 -0.381564 -0.141538
  outer loop
   vertex -0.565393 -0.266065 0.338609
   vertex -0.588106 -0.211185 0.337244
   vertex -0.570634 -0.185410 0.155000
  endloop
 endfacet
 facet normal -0.892724 -0.426336 -0.145884
  outer loop
   vertex -0.588106 -0.211185 0.337244
   vertex -0.604494 -0.158170 0.282596
   vertex -0.570634 -0.185410 0.155000
  endloop
 endfacet
 facet normal 0.589607 -0.802636 -0.090216
  outer loop
   vertex 0.403626 -0.477018 0.323810
   vertex 0.353265 -0.515357 0.335771
   vertex 0.302093 -0.546964 0.282538
  endloop
 endfacet
 facet normal 0.800910 0.380251 -0.462550
  outer loop
   vertex 0.559022 0.263056 0.155000
   vertex 0.554953 0.257646 0.143507
   vertex 0.508950 0.362294 0.149881
  endloop
 endfacet
 facet normal 0.241878 0.388860 -0.888979
  outer loop
   vertex 0.305962 0.430060 0.101378
   vertex 0.253161 0.488551 0.112597
   vertex 0.264085 0.540971 0.138499
  endloop
 endfacet
 facet normal 0.698931 0.139391 -0.701474
  outer loop
   vertex 0.563508 0.173737 0.135357
   vertex 0.566331 0.251871 0.153696
   vertex 0.569191 0.244093 0.155000
  endloop
 endfacet
 facet normal 0.697945 0.139645 -0.702404
  outer loop
   vertex 0.563508 0.173737 0.135357
   vertex 0.566194 0.252244 0.153634
   vertex 0.566331 0.251871 0.153696
  endloop
 endfacet
 facet normal 0.903237 0.067751 -0.423759
  outer loop
   vertex 0.563508 0.173737 0.135357
   vertex 0.562558 0.254784 0.146290
   vertex 0.566194 0.252244 0.153634
  endloop
 endfacet
 facet normal -0.221629 -0.416165 -0.881866
  outer loop
   vertex -0.299582 -0.484039 0.122190
   vertex -0.249740 -0.492577 0.113693
   vertex -0.227119 -0.547424 0.133891
  endloop
 endfacet
 facet normal -0.493410 -0.336873 -0.801912
  outer loop
   vertex -0.513415 -0.323593 0.146286
   vertex -0.520574 -0.284092 0.134097
   vertex -0.449136 -0.394060 0.136338
  endloop
 endfacet
 facet normal -0.385498 -0.268419 -0.882804
  outer loop
   vertex -0.520574 -0.284092 0.134097
   vertex -0.487157 -0.285162 0.119830
   vertex -0.449136 -0.394060 0.136338
  endloop
 endfacet
 facet normal -0.366107 -0.263134 -0.892595
  outer loop
   vertex -0.487157 -0.285162 0.119830
   vertex -0.459228 -0.271028 0.104208
   vertex -0.449136 -0.394060 0.136338
  endloop
 endfacet
 facet normal -0.384407 -0.262654 -0.885011
  outer loop
   vertex -0.459228 -0.271028 0.104208
   vertex -0.426312 -0.280106 0.092605
   vertex -0.449136 -0.394060 0.136338
  endloop
 endfacet
 facet normal -0.371500 -0.266867 -0.889252
  outer loop
   vertex -0.426312 -0.280106 0.092605
   vertex -0.402039 -0.317538 0.093698
   vertex -0.449136 -0.394060 0.136338
  endloop
 endfacet
 facet normal 0.340198 0.308667 -0.888251
  outer loop
   vertex 0.508950 0.362294 0.149881
   vertex 0.405040 0.325627 0.097342
   vertex 0.362980 0.370792 0.096928
  endloop
 endfacet
 facet normal -0.332390 -0.294660 -0.895931
  outer loop
   vertex -0.402039 -0.317538 0.093698
   vertex -0.397414 -0.380608 0.112725
   vertex -0.449136 -0.394060 0.136338
  endloop
 endfacet
 facet normal 0.946894 0.319947 -0.032014
  outer loop
   vertex 0.573544 0.248176 0.270564
   vertex 0.590252 0.205258 0.335822
   vertex 0.605279 0.155440 0.282404
  endloop
 endfacet
 facet normal 0.931876 0.362778 -0.000000
  outer loop
   vertex 0.573544 0.248176 0.270564
   vertex 0.573546 0.248171 0.325175
   vertex 0.590252 0.205258 0.335822
  endloop
 endfacet
 facet normal 0.365930 0.248191 -0.896937
  outer loop
   vertex 0.508950 0.362294 0.149881
   vertex 0.461763 0.264658 0.103613
   vertex 0.405040 0.325627 0.097342
  endloop
 endfacet
 facet normal 0.387747 0.234981 -0.891312
  outer loop
   vertex 0.508950 0.362294 0.149881
   vertex 0.514926 0.272709 0.128863
   vertex 0.461763 0.264658 0.103613
  endloop
 endfacet
 facet normal 0.380900 0.263206 -0.886362
  outer loop
   vertex 0.461763 0.264658 0.103613
   vertex 0.412902 0.268939 0.083887
   vertex 0.405040 0.325627 0.097342
  endloop
 endfacet
 facet normal 0.823669 0.565966 -0.035379
  outer loop
   vertex 0.492269 0.385145 0.347785
   vertex 0.515633 0.353143 0.379786
   vertex 0.538215 0.317616 0.337191
  endloop
 endfacet
 facet normal 0.751522 0.659074 -0.028921
  outer loop
   vertex 0.442010 0.441989 0.337191
   vertex 0.470392 0.411495 0.379786
   vertex 0.492269 0.385145 0.347785
  endloop
 endfacet
 facet normal 0.999442 0.033390 0.000001
  outer loop
   vertex 0.623202 0.047084 0.282586
   vertex 0.623202 0.047082 0.337191
   vertex 0.624920 -0.004342 0.337191
  endloop
 endfacet
 facet normal 0.816609 0.086553 -0.570665
  outer loop
   vertex 0.563508 0.173737 0.135357
   vertex 0.560491 0.170613 0.130566
   vertex 0.562558 0.254784 0.146290
  endloop
 endfacet
 facet normal 0.429887 0.155588 -0.889376
  outer loop
   vertex 0.560491 0.170613 0.130566
   vertex 0.520962 0.209007 0.118176
   vertex 0.562558 0.254784 0.146290
  endloop
 endfacet
 facet normal 0.000000 0.000000 1.000000
  outer loop
   vertex -0.546688 -0.259865 0.155000
   vertex -0.532876 -0.292951 0.155000
   vertex -0.527867 -0.290197 0.155000
  endloop
 endfacet
 facet normal -0.943490 -0.269522 -0.192833
  outer loop
   vertex -0.604494 -0.158170 0.282596
   vertex -0.622262 -0.057090 0.228252
   vertex -0.570634 -0.185410 0.155000
  endloop
 endfacet
 facet normal 0.898974 -0.157681 -0.408635
  outer loop
   vertex 0.513428 -0.005258 0.094253
   vertex 0.558760 0.163961 0.128684
   vertex 0.563508 0.173737 0.135357
  endloop
 endfacet
 facet normal 0.626700 -0.148189 -0.765041
  outer loop
   vertex 0.461348 -0.223024 0.093772
   vertex 0.461025 -0.168701 0.082985
   vertex 0.513428 -0.005258 0.094253
  endloop
 endfacet
 facet normal 0.558477 0.019128 -0.829300
  outer loop
   vertex 0.513428 -0.005258 0.094253
   vertex 0.512827 0.048622 0.095091
   vertex 0.558760 0.163961 0.128684
  endloop
 endfacet
 facet normal -0.048474 -0.560395 -0.826806
  outer loop
   vertex -0.227119 -0.547424 0.133891
   vertex -0.068954 -0.486195 0.083118
   vertex -0.009166 -0.492488 0.083878
  endloop
 endfacet
 facet normal -0.073322 -0.517531 -0.852517
  outer loop
   vertex -0.227119 -0.547424 0.133891
   vertex -0.125657 -0.491745 0.091364
   vertex -0.068954 -0.486195 0.083118
  endloop
 endfacet
 facet normal 0.554858 -0.121154 -0.823076
  outer loop
   vertex 0.461025 -0.168701 0.082985
   vertex 0.461265 -0.114924 0.075231
   vertex 0.513428 -0.005258 0.094253
  endloop
 endfacet
 facet normal 0.146125 -0.507881 -0.848943
  outer loop
   vertex 0.033546 -0.439691 0.058057
   vertex 0.135267 -0.375317 0.037054
   vertex 0.201065 -0.388777 0.056432
  endloop
 endfacet
 facet normal 0.487058 -0.080831 -0.869621
  outer loop
   vertex 0.461265 -0.114924 0.075231
   vertex 0.461244 -0.059397 0.070058
   vertex 0.513428 -0.005258 0.094253
  endloop
 endfacet
 facet normal 0.469935 0.069152 -0.879988
  outer loop
   vertex 0.512827 0.048622 0.095091
   vertex 0.507171 0.105994 0.096579
   vertex 0.558760 0.163961 0.128684
  endloop
 endfacet
 facet normal 0.574896 0.720883 -0.387069
  outer loop
   vertex 0.264577 0.541102 0.139131
   vertex 0.264092 0.541543 0.139232
   vertex 0.329315 0.531248 0.216931
  endloop
 endfacet
 facet normal 0.658635 0.583081 -0.475622
  outer loop
   vertex 0.264092 0.541543 0.139232
   vertex 0.241214 0.576625 0.150559
   vertex 0.329315 0.531248 0.216931
  endloop
 endfacet
 facet normal 0.455814 0.890068 0.003480
  outer loop
   vertex 0.241214 0.576625 0.150559
   vertex 0.236020 0.578774 0.281239
   vertex 0.329315 0.531248 0.216931
  endloop
 endfacet
 facet normal 0.089579 -0.434025 -0.896436
  outer loop
   vertex 0.033546 -0.439691 0.058057
   vertex 0.021530 -0.382642 0.029235
   vertex 0.135267 -0.375317 0.037054
  endloop
 endfacet
 facet normal -0.185735 -0.420980 0.887851
  outer loop
   vertex -0.075025 0.541309 0.110746
   vertex -0.013798 0.607628 0.155000
   vertex -0.069667 0.588646 0.134312
  endloop
 endfacet
 facet normal -0.045839 -0.524850 0.849959
  outer loop
   vertex -0.075025 0.541309 0.110746
   vertex 0.037944 0.603109 0.155000
   vertex -0.013798 0.607628 0.155000
  endloop
 endfacet
 facet normal -0.037143 -0.536033 0.843379
  outer loop
   vertex -0.075025 0.541309 0.110746
   vertex 0.144754 0.595541 0.154894
   vertex 0.037944 0.603109 0.155000
  endloop
 endfacet
 facet normal -0.000923 -0.027029 0.999634
  outer loop
   vertex 0.144754 0.595541 0.154894
   vertex 0.114550 0.600493 0.155000
   vertex 0.037944 0.603109 0.155000
  endloop
 endfacet
 facet normal 0.000000 0.000000 1.000000
  outer loop
   vertex 0.114550 0.600493 0.155000
   vertex 0.109592 0.601444 0.155000
   vertex 0.037944 0.603109 0.155000
  endloop
 endfacet
 facet normal -0.000000 0.000000 1.000000
  outer loop
   vertex 0.109592 0.601444 0.155000
   vertex 0.072793 0.603228 0.155000
   vertex 0.037944 0.603109 0.155000
  endloop
 endfacet
 facet normal -0.000000 0.000000 1.000000
  outer loop
   vertex 0.109592 0.601444 0.155000
   vertex 0.095184 0.604207 0.155000
   vertex 0.072793 0.603228 0.155000
  endloop
 endfacet
 facet normal 0.000000 0.000000 1.000000
  outer loop
   vertex 0.095184 0.604207 0.155000
   vertex 0.076284 0.603859 0.155000
   vertex 0.072793 0.603228 0.155000
  endloop
 endfacet
 facet normal -0.000000 0.000000 1.000000
  outer loop
   vertex 0.072793 0.603228 0.155000
   vertex 0.068227 0.603711 0.155000
   vertex 0.037944 0.603109 0.155000
  endloop
 endfacet
 facet normal -0.000000 0.000000 1.000000
  outer loop
   vertex 0.068227 0.603711 0.155000
   vertex 0.042595 0.606423 0.155000
   vertex 0.037944 0.603109 0.155000
  endloop
 endfacet
 facet normal -0.000000 0.000000 1.000000
  outer loop
   vertex 0.042595 0.606423 0.155000
   vertex 0.038160 0.606541 0.155000
   vertex 0.037944 0.603109 0.155000
  endloop
 endfacet
 facet normal -0.124888 0.879675 -0.458883
  outer loop
   vertex -0.075025 0.541309 0.110746
   vertex 0.144752 0.595596 0.155000
   vertex 0.144754 0.595541 0.154894
  endloop
 endfacet
 facet normal 0.000000 -0.000000 1.000000
  outer loop
   vertex 0.076284 0.603859 0.155000
   vertex 0.072622 0.603792 0.155000
   vertex 0.072793 0.603228 0.155000
  endloop
 endfacet
 facet normal 0.000000 0.000000 1.000000
  outer loop
   vertex 0.037944 0.603109 0.155000
   vertex 0.000000 0.606960 0.155000
   vertex -0.013798 0.607628 0.155000
  endloop
 endfacet
 facet normal -0.159371 0.925433 -0.343765
  outer loop
   vertex -0.075025 0.541309 0.110746
   vertex 0.034642 0.624034 0.282604
   vertex 0.144752 0.595596 0.155000
  endloop
 endfacet
 facet normal -0.260911 0.924335 -0.278441
  outer loop
   vertex -0.075025 0.541309 0.110746
   vertex -0.021278 0.624693 0.337191
   vertex 0.034642 0.624034 0.282604
  endloop
 endfacet
 facet normal -0.074716 0.941398 -0.328918
  outer loop
   vertex -0.075025 0.541309 0.110746
   vertex -0.077321 0.620245 0.337191
   vertex -0.021278 0.624693 0.337191
  endloop
 endfacet
 facet normal -0.158743 0.931799 -0.326423
  outer loop
   vertex -0.075025 0.541309 0.110746
   vertex -0.131212 0.611064 0.337191
   vertex -0.077321 0.620245 0.337191
  endloop
 endfacet
 facet normal -0.128905 0.938262 -0.321011
  outer loop
   vertex -0.075025 0.541309 0.110746
   vertex -0.239171 0.577536 0.282546
   vertex -0.131212 0.611064 0.337191
  endloop
 endfacet
 facet normal -0.443137 0.692399 -0.569398
  outer loop
   vertex -0.075025 0.541309 0.110746
   vertex -0.196126 0.435469 0.076290
   vertex -0.239171 0.577536 0.282546
  endloop
 endfacet
 facet normal -0.215655 0.782563 -0.584028
  outer loop
   vertex -0.196126 0.435469 0.076290
   vertex -0.245474 0.427650 0.084035
   vertex -0.239171 0.577536 0.282546
  endloop
 endfacet
 facet normal 0.064735 0.795397 -0.602621
  outer loop
   vertex -0.245474 0.427650 0.084035
   vertex -0.293225 0.447383 0.104951
   vertex -0.239171 0.577536 0.282546
  endloop
 endfacet
 facet normal 0.040379 0.800028 -0.598602
  outer loop
   vertex -0.293225 0.447383 0.104951
   vertex -0.373399 0.478552 0.141200
   vertex -0.239171 0.577536 0.282546
  endloop
 endfacet
 facet normal 0.098565 0.985974 -0.134684
  outer loop
   vertex 0.034642 0.624034 0.282604
   vertex 0.089800 0.618520 0.282604
   vertex 0.144752 0.595596 0.155000
  endloop
 endfacet
 facet normal -0.039105 0.448865 -0.892744
  outer loop
   vertex -0.069667 0.588646 0.134312
   vertex -0.059872 0.589195 0.134159
   vertex -0.075025 0.541309 0.110746
  endloop
 endfacet
 facet normal -0.039172 0.448881 -0.892733
  outer loop
   vertex -0.059872 0.589195 0.134159
   vertex -0.032105 0.590753 0.133724
   vertex -0.075025 0.541309 0.110746
  endloop
 endfacet
 facet normal -0.039266 0.448945 -0.892696
  outer loop
   vertex -0.032105 0.590753 0.133724
   vertex -0.028739 0.590942 0.133671
   vertex -0.075025 0.541309 0.110746
  endloop
 endfacet
 facet normal -0.046489 0.454273 -0.889648
  outer loop
   vertex -0.028739 0.590942 0.133671
   vertex -0.026726 0.562481 0.119033
   vertex -0.075025 0.541309 0.110746
  endloop
 endfacet
 facet normal 0.268196 0.961661 -0.057265
  outer loop
   vertex 0.089800 0.618520 0.282604
   vertex 0.146864 0.595007 0.155000
   vertex 0.144752 0.595596 0.155000
  endloop
 endfacet
 facet normal 0.268117 0.961681 -0.057304
  outer loop
   vertex 0.089800 0.618520 0.282604
   vertex 0.152377 0.593470 0.155000
   vertex 0.146864 0.595007 0.155000
  endloop
 endfacet
 facet normal 0.000000 0.000000 1.000000
  outer loop
   vertex 0.000000 0.606960 0.155000
   vertex 0.000000 0.607414 0.155000
   vertex -0.013798 0.607628 0.155000
  endloop
 endfacet
 facet normal -0.029725 0.455505 -0.889737
  outer loop
   vertex -0.028739 0.590942 0.133671
   vertex -0.007962 0.592376 0.133711
   vertex -0.026726 0.562481 0.119033
  endloop
 endfacet
 facet normal 0.142329 0.877898 -0.457206
  outer loop
   vertex 0.144754 0.595541 0.154894
   vertex 0.100780 0.595740 0.141587
   vertex 0.114550 0.600493 0.155000
  endloop
 endfacet
 facet normal 0.947957 -0.301747 -0.101621
  outer loop
   vertex 0.616055 -0.104700 0.337191
   vertex 0.586822 -0.214928 0.391799
   vertex 0.563340 -0.270326 0.337246
  endloop
 endfacet
 facet normal 0.951047 -0.296089 -0.088545
  outer loop
   vertex 0.616055 -0.104700 0.337191
   vertex 0.604588 -0.157863 0.391799
   vertex 0.586822 -0.214928 0.391799
  endloop
 endfacet
 facet normal -0.128926 -0.442781 -0.887312
  outer loop
   vertex -0.227119 -0.547424 0.133891
   vertex -0.186141 -0.501696 0.105118
   vertex -0.125657 -0.491745 0.091364
  endloop
 endfacet
 facet normal -0.955387 -0.295357 -0.000027
  outer loop
   vertex -0.588106 -0.211185 0.337244
   vertex -0.604489 -0.158191 0.337191
   vertex -0.604494 -0.158170 0.282596
  endloop
 endfacet
 facet normal 0.977519 -0.210847 0.000000
  outer loop
   vertex 0.616055 -0.104700 0.337191
   vertex 0.616055 -0.104700 0.391800
   vertex 0.604588 -0.157863 0.391799
  endloop
 endfacet
 facet normal -0.000000 0.000000 1.000000
  outer loop
   vertex 0.037944 0.603109 0.155000
   vertex 0.012872 0.607214 0.155000
   vertex 0.000000 0.606960 0.155000
  endloop
 endfacet
 facet normal -0.000000 0.000000 1.000000
  outer loop
   vertex 0.012872 0.607214 0.155000
   vertex 0.000000 0.607414 0.155000
   vertex 0.000000 0.606960 0.155000
  endloop
 endfacet
 facet normal -0.168958 0.875522 -0.452675
  outer loop
   vertex -0.373399 0.478552 0.141200
   vertex -0.395408 0.477576 0.147527
   vertex -0.239171 0.577536 0.282546
  endloop
 endfacet
 facet normal -0.436546 0.886848 -0.151420
  outer loop
   vertex -0.395408 0.477576 0.147527
   vertex -0.396192 0.478466 0.155000
   vertex -0.239171 0.577536 0.282546
  endloop
 endfacet
 facet normal -0.422722 0.890002 -0.170889
  outer loop
   vertex -0.396192 0.478466 0.155000
   vertex -0.294410 0.551286 0.282477
   vertex -0.239171 0.577536 0.282546
  endloop
 endfacet
 facet normal -0.054333 0.804514 -0.591443
  outer loop
   vertex -0.013798 0.607628 0.155000
   vertex -0.059872 0.589195 0.134159
   vertex -0.069667 0.588646 0.134312
  endloop
 endfacet
 facet normal -0.251566 0.963263 -0.094017
  outer loop
   vertex -0.239171 0.577536 0.282546
   vertex -0.184317 0.597195 0.337190
   vertex -0.131212 0.611064 0.337191
  endloop
 endfacet
 facet normal 0.174362 0.978888 -0.106659
  outer loop
   vertex 0.089800 0.618520 0.282604
   vertex 0.197818 0.584471 0.146695
   vertex 0.152377 0.593470 0.155000
  endloop
 endfacet
 facet normal 0.344533 0.937970 0.038841
  outer loop
   vertex 0.089800 0.618520 0.282604
   vertex 0.198830 0.584100 0.146677
   vertex 0.197818 0.584471 0.146695
  endloop
 endfacet
 facet normal 0.177413 0.978469 -0.105465
  outer loop
   vertex 0.089800 0.618520 0.282604
   vertex 0.240408 0.576979 0.150553
   vertex 0.198830 0.584100 0.146677
  endloop
 endfacet
 facet normal 0.174088 0.978644 -0.109313
  outer loop
   vertex 0.089800 0.618520 0.282604
   vertex 0.240481 0.576967 0.150562
   vertex 0.240408 0.576979 0.150553
  endloop
 endfacet
 facet normal 0.262265 0.964986 -0.004391
  outer loop
   vertex 0.089800 0.618520 0.282604
   vertex 0.236020 0.578774 0.281239
   vertex 0.240481 0.576967 0.150562
  endloop
 endfacet
 facet normal 0.260849 0.962279 -0.077307
  outer loop
   vertex 0.089800 0.618520 0.282604
   vertex 0.143071 0.608465 0.337191
   vertex 0.236020 0.578774 0.281239
  endloop
 endfacet
 facet normal 0.267565 0.961302 -0.065630
  outer loop
   vertex 0.143071 0.608465 0.337191
   vertex 0.193015 0.594560 0.337136
   vertex 0.236020 0.578774 0.281239
  endloop
 endfacet
 facet normal -0.162224 0.468359 -0.868518
  outer loop
   vertex -0.075025 0.541309 0.110746
   vertex -0.141937 0.440501 0.068882
   vertex -0.196126 0.435469 0.076290
  endloop
 endfacet
 facet normal 0.403171 0.915124 0.001109
  outer loop
   vertex 0.236020 0.578774 0.281239
   vertex 0.241196 0.576652 0.150567
   vertex 0.240481 0.576967 0.150562
  endloop
 endfacet
 facet normal 0.835097 0.549573 0.024154
  outer loop
   vertex 0.236020 0.578774 0.281239
   vertex 0.241214 0.576625 0.150559
   vertex 0.241196 0.576652 0.150567
  endloop
 endfacet
 facet normal -0.511017 0.855762 -0.080832
  outer loop
   vertex -0.396192 0.478466 0.155000
   vertex -0.347449 0.519624 0.282585
   vertex -0.294410 0.551286 0.282477
  endloop
 endfacet
 facet normal 0.434664 0.899932 -0.034492
  outer loop
   vertex 0.236020 0.578774 0.281239
   vertex 0.299485 0.548580 0.293226
   vertex 0.329315 0.531248 0.216931
  endloop
 endfacet
 facet normal 0.502366 0.864655 -0.000008
  outer loop
   vertex 0.299485 0.548580 0.293226
   vertex 0.329395 0.531202 0.271868
   vertex 0.329315 0.531248 0.216931
  endloop
 endfacet
 facet normal -0.054409 0.804586 -0.591338
  outer loop
   vertex -0.013798 0.607628 0.155000
   vertex -0.032105 0.590753 0.133724
   vertex -0.059872 0.589195 0.134159
  endloop
 endfacet
 facet normal -0.093199 0.433991 -0.896084
  outer loop
   vertex -0.075025 0.541309 0.110746
   vertex -0.060021 0.492489 0.085541
   vertex -0.141937 0.440501 0.068882
  endloop
 endfacet
 facet normal -0.107976 0.453607 -0.884637
  outer loop
   vertex -0.060021 0.492489 0.085541
   vertex -0.079354 0.442043 0.062034
   vertex -0.141937 0.440501 0.068882
  endloop
 endfacet
 facet normal -0.598634 0.800478 -0.029524
  outer loop
   vertex -0.396192 0.478466 0.155000
   vertex -0.397678 0.482111 0.283955
   vertex -0.347449 0.519624 0.282585
  endloop
 endfacet
 facet normal -0.650085 0.759310 -0.028953
  outer loop
   vertex -0.396192 0.478466 0.155000
   vertex -0.418403 0.459450 0.155000
   vertex -0.397678 0.482111 0.283955
  endloop
 endfacet
 facet normal -0.650113 0.759286 -0.028945
  outer loop
   vertex -0.418403 0.459450 0.155000
   vertex -0.425636 0.453257 0.155000
   vertex -0.397678 0.482111 0.283955
  endloop
 endfacet
 facet normal -0.650066 0.759325 -0.028964
  outer loop
   vertex -0.425636 0.453257 0.155000
   vertex -0.438500 0.442244 0.155000
   vertex -0.397678 0.482111 0.283955
  endloop
 endfacet
 facet normal -0.670921 0.741339 -0.016801
  outer loop
   vertex -0.438500 0.442244 0.155000
   vertex -0.437552 0.446267 0.294654
   vertex -0.397678 0.482111 0.283955
  endloop
 endfacet
 facet normal -0.715659 0.698284 -0.015258
  outer loop
   vertex -0.438500 0.442244 0.155000
   vertex -0.464079 0.418584 0.271955
   vertex -0.437552 0.446267 0.294654
  endloop
 endfacet
 facet normal -0.679204 0.733950 -0.000069
  outer loop
   vertex -0.438500 0.442244 0.155000
   vertex -0.447107 0.434279 0.155000
   vertex -0.464079 0.418584 0.271955
  endloop
 endfacet
 facet normal -0.750899 0.660103 -0.020383
  outer loop
   vertex -0.447107 0.434279 0.155000
   vertex -0.489570 0.388564 0.238834
   vertex -0.464079 0.418584 0.271955
  endloop
 endfacet
 facet normal -0.747569 0.663977 -0.016584
  outer loop
   vertex -0.447107 0.434279 0.155000
   vertex -0.463573 0.415598 0.149316
   vertex -0.489570 0.388564 0.238834
  endloop
 endfacet
 facet normal 0.344581 0.938756 -0.000010
  outer loop
   vertex 0.193015 0.594560 0.337136
   vertex 0.236016 0.578776 0.335825
   vertex 0.236020 0.578774 0.281239
  endloop
 endfacet
 facet normal 0.011784 0.999931 -0.000000
  outer loop
   vertex -0.021278 0.624693 0.337191
   vertex 0.034642 0.624034 0.337191
   vertex 0.034642 0.624034 0.282604
  endloop
 endfacet
 facet normal -0.778428 0.626653 -0.036818
  outer loop
   vertex -0.463573 0.415598 0.149316
   vertex -0.506233 0.366213 0.210712
   vertex -0.489570 0.388564 0.238834
  endloop
 endfacet
 facet normal -0.265264 0.358571 -0.895020
  outer loop
   vertex -0.293225 0.447383 0.104951
   vertex -0.347122 0.419904 0.109916
   vertex -0.373399 0.478552 0.141200
  endloop
 endfacet
 facet normal 0.433399 0.900841 -0.025499
  outer loop
   vertex 0.236020 0.578774 0.281239
   vertex 0.267924 0.564667 0.325123
   vertex 0.299485 0.548580 0.293226
  endloop
 endfacet
 facet normal -0.054417 0.804589 -0.591333
  outer loop
   vertex -0.013798 0.607628 0.155000
   vertex -0.008269 0.593178 0.134830
   vertex -0.032105 0.590753 0.133724
  endloop
 endfacet
 facet normal -0.642326 0.750233 -0.156739
  outer loop
   vertex -0.395408 0.477576 0.147527
   vertex -0.445723 0.435161 0.150701
   vertex -0.396192 0.478466 0.155000
  endloop
 endfacet
 facet normal -0.642332 0.750248 -0.156643
  outer loop
   vertex -0.395408 0.477576 0.147527
   vertex -0.446283 0.434612 0.150368
   vertex -0.445723 0.435161 0.150701
  endloop
 endfacet
 facet normal -0.642331 0.750245 -0.156663
  outer loop
   vertex -0.395408 0.477576 0.147527
   vertex -0.448524 0.432415 0.149035
   vertex -0.446283 0.434612 0.150368
  endloop
 endfacet
 facet normal -0.786360 0.615645 -0.051183
  outer loop
   vertex -0.463573 0.415598 0.149316
   vertex -0.511769 0.358667 0.205000
   vertex -0.506233 0.366213 0.210712
  endloop
 endfacet
 facet normal 0.106055 0.908521 -0.404157
  outer loop
   vertex 0.197818 0.584471 0.146695
   vertex 0.146789 0.588196 0.141678
   vertex 0.152377 0.593470 0.155000
  endloop
 endfacet
 facet normal -0.295591 0.343138 -0.891562
  outer loop
   vertex -0.347122 0.419904 0.109916
   vertex -0.400842 0.421602 0.128380
   vertex -0.373399 0.478552 0.141200
  endloop
 endfacet
 facet normal 0.240782 0.863635 -0.442899
  outer loop
   vertex 0.146789 0.588196 0.141678
   vertex 0.144991 0.588766 0.141812
   vertex 0.152377 0.593470 0.155000
  endloop
 endfacet
 facet normal 0.572989 0.819563 -0.000149
  outer loop
   vertex 0.329395 0.531202 0.271868
   vertex 0.386335 0.491393 0.271918
   vertex 0.329315 0.531248 0.216931
  endloop
 endfacet
 facet normal -0.834437 0.515308 -0.195380
  outer loop
   vertex -0.463573 0.415598 0.149316
   vertex -0.583257 0.223949 0.155000
   vertex -0.511769 0.358667 0.205000
  endloop
 endfacet
 facet normal 0.572523 0.818844 -0.041389
  outer loop
   vertex 0.329395 0.531202 0.271868
   vertex 0.359964 0.510911 0.293281
   vertex 0.386335 0.491393 0.271918
  endloop
 endfacet
 facet normal -0.951132 0.308698 -0.007237
  outer loop
   vertex -0.588437 0.210072 0.150557
   vertex -0.588333 0.210410 0.151305
   vertex -0.588297 0.210504 0.150583
  endloop
 endfacet
 facet normal -0.951248 0.308347 -0.007062
  outer loop
   vertex -0.588437 0.210072 0.150557
   vertex -0.588517 0.209927 0.155000
   vertex -0.588333 0.210410 0.151305
  endloop
 endfacet
 facet normal -0.951094 0.308820 -0.007044
  outer loop
   vertex -0.588437 0.210072 0.150557
   vertex -0.601555 0.169659 0.150000
   vertex -0.588517 0.209927 0.155000
  endloop
 endfacet
 facet normal -0.826018 0.202116 0.526159
  outer loop
   vertex -0.601555 0.169659 0.150000
   vertex -0.598816 0.037674 0.205000
   vertex -0.588517 0.209927 0.155000
  endloop
 endfacet
 facet normal -0.913682 0.140033 0.381544
  outer loop
   vertex -0.601555 0.169659 0.150000
   vertex -0.604590 0.000000 0.205000
   vertex -0.598816 0.037674 0.205000
  endloop
 endfacet
 facet normal -0.999498 0.024418 0.020169
  outer loop
   vertex -0.601555 0.169659 0.150000
   vertex -0.607619 -0.082686 0.155000
   vertex -0.604590 0.000000 0.205000
  endloop
 endfacet
 facet normal -0.385025 -0.009033 -0.922862
  outer loop
   vertex -0.601555 0.169659 0.150000
   vertex -0.606843 -0.115761 0.155000
   vertex -0.607619 -0.082686 0.155000
  endloop
 endfacet
 facet normal -0.139595 -0.014758 -0.990099
  outer loop
   vertex -0.601555 0.169659 0.150000
   vertex -0.601592 -0.165429 0.155000
   vertex -0.606843 -0.115761 0.155000
  endloop
 endfacet
 facet normal -0.108733 -0.014819 -0.993961
  outer loop
   vertex -0.601555 0.169659 0.150000
   vertex -0.601281 -0.167711 0.155000
   vertex -0.601592 -0.165429 0.155000
  endloop
 endfacet
 facet normal -0.108668 0.517296 -0.848879
  outer loop
   vertex -0.607619 -0.082686 0.155000
   vertex -0.624907 -0.004268 0.205000
   vertex -0.604590 0.000000 0.205000
  endloop
 endfacet
 facet normal -0.140368 -0.268255 -0.953067
  outer loop
   vertex -0.598816 0.037674 0.205000
   vertex -0.622888 0.050270 0.205000
   vertex -0.588517 0.209927 0.155000
  endloop
 endfacet
 facet normal -0.976717 0.168805 -0.132396
  outer loop
   vertex -0.622888 0.050270 0.205000
   vertex -0.617924 0.092451 0.222160
   vertex -0.588517 0.209927 0.155000
  endloop
 endfacet
 facet normal -0.976757 0.199074 -0.079468
  outer loop
   vertex -0.617924 0.092451 0.222160
   vertex -0.606709 0.149904 0.228239
   vertex -0.588517 0.209927 0.155000
  endloop
 endfacet
 facet normal -0.934864 0.350690 0.055195
  outer loop
   vertex -0.606709 0.149904 0.228239
   vertex -0.583257 0.223949 0.155000
   vertex -0.588517 0.209927 0.155000
  endloop
 endfacet
 facet normal -0.900770 0.414262 0.130384
  outer loop
   vertex -0.606709 0.149904 0.228239
   vertex -0.517917 0.349313 0.208095
   vertex -0.583257 0.223949 0.155000
  endloop
 endfacet
 facet normal -0.848301 0.506932 -0.152989
  outer loop
   vertex -0.517917 0.349313 0.208095
   vertex -0.511769 0.358667 0.205000
   vertex -0.583257 0.223949 0.155000
  endloop
 endfacet
 facet normal 0.000000 0.000000 -1.000000
  outer loop
   vertex -0.598816 0.037674 0.205000
   vertex -0.622848 0.050249 0.205000
   vertex -0.622888 0.050270 0.205000
  endloop
 endfacet
 facet normal -0.754565 -0.462918 0.465122
  outer loop
   vertex -0.607619 -0.082686 0.155000
   vertex -0.589372 -0.112429 0.155000
   vertex -0.624907 -0.004268 0.205000
  endloop
 endfacet
 facet normal -0.952788 -0.212988 -0.216407
  outer loop
   vertex -0.589372 -0.112429 0.155000
   vertex -0.581149 -0.149214 0.155000
   vertex -0.624907 -0.004268 0.205000
  endloop
 endfacet
 facet normal -0.936814 -0.179171 -0.300460
  outer loop
   vertex -0.581149 -0.149214 0.155000
   vertex -0.622262 -0.057090 0.228252
   vertex -0.624907 -0.004268 0.205000
  endloop
 endfacet
 facet normal -0.943744 -0.274159 -0.184890
  outer loop
   vertex -0.581149 -0.149214 0.155000
   vertex -0.570634 -0.185410 0.155000
   vertex -0.622262 -0.057090 0.228252
  endloop
 endfacet
 facet normal -0.971079 -0.004327 -0.238721
  outer loop
   vertex -0.601555 0.169659 0.150000
   vertex -0.599792 -0.166439 0.148920
   vertex -0.601281 -0.167711 0.155000
  endloop
 endfacet
 facet normal -0.598949 -0.000569 -0.800787
  outer loop
   vertex -0.601555 0.169659 0.150000
   vertex -0.556580 0.037206 0.116455
   vertex -0.599792 -0.166439 0.148920
  endloop
 endfacet
 facet normal 0.000000 0.000000 1.000000
  outer loop
   vertex -0.601592 -0.165429 0.155000
   vertex -0.603989 -0.122597 0.155000
   vertex -0.606843 -0.115761 0.155000
  endloop
 endfacet
 facet normal -0.843031 0.522709 -0.126787
  outer loop
   vertex -0.463573 0.415598 0.149316
   vertex -0.583524 0.222530 0.150925
   vertex -0.583257 0.223949 0.155000
  endloop
 endfacet
 facet normal -0.446062 0.270022 -0.853298
  outer loop
   vertex -0.463573 0.415598 0.149316
   vertex -0.457457 0.366285 0.130514
   vertex -0.583524 0.222530 0.150925
  endloop
 endfacet
 facet normal -0.461447 0.285402 -0.840007
  outer loop
   vertex -0.457457 0.366285 0.130514
   vertex -0.477510 0.306720 0.121292
   vertex -0.583524 0.222530 0.150925
  endloop
 endfacet
 facet normal -0.455842 0.276190 -0.846125
  outer loop
   vertex -0.477510 0.306720 0.121292
   vertex -0.516199 0.256403 0.125711
   vertex -0.583524 0.222530 0.150925
  endloop
 endfacet
 facet normal -0.910602 0.392350 -0.129866
  outer loop
   vertex -0.606709 0.149904 0.228239
   vertex -0.529374 0.332035 0.236230
   vertex -0.517917 0.349313 0.208095
  endloop
 endfacet
 facet normal -0.874131 0.384203 -0.297125
  outer loop
   vertex -0.606709 0.149904 0.228239
   vertex -0.531924 0.328186 0.238755
   vertex -0.529374 0.332035 0.236230
  endloop
 endfacet
 facet normal -0.974014 -0.212843 -0.077431
  outer loop
   vertex -0.604494 -0.158170 0.282596
   vertex -0.615427 -0.108140 0.282601
   vertex -0.622262 -0.057090 0.228252
  endloop
 endfacet
 facet normal -0.748767 0.662770 -0.009144
  outer loop
   vertex -0.447107 0.434279 0.155000
   vertex -0.449547 0.431458 0.150333
   vertex -0.463573 0.415598 0.149316
  endloop
 endfacet
 facet normal -0.912948 0.390037 -0.119991
  outer loop
   vertex -0.606709 0.149904 0.228239
   vertex -0.590421 0.204733 0.282537
   vertex -0.531924 0.328186 0.238755
  endloop
 endfacet
 facet normal -0.903637 0.428298 0.000334
  outer loop
   vertex -0.590421 0.204733 0.282537
   vertex -0.531847 0.328306 0.293233
   vertex -0.531924 0.328186 0.238755
  endloop
 endfacet
 facet normal -0.897865 0.432651 -0.081562
  outer loop
   vertex -0.590421 0.204733 0.282537
   vertex -0.549675 0.297320 0.325123
   vertex -0.531847 0.328306 0.293233
  endloop
 endfacet
 facet normal -0.901147 0.428073 -0.068470
  outer loop
   vertex -0.590421 0.204733 0.282537
   vertex -0.570001 0.256243 0.335825
   vertex -0.549675 0.297320 0.325123
  endloop
 endfacet
 facet normal -0.956342 -0.130483 -0.261505
  outer loop
   vertex -0.599792 -0.166439 0.148920
   vertex -0.600704 -0.169619 0.153842
   vertex -0.601281 -0.167711 0.155000
  endloop
 endfacet
 facet normal -0.483361 -0.036870 -0.874645
  outer loop
   vertex -0.556580 0.037206 0.116455
   vertex -0.500256 -0.059551 0.089407
   vertex -0.599792 -0.166439 0.148920
  endloop
 endfacet
 facet normal -0.472116 -0.028526 -0.881075
  outer loop
   vertex -0.556580 0.037206 0.116455
   vertex -0.500913 -0.005220 0.088000
   vertex -0.500256 -0.059551 0.089407
  endloop
 endfacet
 facet normal -0.449449 -0.076989 -0.889982
  outer loop
   vertex -0.500256 -0.059551 0.089407
   vertex -0.499097 -0.114198 0.093549
   vertex -0.599792 -0.166439 0.148920
  endloop
 endfacet
 facet normal -0.430091 -0.119457 -0.894847
  outer loop
   vertex -0.499097 -0.114198 0.093549
   vertex -0.549465 -0.175059 0.125882
   vertex -0.599792 -0.166439 0.148920
  endloop
 endfacet
 facet normal -0.474781 0.339129 -0.812142
  outer loop
   vertex -0.516199 0.256403 0.125711
   vertex -0.586426 0.216252 0.150000
   vertex -0.583524 0.222530 0.150925
  endloop
 endfacet
 facet normal -0.412020 0.180351 -0.893148
  outer loop
   vertex -0.516199 0.256403 0.125711
   vertex -0.562542 0.210641 0.137849
   vertex -0.586426 0.216252 0.150000
  endloop
 endfacet
 facet normal 0.000000 0.000000 1.000000
  outer loop
   vertex -0.601592 -0.165429 0.155000
   vertex -0.591743 -0.151934 0.155000
   vertex -0.603989 -0.122597 0.155000
  endloop
 endfacet
 facet normal -0.431288 -0.118245 -0.894432
  outer loop
   vertex -0.499097 -0.114198 0.093549
   vertex -0.505309 -0.162243 0.102896
   vertex -0.549465 -0.175059 0.125882
  endloop
 endfacet
 facet normal -0.444982 0.074914 -0.892401
  outer loop
   vertex -0.601555 0.169659 0.150000
   vertex -0.552273 0.152609 0.123995
   vertex -0.556580 0.037206 0.116455
  endloop
 endfacet
 facet normal -0.993181 0.116582 0.000737
  outer loop
   vertex -0.622888 0.050270 0.205000
   vertex -0.623114 0.048345 0.205000
   vertex -0.617924 0.092451 0.222160
  endloop
 endfacet
 facet normal -0.457524 0.074965 -0.886032
  outer loop
   vertex -0.552273 0.152609 0.123995
   vertex -0.498632 0.103285 0.092123
   vertex -0.556580 0.037206 0.116455
  endloop
 endfacet
 facet normal -0.450244 0.066977 -0.890390
  outer loop
   vertex -0.498632 0.103285 0.092123
   vertex -0.500450 0.048882 0.088950
   vertex -0.556580 0.037206 0.116455
  endloop
 endfacet
 facet normal -0.432000 -0.141804 -0.890656
  outer loop
   vertex -0.549465 -0.175059 0.125882
   vertex -0.566749 -0.214080 0.140478
   vertex -0.599792 -0.166439 0.148920
  endloop
 endfacet
 facet normal 0.000000 -0.000000 -1.000000
  outer loop
   vertex -0.604590 0.000000 0.205000
   vertex -0.613337 0.005944 0.205000
   vertex -0.598816 0.037674 0.205000
  endloop
 endfacet
 facet normal 0.000000 0.000000 1.000000
  outer loop
   vertex -0.607619 -0.082686 0.155000
   vertex -0.596426 -0.113774 0.155000
   vertex -0.589372 -0.112429 0.155000
  endloop
 endfacet
 facet normal -0.347519 0.296118 -0.889688
  outer loop
   vertex -0.463573 0.415598 0.149316
   vertex -0.448524 0.432415 0.149035
   vertex -0.457457 0.366285 0.130514
  endloop
 endfacet
 facet normal -0.998733 -0.050319 -0.000700
  outer loop
   vertex -0.622262 -0.057090 0.228252
   vertex -0.624897 -0.004790 0.228234
   vertex -0.624907 -0.004268 0.205000
  endloop
 endfacet
 facet normal -0.981308 0.192312 -0.007164
  outer loop
   vertex -0.617924 0.092451 0.222160
   vertex -0.617274 0.098019 0.282591
   vertex -0.606709 0.149904 0.228239
  endloop
 endfacet
 facet normal -0.979942 0.199282 -0.000245
  outer loop
   vertex -0.617274 0.098019 0.282591
   vertex -0.606771 0.149666 0.282591
   vertex -0.606709 0.149904 0.228239
  endloop
 endfacet
 facet normal -0.991156 -0.132705 -0.000001
  outer loop
   vertex -0.615427 -0.108140 0.282601
   vertex -0.622265 -0.057068 0.282598
   vertex -0.622262 -0.057090 0.228252
  endloop
 endfacet
 facet normal 0.000000 0.000000 1.000000
  outer loop
   vertex -0.606843 -0.115761 0.155000
   vertex -0.603617 -0.115146 0.155000
   vertex -0.607619 -0.082686 0.155000
  endloop
 endfacet
 facet normal -0.000000 0.000000 -1.000000
  outer loop
   vertex -0.624907 -0.004268 0.205000
   vertex -0.624736 0.000000 0.205000
   vertex -0.604590 0.000000 0.205000
  endloop
 endfacet
 facet normal -0.000000 0.000000 -1.000000
  outer loop
   vertex -0.624907 -0.004268 0.205000
   vertex -0.624765 0.000000 0.205000
   vertex -0.624736 0.000000 0.205000
  endloop
 endfacet
 facet normal 0.000000 -0.000000 -1.000000
  outer loop
   vertex -0.613337 0.005944 0.205000
   vertex -0.624292 0.013390 0.205000
   vertex -0.598816 0.037674 0.205000
  endloop
 endfacet
 facet normal -0.000000 0.000000 -1.000000
  outer loop
   vertex -0.624292 0.013390 0.205000
   vertex -0.623463 0.038403 0.205000
   vertex -0.598816 0.037674 0.205000
  endloop
 endfacet
 facet normal -0.805291 0.592874 -0.002753
  outer loop
   vertex -0.511769 0.358667 0.205000
   vertex -0.510815 0.360022 0.217762
   vertex -0.506233 0.366213 0.210712
  endloop
 endfacet
 facet normal -0.993261 0.115897 0.000005
  outer loop
   vertex -0.617924 0.092451 0.222160
   vertex -0.621196 0.064409 0.228234
   vertex -0.617274 0.098019 0.282591
  endloop
 endfacet
 facet normal -0.835236 0.549885 0.002781
  outer loop
   vertex -0.517917 0.349313 0.208095
   vertex -0.510981 0.359798 0.218018
   vertex -0.511769 0.358667 0.205000
  endloop
 endfacet
 facet normal -0.993225 0.116210 -0.000191
  outer loop
   vertex -0.621196 0.064409 0.228234
   vertex -0.623152 0.047691 0.228234
   vertex -0.617274 0.098019 0.282591
  endloop
 endfacet
 facet normal -0.898860 0.428804 -0.090430
  outer loop
   vertex -0.583524 0.222530 0.150925
   vertex -0.585812 0.217743 0.150968
   vertex -0.583257 0.223949 0.155000
  endloop
 endfacet
 facet normal -0.315344 -0.411310 -0.855209
  outer loop
   vertex -0.429810 -0.413180 0.136130
   vertex -0.342867 -0.434211 0.114186
   vertex -0.299582 -0.484039 0.122190
  endloop
 endfacet
 facet normal -0.306057 -0.335728 -0.890851
  outer loop
   vertex -0.429810 -0.413180 0.136130
   vertex -0.397414 -0.380608 0.112725
   vertex -0.342867 -0.434211 0.114186
  endloop
 endfacet
 facet normal -0.324099 -0.317899 -0.891011
  outer loop
   vertex -0.429810 -0.413180 0.136130
   vertex -0.449136 -0.394060 0.136338
   vertex -0.397414 -0.380608 0.112725
  endloop
 endfacet
 facet normal 0.459818 0.729588 -0.506230
  outer loop
   vertex 0.559022 0.263056 0.155000
   vertex 0.562558 0.254784 0.146290
   vertex 0.554953 0.257646 0.143507
  endloop
 endfacet
 facet normal 0.803605 0.558904 -0.204561
  outer loop
   vertex 0.559022 0.263056 0.155000
   vertex 0.566194 0.252244 0.153634
   vertex 0.562558 0.254784 0.146290
  endloop
 endfacet
 facet normal 0.803649 0.558909 -0.204374
  outer loop
   vertex 0.559022 0.263056 0.155000
   vertex 0.566569 0.251982 0.154392
   vertex 0.566194 0.252244 0.153634
  endloop
 endfacet
 facet normal 0.347387 0.186287 0.919032
  outer loop
   vertex 0.559022 0.263056 0.155000
   vertex 0.569191 0.244093 0.155000
   vertex 0.566569 0.251982 0.154392
  endloop
 endfacet
 facet normal 0.410530 0.234145 -0.881272
  outer loop
   vertex 0.554953 0.257646 0.143507
   vertex 0.514926 0.272709 0.128863
   vertex 0.508950 0.362294 0.149881
  endloop
 endfacet
 facet normal 0.399172 0.188362 -0.897319
  outer loop
   vertex 0.554953 0.257646 0.143507
   vertex 0.520962 0.209007 0.118176
   vertex 0.514926 0.272709 0.128863
  endloop
 endfacet
 facet normal -0.210581 -0.092287 -0.973211
  outer loop
   vertex -0.339929 -0.047501 0.009173
   vertex -0.338623 -0.059044 0.009985
   vertex -0.339804 -0.050391 0.009420
  endloop
 endfacet
 facet normal -0.212221 -0.092447 -0.972839
  outer loop
   vertex -0.339929 -0.047501 0.009173
   vertex -0.333382 -0.097457 0.012492
   vertex -0.338623 -0.059044 0.009985
  endloop
 endfacet
 facet normal -0.426459 -0.115492 -0.897104
  outer loop
   vertex -0.339929 -0.047501 0.009173
   vertex -0.328835 -0.103815 0.011149
   vertex -0.333382 -0.097457 0.012492
  endloop
 endfacet
 facet normal -0.055269 -0.045886 -0.997417
  outer loop
   vertex -0.339929 -0.047501 0.009173
   vertex -0.229488 -0.264253 0.013025
   vertex -0.328835 -0.103815 0.011149
  endloop
 endfacet
 facet normal -0.049874 -0.043145 -0.997823
  outer loop
   vertex -0.339929 -0.047501 0.009173
   vertex -0.067527 -0.332368 0.007875
   vertex -0.229488 -0.264253 0.013025
  endloop
 endfacet
 facet normal 0.001335 0.005833 -0.999982
  outer loop
   vertex -0.339929 -0.047501 0.009173
   vertex -0.053267 -0.335631 0.007875
   vertex -0.067527 -0.332368 0.007875
  endloop
 endfacet
 facet normal 0.000571 0.005073 -0.999987
  outer loop
   vertex -0.339929 -0.047501 0.009173
   vertex -0.020041 -0.339370 0.007875
   vertex -0.053267 -0.335631 0.007875
  endloop
 endfacet
 facet normal 0.034512 0.042265 -0.998510
  outer loop
   vertex -0.339929 -0.047501 0.009173
   vertex 0.147389 -0.321461 0.014420
   vertex -0.020041 -0.339370 0.007875
  endloop
 endfacet
 facet normal 0.424568 0.745374 -0.513965
  outer loop
   vertex -0.339929 -0.047501 0.009173
   vertex 0.184259 -0.333139 0.027941
   vertex 0.147389 -0.321461 0.014420
  endloop
 endfacet
 facet normal -0.025858 -0.113003 -0.993258
  outer loop
   vertex -0.053267 -0.335631 0.007875
   vertex -0.065605 -0.334680 0.008088
   vertex -0.067527 -0.332368 0.007875
  endloop
 endfacet
 facet normal -0.049001 -0.154759 -0.986736
  outer loop
   vertex -0.339929 -0.047501 0.009173
   vertex -0.337662 -0.045407 0.008732
   vertex 0.184259 -0.333139 0.027941
  endloop
 endfacet
 facet normal 0.134220 0.178389 -0.974763
  outer loop
   vertex -0.337662 -0.045407 0.008732
   vertex 0.243949 -0.319626 0.038633
   vertex 0.184259 -0.333139 0.027941
  endloop
 endfacet
 facet normal 0.032517 -0.039929 -0.998673
  outer loop
   vertex -0.337662 -0.045407 0.008732
   vertex 0.301479 -0.265272 0.038333
   vertex 0.243949 -0.319626 0.038633
  endloop
 endfacet
 facet normal 0.012313 -0.098178 -0.995093
  outer loop
   vertex -0.337662 -0.045407 0.008732
   vertex 0.327063 -0.217335 0.033920
   vertex 0.301479 -0.265272 0.038333
  endloop
 endfacet
 facet normal 0.044607 0.026158 -0.998662
  outer loop
   vertex -0.337662 -0.045407 0.008732
   vertex 0.403676 -0.058593 0.041500
   vertex 0.327063 -0.217335 0.033920
  endloop
 endfacet
 facet normal 0.043518 -0.034593 -0.998454
  outer loop
   vertex -0.337662 -0.045407 0.008732
   vertex 0.404298 -0.005193 0.039677
   vertex 0.403676 -0.058593 0.041500
  endloop
 endfacet
 facet normal 0.051175 -0.189675 -0.980512
  outer loop
   vertex -0.337662 -0.045407 0.008732
   vertex 0.346779 0.095037 0.017286
   vertex 0.404298 -0.005193 0.039677
  endloop
 endfacet
 facet normal 0.020117 -0.037188 -0.999106
  outer loop
   vertex -0.337662 -0.045407 0.008732
   vertex 0.277440 0.207387 0.011708
   vertex 0.346779 0.095037 0.017286
  endloop
 endfacet
 facet normal 0.019991 -0.036880 -0.999120
  outer loop
   vertex -0.337662 -0.045407 0.008732
   vertex 0.216587 0.263532 0.008418
   vertex 0.277440 0.207387 0.011708
  endloop
 endfacet
 facet normal 0.009453 -0.017974 -0.999794
  outer loop
   vertex -0.337662 -0.045407 0.008732
   vertex 0.192256 0.280940 0.007875
   vertex 0.216587 0.263532 0.008418
  endloop
 endfacet
 facet normal 0.003811 -0.008814 -0.999954
  outer loop
   vertex -0.337662 -0.045407 0.008732
   vertex -0.338031 -0.041709 0.008698
   vertex 0.192256 0.280940 0.007875
  endloop
 endfacet
 facet normal 0.009624 -0.018367 -0.999785
  outer loop
   vertex -0.338031 -0.041709 0.008698
   vertex -0.339573 -0.006101 0.008029
   vertex 0.192256 0.280940 0.007875
  endloop
 endfacet
 facet normal 0.009663 -0.018440 -0.999783
  outer loop
   vertex -0.339573 -0.006101 0.008029
   vertex -0.339927 0.002063 0.007875
   vertex 0.192256 0.280940 0.007875
  endloop
 endfacet
 facet normal -0.066252 0.126430 -0.989761
  outer loop
   vertex -0.339927 0.002063 0.007875
   vertex -0.342405 0.008319 0.008840
   vertex 0.192256 0.280940 0.007875
  endloop
 endfacet
 facet normal 0.000134 -0.003803 -0.999993
  outer loop
   vertex -0.342405 0.008319 0.008840
   vertex -0.337594 0.041884 0.008713
   vertex 0.192256 0.280940 0.007875
  endloop
 endfacet
 facet normal -0.020905 0.042834 -0.998863
  outer loop
   vertex -0.337594 0.041884 0.008713
   vertex -0.337785 0.060120 0.009499
   vertex 0.192256 0.280940 0.007875
  endloop
 endfacet
 facet normal 0.005968 -0.021678 -0.999747
  outer loop
   vertex -0.337785 0.060120 0.009499
   vertex -0.337579 0.061837 0.009463
   vertex 0.192256 0.280940 0.007875
  endloop
 endfacet
 facet normal -0.057532 0.131951 -0.989585
  outer loop
   vertex -0.337579 0.061837 0.009463
   vertex -0.338333 0.067208 0.010223
   vertex 0.192256 0.280940 0.007875
  endloop
 endfacet
 facet normal -0.022825 0.045690 -0.998695
  outer loop
   vertex -0.338333 0.067208 0.010223
   vertex -0.330227 0.108831 0.011942
   vertex 0.192256 0.280940 0.007875
  endloop
 endfacet
 facet normal -0.002859 -0.014948 -0.999884
  outer loop
   vertex -0.330227 0.108831 0.011942
   vertex -0.075781 0.332210 0.007875
   vertex 0.192256 0.280940 0.007875
  endloop
 endfacet
 facet normal -0.139312 0.140841 -0.980182
  outer loop
   vertex -0.330227 0.108831 0.011942
   vertex -0.134592 0.330813 0.016033
   vertex -0.075781 0.332210 0.007875
  endloop
 endfacet
 facet normal -0.246132 0.234252 -0.940503
  outer loop
   vertex -0.330227 0.108831 0.011942
   vertex -0.342690 0.136921 0.022200
   vertex -0.134592 0.330813 0.016033
  endloop
 endfacet
 facet normal -0.244561 0.232539 -0.941337
  outer loop
   vertex -0.342690 0.136921 0.022200
   vertex -0.347390 0.151170 0.026941
   vertex -0.134592 0.330813 0.016033
  endloop
 endfacet
 facet normal -0.180848 0.155254 -0.971180
  outer loop
   vertex -0.347390 0.151170 0.026941
   vertex -0.292440 0.265428 0.034974
   vertex -0.134592 0.330813 0.016033
  endloop
 endfacet
 facet normal -0.210564 0.233324 -0.949328
  outer loop
   vertex -0.292440 0.265428 0.034974
   vertex -0.244187 0.312994 0.035962
   vertex -0.134592 0.330813 0.016033
  endloop
 endfacet
 facet normal 0.296332 -0.097651 -0.950080
  outer loop
   vertex 0.403676 -0.058593 0.041500
   vertex 0.403454 -0.112535 0.046975
   vertex 0.327063 -0.217335 0.033920
  endloop
 endfacet
 facet normal -0.124995 -0.224132 -0.966510
  outer loop
   vertex -0.067527 -0.332368 0.007875
   vertex -0.133676 -0.331071 0.016129
   vertex -0.229488 -0.264253 0.013025
  endloop
 endfacet
 facet normal -0.161221 -0.275207 -0.947771
  outer loop
   vertex -0.133676 -0.331071 0.016129
   vertex -0.229480 -0.264392 0.013064
   vertex -0.229488 -0.264253 0.013025
  endloop
 endfacet
 facet normal -0.158543 -0.271430 -0.949310
  outer loop
   vertex -0.133676 -0.331071 0.016129
   vertex -0.229206 -0.269375 0.014443
   vertex -0.229480 -0.264392 0.013064
  endloop
 endfacet
 facet normal -0.197869 -0.331587 -0.922441
  outer loop
   vertex -0.133676 -0.331071 0.016129
   vertex -0.223231 -0.278852 0.016568
   vertex -0.229206 -0.269375 0.014443
  endloop
 endfacet
 facet normal 0.044167 0.230901 -0.971974
  outer loop
   vertex -0.075781 0.332210 0.007875
   vertex 0.146433 0.325734 0.016434
   vertex 0.192256 0.280940 0.007875
  endloop
 endfacet
 facet normal -0.267044 0.223816 -0.937333
  outer loop
   vertex -0.330227 0.108831 0.011942
   vertex -0.333532 0.109151 0.012960
   vertex -0.342690 0.136921 0.022200
  endloop
 endfacet
 facet normal 0.326906 0.301840 -0.895559
  outer loop
   vertex 0.216587 0.263532 0.008418
   vertex 0.243878 0.257681 0.016408
   vertex 0.277440 0.207387 0.011708
  endloop
 endfacet
 facet normal -0.258717 -0.171319 -0.950639
  outer loop
   vertex -0.229488 -0.264253 0.013025
   vertex -0.237127 -0.261734 0.014650
   vertex -0.328835 -0.103815 0.011149
  endloop
 endfacet
 facet normal 0.335957 0.161270 -0.927968
  outer loop
   vertex 0.277440 0.207387 0.011708
   vertex 0.309736 0.197143 0.021620
   vertex 0.346779 0.095037 0.017286
  endloop
 endfacet
 facet normal 0.331550 0.159750 -0.929814
  outer loop
   vertex 0.309736 0.197143 0.021620
   vertex 0.345687 0.155857 0.027346
   vertex 0.346779 0.095037 0.017286
  endloop
 endfacet
 facet normal 0.331442 0.159754 -0.929852
  outer loop
   vertex 0.345687 0.155857 0.027346
   vertex 0.349338 0.151664 0.027927
   vertex 0.346779 0.095037 0.017286
  endloop
 endfacet
 facet normal 0.336783 0.164758 -0.927055
  outer loop
   vertex 0.277440 0.207387 0.011708
   vertex 0.300792 0.207413 0.020196
   vertex 0.309736 0.197143 0.021620
  endloop
 endfacet
 facet normal 0.045690 0.314740 -0.948077
  outer loop
   vertex -0.075781 0.332210 0.007875
   vertex -0.027470 0.368492 0.022248
   vertex 0.146433 0.325734 0.016434
  endloop
 endfacet
 facet normal -0.313769 0.215907 -0.924626
  outer loop
   vertex -0.347390 0.151170 0.026941
   vertex -0.348944 0.212734 0.041844
   vertex -0.292440 0.265428 0.034974
  endloop
 endfacet
 facet normal 0.397769 0.023371 -0.917188
  outer loop
   vertex 0.346779 0.095037 0.017286
   vertex 0.403235 0.047944 0.040570
   vertex 0.404298 -0.005193 0.039677
  endloop
 endfacet
 facet normal 0.388729 -0.170564 -0.905427
  outer loop
   vertex 0.403454 -0.112535 0.046975
   vertex 0.358127 -0.220914 0.047931
   vertex 0.327063 -0.217335 0.033920
  endloop
 endfacet
 facet normal 0.358386 -0.158003 -0.920106
  outer loop
   vertex 0.403454 -0.112535 0.046975
   vertex 0.409467 -0.168788 0.058977
   vertex 0.358127 -0.220914 0.047931
  endloop
 endfacet
 facet normal -0.271441 -0.178600 -0.945739
  outer loop
   vertex -0.237127 -0.261734 0.014650
   vertex -0.334982 -0.123925 0.016711
   vertex -0.328835 -0.103815 0.011149
  endloop
 endfacet
 facet normal 0.056085 0.354994 -0.933185
  outer loop
   vertex -0.027470 0.368492 0.022248
   vertex 0.099141 0.383714 0.035648
   vertex 0.146433 0.325734 0.016434
  endloop
 endfacet
 facet normal -0.199796 -0.334906 -0.920825
  outer loop
   vertex -0.133676 -0.331071 0.016129
   vertex -0.191393 -0.327653 0.027409
   vertex -0.223231 -0.278852 0.016568
  endloop
 endfacet
 facet normal -0.199990 -0.335015 -0.920744
  outer loop
   vertex -0.191393 -0.327653 0.027409
   vertex -0.194225 -0.327485 0.027963
   vertex -0.223231 -0.278852 0.016568
  endloop
 endfacet
 facet normal -0.296226 -0.196364 -0.934714
  outer loop
   vertex -0.237127 -0.261734 0.014650
   vertex -0.322753 -0.222219 0.033485
   vertex -0.334982 -0.123925 0.016711
  endloop
 endfacet
 facet normal 0.080794 -0.426027 -0.901096
  outer loop
   vertex 0.147389 -0.321461 0.014420
   vertex -0.018596 -0.355431 0.015598
   vertex -0.020041 -0.339370 0.007875
  endloop
 endfacet
 facet normal 0.068096 -0.364930 -0.928541
  outer loop
   vertex 0.147389 -0.321461 0.014420
   vertex 0.021530 -0.382642 0.029235
   vertex -0.018596 -0.355431 0.015598
  endloop
 endfacet
 facet normal -0.325820 -0.274845 -0.904600
  outer loop
   vertex -0.237127 -0.261734 0.014650
   vertex -0.266676 -0.278319 0.030332
   vertex -0.322753 -0.222219 0.033485
  endloop
 endfacet
 facet normal -0.315356 -0.263996 -0.911514
  outer loop
   vertex -0.266676 -0.278319 0.030332
   vertex -0.302417 -0.270646 0.040475
   vertex -0.322753 -0.222219 0.033485
  endloop
 endfacet
 facet normal -0.347042 -0.199556 -0.916373
  outer loop
   vertex -0.322753 -0.222219 0.033485
   vertex -0.348526 -0.197571 0.037878
   vertex -0.334982 -0.123925 0.016711
  endloop
 endfacet
 facet normal 0.302856 0.287027 -0.908787
  outer loop
   vertex 0.243878 0.257681 0.016408
   vertex 0.282412 0.227252 0.019639
   vertex 0.277440 0.207387 0.011708
  endloop
 endfacet
 facet normal -0.195010 0.024241 -0.980502
  outer loop
   vertex -0.342405 0.008319 0.008840
   vertex -0.339612 0.041546 0.009106
   vertex -0.337594 0.041884 0.008713
  endloop
 endfacet
 facet normal 0.046443 0.413987 -0.909097
  outer loop
   vertex -0.027470 0.368492 0.022248
   vertex 0.030897 0.434964 0.055500
   vertex 0.099141 0.383714 0.035648
  endloop
 endfacet
 facet normal 0.008134 0.441649 -0.897151
  outer loop
   vertex -0.027470 0.368492 0.022248
   vertex -0.017668 0.425143 0.050225
   vertex 0.030897 0.434964 0.055500
  endloop
 endfacet
 facet normal -0.264778 -0.366873 -0.891794
  outer loop
   vertex -0.194225 -0.327485 0.027963
   vertex -0.223417 -0.278990 0.016680
   vertex -0.223231 -0.278852 0.016568
  endloop
 endfacet
 facet normal 0.088569 -0.402797 -0.910994
  outer loop
   vertex 0.147389 -0.321461 0.014420
   vertex 0.135267 -0.375317 0.037054
   vertex 0.021530 -0.382642 0.029235
  endloop
 endfacet
 facet normal 0.056159 0.424778 -0.903554
  outer loop
   vertex 0.030897 0.434964 0.055500
   vertex 0.075031 0.438414 0.059865
   vertex 0.099141 0.383714 0.035648
  endloop
 endfacet
 facet normal -0.224624 0.376200 -0.898898
  outer loop
   vertex -0.244187 0.312994 0.035962
   vertex -0.174667 0.381370 0.047206
   vertex -0.134592 0.330813 0.016033
  endloop
 endfacet
 facet normal -0.211155 0.363871 -0.907200
  outer loop
   vertex -0.244187 0.312994 0.035962
   vertex -0.234509 0.372124 0.057426
   vertex -0.174667 0.381370 0.047206
  endloop
 endfacet
 facet normal -0.380608 -0.190110 -0.904984
  outer loop
   vertex -0.348526 -0.197571 0.037878
   vertex -0.368590 -0.168684 0.040248
   vertex -0.334982 -0.123925 0.016711
  endloop
 endfacet
 facet normal 0.220412 0.177274 -0.959162
  outer loop
   vertex 0.243878 0.257681 0.016408
   vertex 0.249544 0.262729 0.018643
   vertex 0.282412 0.227252 0.019639
  endloop
 endfacet
 facet normal -0.061849 0.437696 -0.896993
  outer loop
   vertex -0.075781 0.332210 0.007875
   vertex -0.058117 0.373363 0.026738
   vertex -0.027470 0.368492 0.022248
  endloop
 endfacet
 facet normal 0.199959 0.377329 -0.904234
  outer loop
   vertex 0.146433 0.325734 0.016434
   vertex 0.194204 0.319216 0.024278
   vertex 0.192256 0.280940 0.007875
  endloop
 endfacet
 facet normal -0.409083 -0.164791 -0.897494
  outer loop
   vertex -0.368590 -0.168684 0.040248
   vertex -0.370157 -0.123642 0.032692
   vertex -0.334982 -0.123925 0.016711
  endloop
 endfacet
 facet normal 0.438653 0.083467 -0.894772
  outer loop
   vertex 0.346779 0.095037 0.017286
   vertex 0.398303 0.105595 0.043530
   vertex 0.403235 0.047944 0.040570
  endloop
 endfacet
 facet normal 0.140605 0.412892 -0.899862
  outer loop
   vertex 0.099141 0.383714 0.035648
   vertex 0.155334 0.382397 0.043824
   vertex 0.146433 0.325734 0.016434
  endloop
 endfacet
 facet normal -0.133806 0.436002 -0.889943
  outer loop
   vertex -0.134592 0.330813 0.016033
   vertex -0.074726 0.376004 0.029172
   vertex -0.075781 0.332210 0.007875
  endloop
 endfacet
 facet normal -0.117925 0.418097 -0.900716
  outer loop
   vertex -0.134592 0.330813 0.016033
   vertex -0.124165 0.390236 0.042251
   vertex -0.074726 0.376004 0.029172
  endloop
 endfacet
 facet normal 0.261800 0.337715 -0.904107
  outer loop
   vertex 0.192256 0.280940 0.007875
   vertex 0.192588 0.281973 0.008357
   vertex 0.216587 0.263532 0.008418
  endloop
 endfacet
 facet normal 0.283848 0.366468 -0.886076
  outer loop
   vertex 0.192588 0.281973 0.008357
   vertex 0.223786 0.289021 0.021266
   vertex 0.216587 0.263532 0.008418
  endloop
 endfacet
 facet normal 0.283862 0.366463 -0.886074
  outer loop
   vertex 0.223786 0.289021 0.021266
   vertex 0.238038 0.274473 0.019815
   vertex 0.216587 0.263532 0.008418
  endloop
 endfacet
 facet normal -0.409108 -0.164388 -0.897556
  outer loop
   vertex -0.370157 -0.123642 0.032692
   vertex -0.337583 -0.101476 0.013785
   vertex -0.334982 -0.123925 0.016711
  endloop
 endfacet
 facet normal -0.005507 -0.454513 -0.890723
  outer loop
   vertex 0.021530 -0.382642 0.029235
   vertex -0.032179 -0.382248 0.029366
   vertex -0.018596 -0.355431 0.015598
  endloop
 endfacet
 facet normal -0.198678 -0.395331 -0.896795
  outer loop
   vertex -0.133676 -0.331071 0.016129
   vertex -0.173145 -0.385226 0.048746
   vertex -0.191393 -0.327653 0.027409
  endloop
 endfacet
 facet normal 0.012659 0.814494 -0.580034
  outer loop
   vertex 0.000000 0.607414 0.155000
   vertex 0.009856 0.605066 0.151918
   vertex -0.005277 0.607496 0.155000
  endloop
 endfacet
 facet normal 0.012657 0.814491 -0.580038
  outer loop
   vertex 0.000000 0.607414 0.155000
   vertex 0.012872 0.607214 0.155000
   vertex 0.009856 0.605066 0.151918
  endloop
 endfacet
 facet normal -0.000000 -0.000000 1.000000
  outer loop
   vertex -0.005277 0.607496 0.155000
   vertex -0.013798 0.607628 0.155000
   vertex 0.000000 0.607414 0.155000
  endloop
 endfacet
 facet normal -0.049111 -0.436420 -0.898402
  outer loop
   vertex -0.018596 -0.355431 0.015598
   vertex -0.053267 -0.335631 0.007875
   vertex -0.020041 -0.339370 0.007875
  endloop
 endfacet
 facet normal -0.049153 -0.436481 -0.898370
  outer loop
   vertex -0.018596 -0.355431 0.015598
   vertex -0.065605 -0.334680 0.008088
   vertex -0.053267 -0.335631 0.007875
  endloop
 endfacet
 facet normal -0.996477 0.071656 0.043581
  outer loop
   vertex 0.284049 -0.044184 0.859287
   vertex 0.294680 0.015482 1.004262
   vertex 0.287055 -0.015797 0.881345
  endloop
 endfacet
 facet normal 0.939272 -0.341967 0.028755
  outer loop
   vertex 0.294680 0.015482 1.004262
   vertex 0.287200 -0.011625 0.926224
   vertex 0.287055 -0.015797 0.881345
  endloop
 endfacet
 facet normal 0.951921 -0.305974 0.015040
  outer loop
   vertex 0.294680 0.015482 1.004262
   vertex 0.293993 0.015960 1.057469
   vertex 0.287200 -0.011625 0.926224
  endloop
 endfacet
 facet normal -0.269823 -0.883321 0.383326
  outer loop
   vertex 0.284049 -0.044184 0.859287
   vertex 0.406439 -0.069710 0.886616
   vertex 0.294680 0.015482 1.004262
  endloop
 endfacet
 facet normal -0.598262 -0.801213 0.011864
  outer loop
   vertex 0.406439 -0.069710 0.886616
   vertex 0.406550 -0.069049 0.936852
   vertex 0.294680 0.015482 1.004262
  endloop
 endfacet
 facet normal -0.613899 -0.788829 -0.029615
  outer loop
   vertex 0.406550 -0.069049 0.936852
   vertex 0.406097 -0.070723 0.990831
   vertex 0.294680 0.015482 1.004262
  endloop
 endfacet
 facet normal 0.965275 -0.261189 0.004936
  outer loop
   vertex 0.293993 0.015960 1.057469
   vertex 0.286788 -0.012122 0.980500
   vertex 0.287200 -0.011625 0.926224
  endloop
 endfacet
 facet normal -0.607798 -0.741134 -0.285134
  outer loop
   vertex 0.406097 -0.070723 0.990831
   vertex 0.292073 0.006656 1.032760
   vertex 0.294680 0.015482 1.004262
  endloop
 endfacet
 facet normal 0.970365 -0.241628 -0.002678
  outer loop
   vertex 0.293993 0.015960 1.057469
   vertex 0.286855 -0.012459 1.035202
   vertex 0.286788 -0.012122 0.980500
  endloop
 endfacet
 facet normal -0.284820 0.094925 -0.953869
  outer loop
   vertex -0.338283 0.064042 0.009893
   vertex -0.339112 0.060399 0.009778
   vertex -0.338333 0.067208 0.010223
  endloop
 endfacet
 facet normal 0.836704 -0.130487 0.531883
  outer loop
   vertex -0.339112 0.060399 0.009778
   vertex -0.335471 0.092212 0.011855
   vertex -0.338333 0.067208 0.010223
  endloop
 endfacet
 facet normal 0.000000 0.000000 -1.000000
  outer loop
   vertex -0.623132 0.047810 0.205000
   vertex -0.598816 0.037674 0.205000
   vertex -0.623463 0.038403 0.205000
  endloop
 endfacet
 facet normal -0.999381 0.035163 -0.000703
  outer loop
   vertex -0.623463 0.038403 0.205000
   vertex -0.623155 0.047619 0.228162
   vertex -0.623132 0.047810 0.205000
  endloop
 endfacet
 facet normal -0.000000 0.000000 -1.000000
  outer loop
   vertex -0.624765 0.000000 0.205000
   vertex -0.624376 0.010864 0.205000
   vertex -0.624736 0.000000 0.205000
  endloop
 endfacet
 facet normal -0.000000 0.000000 -1.000000
  outer loop
   vertex -0.624765 0.000000 0.205000
   vertex -0.624319 0.013408 0.205000
   vertex -0.624376 0.010864 0.205000
  endloop
 endfacet
 facet normal 0.000000 -0.000000 -1.000000
  outer loop
   vertex -0.624765 0.000000 0.205000
   vertex -0.624907 -0.004268 0.205000
   vertex -0.624319 0.013408 0.205000
  endloop
 endfacet
 facet normal -0.999446 0.033247 0.001187
  outer loop
   vertex -0.624907 -0.004268 0.205000
   vertex -0.624292 0.013390 0.228234
   vertex -0.624319 0.013408 0.205000
  endloop
 endfacet
 facet normal -0.885046 -0.443265 -0.142159
  outer loop
   vertex -0.562189 -0.263163 0.155000
   vertex -0.560478 -0.264131 0.147366
   vertex -0.554741 -0.278034 0.155000
  endloop
 endfacet
 facet normal -0.000000 0.000000 1.000000
  outer loop
   vertex -0.554741 -0.278034 0.155000
   vertex -0.546688 -0.259865 0.155000
   vertex -0.562189 -0.263163 0.155000
  endloop
 endfacet
 facet normal -0.000000 0.000000 1.000000
  outer loop
   vertex -0.546688 -0.259865 0.155000
   vertex -0.547599 -0.257681 0.155000
   vertex -0.562189 -0.263163 0.155000
  endloop
 endfacet
 facet normal -0.000000 0.000000 1.000000
  outer loop
   vertex -0.547599 -0.257681 0.155000
   vertex -0.561439 -0.224527 0.155000
   vertex -0.562189 -0.263163 0.155000
  endloop
 endfacet
 facet normal -0.440289 -0.036014 -0.897134
  outer loop
   vertex -0.339927 0.002063 0.007875
   vertex -0.339573 -0.006101 0.008029
   vertex -0.342405 0.008319 0.008840
  endloop
 endfacet
 facet normal -0.346292 -0.015255 -0.938003
  outer loop
   vertex -0.339573 -0.006101 0.008029
   vertex -0.340243 -0.019545 0.008495
   vertex -0.342405 0.008319 0.008840
  endloop
 endfacet
 facet normal -0.444534 -0.023404 -0.895456
  outer loop
   vertex -0.340243 -0.019545 0.008495
   vertex -0.374073 -0.005683 0.024927
   vertex -0.342405 0.008319 0.008840
  endloop
 endfacet
 facet normal -0.433263 0.010911 -0.901201
  outer loop
   vertex -0.340243 -0.019545 0.008495
   vertex -0.374163 -0.017104 0.024832
   vertex -0.374073 -0.005683 0.024927
  endloop
 endfacet
 facet normal -0.435332 -0.026714 -0.899874
  outer loop
   vertex -0.340243 -0.019545 0.008495
   vertex -0.339929 -0.047501 0.009173
   vertex -0.374163 -0.017104 0.024832
  endloop
 endfacet
 facet normal -0.688643 -0.709875 -0.147813
  outer loop
   vertex -0.235148 -0.263643 0.014598
   vertex -0.229206 -0.269375 0.014443
   vertex -0.237127 -0.261734 0.014650
  endloop
 endfacet
 facet normal -0.311376 -0.298345 -0.902239
  outer loop
   vertex -0.229206 -0.269375 0.014443
   vertex -0.266676 -0.278319 0.030332
   vertex -0.237127 -0.261734 0.014650
  endloop
 endfacet
 facet normal -0.284728 -0.270117 -0.919764
  outer loop
   vertex -0.237127 -0.261734 0.014650
   vertex -0.229488 -0.264253 0.013025
   vertex -0.235148 -0.263643 0.014598
  endloop
 endfacet
 facet normal 0.165635 0.863659 -0.476087
  outer loop
   vertex 0.100780 0.595740 0.141587
   vertex 0.097229 0.596453 0.141645
   vertex 0.114550 0.600493 0.155000
  endloop
 endfacet
 facet normal 0.934698 -0.238284 0.263743
  outer loop
   vertex 0.049424 -0.032741 0.890836
   vertex 0.062392 0.000966 0.875331
   vertex 0.059811 0.017872 0.899752
  endloop
 endfacet
 facet normal 0.979300 -0.202280 0.007406
  outer loop
   vertex 0.049424 -0.032741 0.890836
   vertex 0.059811 0.017872 0.899752
   vertex 0.049938 -0.028798 0.930565
  endloop
 endfacet
 facet normal 0.984022 -0.166464 0.063167
  outer loop
   vertex 0.049938 -0.028798 0.930565
   vertex 0.059811 0.017872 0.899752
   vertex 0.057623 0.024028 0.950060
  endloop
 endfacet
 facet normal 0.988956 -0.147822 0.010707
  outer loop
   vertex 0.049938 -0.028798 0.930565
   vertex 0.057623 0.024028 0.950060
   vertex 0.048856 -0.032463 0.979905
  endloop
 endfacet
 facet normal 0.990633 -0.126235 0.052060
  outer loop
   vertex 0.048856 -0.032463 0.979905
   vertex 0.057623 0.024028 0.950060
   vertex 0.055059 0.026728 1.005397
  endloop
 endfacet
 facet normal 0.987711 -0.038244 -0.151541
  outer loop
   vertex 0.048856 -0.032463 0.979905
   vertex 0.055059 0.026728 1.005397
   vertex 0.057374 -0.007648 1.029161
  endloop
 endfacet
 facet normal 0.998112 0.030279 -0.053432
  outer loop
   vertex 0.057374 -0.007648 1.029161
   vertex 0.055059 0.026728 1.005397
   vertex 0.058304 0.017583 1.060831
  endloop
 endfacet
 facet normal 0.988994 -0.128502 0.073333
  outer loop
   vertex 0.057374 -0.007648 1.029161
   vertex 0.058304 0.017583 1.060831
   vertex 0.050619 -0.026069 1.087982
  endloop
 endfacet
 facet normal 0.988143 -0.147545 0.042476
  outer loop
   vertex 0.050619 -0.026069 1.087982
   vertex 0.058304 0.017583 1.060831
   vertex 0.056076 0.018540 1.115987
  endloop
 endfacet
 facet normal 0.534979 -0.495185 0.684536
  outer loop
   vertex 0.050619 -0.026069 1.087982
   vertex 0.056076 0.018540 1.115987
   vertex -0.047829 -0.030974 1.161373
  endloop
 endfacet
 facet normal 0.469424 -0.874726 0.120395
  outer loop
   vertex -0.047829 -0.030974 1.161373
   vertex 0.056076 0.018540 1.115987
   vertex 0.053231 0.022105 1.152981
  endloop
 endfacet
 facet normal 0.051915 -0.354869 0.933473
  outer loop
   vertex -0.023389 0.054459 1.192492
   vertex -0.047829 -0.030974 1.161373
   vertex 0.039934 0.042679 1.184492
  endloop
 endfacet
 facet normal 0.406514 -0.676979 0.613551
  outer loop
   vertex 0.039934 0.042679 1.184492
   vertex -0.047829 -0.030974 1.161373
   vertex 0.053231 0.022105 1.152981
  endloop
 endfacet
 facet normal 0.064353 -0.419683 0.905387
  outer loop
   vertex -0.019288 0.099714 1.213178
   vertex -0.023389 0.054459 1.192492
   vertex 0.034980 0.101984 1.210373
  endloop
 endfacet
 facet normal 0.042058 -0.396670 0.916997
  outer loop
   vertex 0.034980 0.101984 1.210373
   vertex -0.023389 0.054459 1.192492
   vertex 0.039934 0.042679 1.184492
  endloop
 endfacet
 facet normal 0.092171 -0.250384 0.963749
  outer loop
   vertex -0.020569 0.155443 1.227779
   vertex -0.019288 0.099714 1.213178
   vertex 0.035091 0.156660 1.222772
  endloop
 endfacet
 facet normal 0.059556 -0.220879 0.973481
  outer loop
   vertex 0.035091 0.156660 1.222772
   vertex -0.019288 0.099714 1.213178
   vertex 0.034980 0.101984 1.210373
  endloop
 endfacet
 facet normal 0.064440 -0.182593 0.981075
  outer loop
   vertex -0.019098 0.215323 1.238827
   vertex -0.020569 0.155443 1.227779
   vertex 0.033778 0.215275 1.235345
  endloop
 endfacet
 facet normal 0.092143 -0.206865 0.974021
  outer loop
   vertex 0.033778 0.215275 1.235345
   vertex -0.020569 0.155443 1.227779
   vertex 0.035091 0.156660 1.222772
  endloop
 endfacet
 facet normal 0.000342 -0.340343 0.940301
  outer loop
   vertex -0.021604 0.259694 1.254888
   vertex -0.019098 0.215323 1.238827
   vertex 0.033471 0.266148 1.257204
  endloop
 endfacet
 facet normal 0.060045 -0.393760 0.917250
  outer loop
   vertex 0.033471 0.266148 1.257204
   vertex -0.019098 0.215323 1.238827
   vertex 0.033778 0.215275 1.235345
  endloop
 endfacet
 facet normal -0.287869 0.803480 0.521106
  outer loop
   vertex -0.033737 0.285417 1.208524
   vertex -0.021604 0.259694 1.254888
   vertex 0.033832 0.305249 1.215272
  endloop
 endfacet
 facet normal -0.113678 0.727112 0.677042
  outer loop
   vertex 0.033832 0.305249 1.215272
   vertex -0.021604 0.259694 1.254888
   vertex 0.033471 0.266148 1.257204
  endloop
 endfacet
 facet normal -0.385871 0.919986 0.068762
  outer loop
   vertex 0.041026 0.312378 1.160262
   vertex -0.021302 0.286483 1.156953
   vertex 0.033832 0.305249 1.215272
  endloop
 endfacet
 facet normal -0.276997 0.959723 -0.046953
  outer loop
   vertex 0.033832 0.305249 1.215272
   vertex -0.021302 0.286483 1.156953
   vertex -0.033737 0.285417 1.208524
  endloop
 endfacet
 facet normal -0.419301 0.907092 0.037020
  outer loop
   vertex 0.046516 0.317571 1.095200
   vertex -0.020712 0.286233 1.101620
   vertex 0.041026 0.312378 1.160262
  endloop
 endfacet
 facet normal -0.383281 0.923595 -0.008259
  outer loop
   vertex 0.041026 0.312378 1.160262
   vertex -0.020712 0.286233 1.101620
   vertex -0.021302 0.286483 1.156953
  endloop
 endfacet
 facet normal -0.397872 0.916842 -0.033152
  outer loop
   vertex 0.036461 0.311283 1.041975
   vertex -0.020751 0.286635 1.046945
   vertex 0.046516 0.317571 1.095200
  endloop
 endfacet
 facet normal -0.421940 0.906597 0.006967
  outer loop
   vertex 0.046516 0.317571 1.095200
   vertex -0.020751 0.286635 1.046945
   vertex -0.020712 0.286233 1.101620
  endloop
 endfacet
 facet normal -0.376920 0.925958 -0.023088
  outer loop
   vertex 0.037267 0.310427 0.994488
   vertex -0.020648 0.286801 0.992436
   vertex 0.036461 0.311283 1.041975
  endloop
 endfacet
 facet normal -0.395511 0.918459 0.002050
  outer loop
   vertex 0.036461 0.311283 1.041975
   vertex -0.020648 0.286801 0.992436
   vertex -0.020751 0.286635 1.046945
  endloop
 endfacet
 facet normal -0.284010 0.952761 -0.107633
  outer loop
   vertex 0.044008 0.305885 0.936495
   vertex -0.020502 0.286805 0.937822
   vertex 0.037267 0.310427 0.994488
  endloop
 endfacet
 facet normal -0.377693 0.925930 -0.000942
  outer loop
   vertex 0.037267 0.310427 0.994488
   vertex -0.020502 0.286805 0.937822
   vertex -0.020648 0.286801 0.992436
  endloop
 endfacet
 facet normal -0.333765 0.940773 0.059550
  outer loop
   vertex 0.048461 0.310800 0.883806
   vertex -0.018742 0.286936 0.884151
   vertex 0.044008 0.305885 0.936495
  endloop
 endfacet
 facet normal -0.283747 0.958874 -0.006964
  outer loop
   vertex 0.044008 0.305885 0.936495
   vertex -0.018742 0.286936 0.884151
   vertex -0.020502 0.286805 0.937822
  endloop
 endfacet
 facet normal -0.271992 0.852673 0.446059
  outer loop
   vertex 0.020717 0.340037 0.811000
   vertex -0.010792 0.329986 0.811000
   vertex 0.048461 0.310800 0.883806
  endloop
 endfacet
 facet normal -0.294915 0.837166 0.460628
  outer loop
   vertex 0.048461 0.310800 0.883806
   vertex -0.010792 0.329986 0.811000
   vertex -0.018742 0.286936 0.884151
  endloop
 endfacet
 facet normal 0.000000 0.000000 1.000000
  outer loop
   vertex -0.020803 0.370480 0.811000
   vertex -0.010792 0.329986 0.811000
   vertex 0.013065 0.361811 0.811000
  endloop
 endfacet
 facet normal 0.000000 -0.000000 1.000000
  outer loop
   vertex 0.013065 0.361811 0.811000
   vertex -0.010792 0.329986 0.811000
   vertex 0.020717 0.340037 0.811000
  endloop
 endfacet
 facet normal -0.110060 -0.863642 0.491944
  outer loop
   vertex -0.022673 0.411926 0.883343
   vertex -0.020803 0.370480 0.811000
   vertex 0.039709 0.398259 0.873306
  endloop
 endfacet
 facet normal -0.205743 -0.803798 0.558192
  outer loop
   vertex 0.039709 0.398259 0.873306
   vertex -0.020803 0.370480 0.811000
   vertex 0.013065 0.361811 0.811000
  endloop
 endfacet
 facet normal -0.204993 -0.978758 -0.003116
  outer loop
   vertex -0.023276 0.411883 0.936519
   vertex -0.022673 0.411926 0.883343
   vertex 0.038889 0.398901 0.924601
  endloop
 endfacet
 facet normal -0.212646 -0.977090 0.008829
  outer loop
   vertex 0.038889 0.398901 0.924601
   vertex -0.022673 0.411926 0.883343
   vertex 0.039709 0.398259 0.873306
  endloop
 endfacet
 facet normal -0.203303 -0.979116 -0.000351
  outer loop
   vertex -0.023346 0.411878 0.991072
   vertex -0.023276 0.411883 0.936519
   vertex 0.038787 0.398981 0.979058
  endloop
 endfacet
 facet normal -0.204228 -0.978923 0.001056
  outer loop
   vertex 0.038787 0.398981 0.979058
   vertex -0.023276 0.411883 0.936519
   vertex 0.038889 0.398901 0.924601
  endloop
 endfacet
 facet normal -0.203204 -0.979137 -0.000004
  outer loop
   vertex -0.023347 0.411878 1.045681
   vertex -0.023346 0.411878 0.991072
   vertex 0.038783 0.398984 1.033668
  endloop
 endfacet
 facet normal -0.203231 -0.979131 0.000039
  outer loop
   vertex 0.038783 0.398984 1.033668
   vertex -0.023346 0.411878 0.991072
   vertex 0.038787 0.398981 0.979058
  endloop
 endfacet
 facet normal -0.203203 -0.979137 0.000000
  outer loop
   vertex -0.023347 0.411878 1.100289
   vertex -0.023347 0.411878 1.045681
   vertex 0.038783 0.398984 1.088276
  endloop
 endfacet
 facet normal -0.203203 -0.979137 0.000000
  outer loop
   vertex 0.038783 0.398984 1.088276
   vertex -0.023347 0.411878 1.045681
   vertex 0.038783 0.398984 1.033668
  endloop
 endfacet
 facet normal -0.250748 -0.968052 0.000000
  outer loop
   vertex -0.023347 0.411878 1.154907
   vertex -0.023347 0.411878 1.100289
   vertex 0.034366 0.396929 1.144604
  endloop
 endfacet
 facet normal -0.212604 -0.975739 -0.052269
  outer loop
   vertex 0.034366 0.396929 1.144604
   vertex -0.023347 0.411878 1.100289
   vertex 0.038783 0.398984 1.088276
  endloop
 endfacet
 facet normal -0.293437 -0.955978 0.000562
  outer loop
   vertex -0.023262 0.411884 1.209549
   vertex -0.023347 0.411878 1.154907
   vertex 0.040399 0.392338 1.200511
  endloop
 endfacet
 facet normal -0.258984 -0.964521 -0.051258
  outer loop
   vertex 0.040399 0.392338 1.200511
   vertex -0.023347 0.411878 1.154907
   vertex 0.034366 0.396929 1.144604
  endloop
 endfacet
 facet normal -0.307030 -0.951699 0.001432
  outer loop
   vertex -0.022481 0.411715 1.264677
   vertex -0.023262 0.411884 1.209549
   vertex 0.040649 0.391338 1.257702
  endloop
 endfacet
 facet normal -0.295474 -0.955227 -0.015411
  outer loop
   vertex 0.040649 0.391338 1.257702
   vertex -0.023262 0.411884 1.209549
   vertex 0.040399 0.392338 1.200511
  endloop
 endfacet
 facet normal -0.336696 -0.941609 -0.002704
  outer loop
   vertex -0.022078 0.411411 1.320364
   vertex -0.022481 0.411715 1.264677
   vertex 0.047802 0.386435 1.316398
  endloop
 endfacet
 facet normal -0.311050 -0.949491 -0.041407
  outer loop
   vertex 0.047802 0.386435 1.316398
   vertex -0.022481 0.411715 1.264677
   vertex 0.040649 0.391338 1.257702
  endloop
 endfacet
 facet normal -0.232562 -0.972574 0.003843
  outer loop
   vertex -0.021491 0.411489 1.375634
   vertex -0.022078 0.411411 1.320364
   vertex 0.026699 0.399964 1.375182
  endloop
 endfacet
 facet normal -0.330038 -0.938908 0.097606
  outer loop
   vertex 0.026699 0.399964 1.375182
   vertex -0.022078 0.411411 1.320364
   vertex 0.047802 0.386435 1.316398
  endloop
 endfacet
 facet normal -0.038571 -0.866538 0.497618
  outer loop
   vertex -0.020635 0.438564 1.422848
   vertex -0.021491 0.411489 1.375634
   vertex 0.033540 0.437115 1.424524
  endloop
 endfacet
 facet normal -0.179365 -0.773809 0.607492
  outer loop
   vertex 0.033540 0.437115 1.424524
   vertex -0.021491 0.411489 1.375634
   vertex 0.026699 0.399964 1.375182
  endloop
 endfacet
 facet normal -0.068424 -0.420922 0.904513
  outer loop
   vertex -0.020466 0.487125 1.445459
   vertex -0.020635 0.438564 1.422848
   vertex 0.033649 0.485815 1.448943
  endloop
 endfacet
 facet normal -0.039611 -0.447805 0.893253
  outer loop
   vertex 0.033649 0.485815 1.448943
   vertex -0.020635 0.438564 1.422848
   vertex 0.033540 0.437115 1.424524
  endloop
 endfacet
 facet normal -0.119432 -0.093465 0.988433
  outer loop
   vertex -0.022995 0.541045 1.450252
   vertex -0.020466 0.487125 1.445459
   vertex 0.032534 0.540319 1.456893
  endloop
 endfacet
 facet normal -0.067070 -0.145351 0.987104
  outer loop
   vertex 0.032534 0.540319 1.456893
   vertex -0.020466 0.487125 1.445459
   vertex 0.033649 0.485815 1.448943
  endloop
 endfacet
 facet normal -0.096804 0.167825 0.981052
  outer loop
   vertex -0.033892 0.589405 1.440904
   vertex -0.022995 0.541045 1.450252
   vertex 0.022183 0.596953 1.445146
  endloop
 endfacet
 facet normal -0.114429 0.181668 0.976679
  outer loop
   vertex 0.022183 0.596953 1.445146
   vertex -0.022995 0.541045 1.450252
   vertex 0.032534 0.540319 1.456893
  endloop
 endfacet
 facet normal 0.007631 0.932969 0.359877
  outer loop
   vertex 0.033582 0.623900 1.375045
   vertex -0.023067 0.624540 1.374587
   vertex 0.022183 0.596953 1.445146
  endloop
 endfacet
 facet normal -0.152432 0.883395 0.443144
  outer loop
   vertex 0.022183 0.596953 1.445146
   vertex -0.023067 0.624540 1.374587
   vertex -0.033892 0.589405 1.440904
  endloop
 endfacet
 facet normal 0.007336 0.999972 0.001137
  outer loop
   vertex 0.034438 0.623956 1.320249
   vertex -0.021588 0.624367 1.320297
   vertex 0.033582 0.623900 1.375045
  endloop
 endfacet
 facet normal 0.011320 0.999932 -0.002877
  outer loop
   vertex 0.033582 0.623900 1.375045
   vertex -0.021588 0.624367 1.320297
   vertex -0.023067 0.624540 1.374587
  endloop
 endfacet
 facet normal 0.007539 0.999970 0.001716
  outer loop
   vertex 0.033993 0.624053 1.265682
   vertex -0.021691 0.624473 1.265594
   vertex 0.034438 0.623956 1.320249
  endloop
 endfacet
 facet normal 0.007337 0.999971 0.001923
  outer loop
   vertex 0.034438 0.623956 1.320249
   vertex -0.021691 0.624473 1.265594
   vertex -0.021588 0.624367 1.320297
  endloop
 endfacet
 facet normal 0.011802 0.999930 -0.000207
  outer loop
   vertex 0.034642 0.624034 1.210926
   vertex -0.021278 0.624694 1.210926
   vertex 0.033993 0.624053 1.265682
  endloop
 endfacet
 facet normal 0.007535 0.999963 0.004100
  outer loop
   vertex 0.033993 0.624053 1.265682
   vertex -0.021278 0.624694 1.210926
   vertex -0.021691 0.624473 1.265594
  endloop
 endfacet
 facet normal 0.011784 0.999931 0.000000
  outer loop
   vertex 0.034642 0.624034 1.156318
   vertex -0.021278 0.624693 1.156318
   vertex 0.034642 0.624034 1.210926
  endloop
 endfacet
 facet normal 0.011802 0.999930 -0.000019
  outer loop
   vertex 0.034642 0.624034 1.210926
   vertex -0.021278 0.624693 1.156318
   vertex -0.021278 0.624694 1.210926
  endloop
 endfacet
 facet normal 0.011802 0.999930 0.000000
  outer loop
   vertex 0.034642 0.624034 1.101709
   vertex -0.021278 0.624694 1.101709
   vertex 0.034642 0.624034 1.156318
  endloop
 endfacet
 facet normal 0.011784 0.999931 0.000019
  outer loop
   vertex 0.034642 0.624034 1.156318
   vertex -0.021278 0.624694 1.101709
   vertex -0.021278 0.624693 1.156318
  endloop
 endfacet
 facet normal 0.011802 0.999930 0.000000
  outer loop
   vertex 0.034642 0.624034 1.047101
   vertex -0.021279 0.624694 1.047101
   vertex 0.034642 0.624034 1.101709
  endloop
 endfacet
 facet normal 0.011802 0.999930 -0.000000
  outer loop
   vertex 0.034642 0.624034 1.101709
   vertex -0.021279 0.624694 1.047101
   vertex -0.021278 0.624694 1.101709
  endloop
 endfacet
 facet normal 0.011802 0.999930 0.000000
  outer loop
   vertex 0.034642 0.624034 0.992493
   vertex -0.021279 0.624694 0.992493
   vertex 0.034642 0.624034 1.047101
  endloop
 endfacet
 facet normal 0.011802 0.999930 0.000000
  outer loop
   vertex 0.034642 0.624034 1.047101
   vertex -0.021279 0.624694 0.992493
   vertex -0.021279 0.624694 1.047101
  endloop
 endfacet
 facet normal 0.011802 0.999930 0.000000
  outer loop
   vertex 0.034642 0.624034 0.937884
   vertex -0.021278 0.624694 0.937884
   vertex 0.034642 0.624034 0.992493
  endloop
 endfacet
 facet normal 0.011802 0.999930 0.000000
  outer loop
   vertex 0.034642 0.624034 0.992493
   vertex -0.021278 0.624694 0.937884
   vertex -0.021279 0.624694 0.992493
  endloop
 endfacet
 facet normal 0.011802 0.999930 0.000000
  outer loop
   vertex 0.034642 0.624034 0.883275
   vertex -0.021278 0.624694 0.883275
   vertex 0.034642 0.624034 0.937884
  endloop
 endfacet
 facet normal 0.011802 0.999930 0.000000
  outer loop
   vertex 0.034642 0.624034 0.937884
   vertex -0.021278 0.624694 0.883275
   vertex -0.021278 0.624694 0.937884
  endloop
 endfacet
 facet normal 0.011802 0.999930 0.000000
  outer loop
   vertex 0.034642 0.624034 0.828667
   vertex -0.021279 0.624694 0.828667
   vertex 0.034642 0.624034 0.883275
  endloop
 endfacet
 facet normal 0.011802 0.999930 -0.000000
  outer loop
   vertex 0.034642 0.624034 0.883275
   vertex -0.021279 0.624694 0.828667
   vertex -0.021278 0.624694 0.883275
  endloop
 endfacet
 facet normal 0.011802 0.999930 0.000000
  outer loop
   vertex 0.034642 0.624034 0.774058
   vertex -0.021279 0.624694 0.774058
   vertex 0.034642 0.624034 0.828667
  endloop
 endfacet
 facet normal 0.011802 0.999930 0.000000
  outer loop
   vertex 0.034642 0.624034 0.828667
   vertex -0.021279 0.624694 0.774058
   vertex -0.021279 0.624694 0.828667
  endloop
 endfacet
 facet normal 0.011802 0.999930 0.000000
  outer loop
   vertex 0.034642 0.624034 0.719450
   vertex -0.021278 0.624694 0.719450
   vertex 0.034642 0.624034 0.774058
  endloop
 endfacet
 facet normal 0.011802 0.999930 0.000000
  outer loop
   vertex 0.034642 0.624034 0.774058
   vertex -0.021278 0.624694 0.719450
   vertex -0.021279 0.624694 0.774058
  endloop
 endfacet
 facet normal 0.011784 0.999931 0.000000
  outer loop
   vertex 0.034642 0.624034 0.664842
   vertex -0.021278 0.624693 0.664842
   vertex 0.034642 0.624034 0.719450
  endloop
 endfacet
 facet normal 0.011802 0.999930 -0.000019
  outer loop
   vertex 0.034642 0.624034 0.719450
   vertex -0.021278 0.624693 0.664842
   vertex -0.021278 0.624694 0.719450
  endloop
 endfacet
 facet normal 0.011784 0.999931 0.000000
  outer loop
   vertex 0.034642 0.624034 0.610233
   vertex -0.021278 0.624693 0.610233
   vertex 0.034642 0.624034 0.664842
  endloop
 endfacet
 facet normal 0.011784 0.999931 0.000000
  outer loop
   vertex 0.034642 0.624034 0.664842
   vertex -0.021278 0.624693 0.610233
   vertex -0.021278 0.624693 0.664842
  endloop
 endfacet
 facet normal 0.011784 0.999931 0.000000
  outer loop
   vertex 0.034642 0.624034 0.555625
   vertex -0.021278 0.624693 0.555625
   vertex 0.034642 0.624034 0.610233
  endloop
 endfacet
 facet normal 0.011784 0.999931 0.000000
  outer loop
   vertex 0.034642 0.624034 0.610233
   vertex -0.021278 0.624693 0.555625
   vertex -0.021278 0.624693 0.610233
  endloop
 endfacet
 facet normal 0.011784 0.999931 0.000000
  outer loop
   vertex 0.034642 0.624034 0.501017
   vertex -0.021278 0.624693 0.501017
   vertex 0.034642 0.624034 0.555625
  endloop
 endfacet
 facet normal 0.011784 0.999931 0.000000
  outer loop
   vertex 0.034642 0.624034 0.555625
   vertex -0.021278 0.624693 0.501017
   vertex -0.021278 0.624693 0.555625
  endloop
 endfacet
 facet normal 0.011784 0.999931 0.000000
  outer loop
   vertex 0.034642 0.624034 0.446407
   vertex -0.021278 0.624693 0.446407
   vertex 0.034642 0.624034 0.501017
  endloop
 endfacet
 facet normal 0.011784 0.999931 0.000000
  outer loop
   vertex 0.034642 0.624034 0.501017
   vertex -0.021278 0.624693 0.446407
   vertex -0.021278 0.624693 0.501017
  endloop
 endfacet
 facet normal 0.011784 0.999931 0.000000
  outer loop
   vertex 0.034642 0.624034 0.391799
   vertex -0.021278 0.624693 0.391799
   vertex 0.034642 0.624034 0.446407
  endloop
 endfacet
 facet normal 0.011784 0.999931 0.000000
  outer loop
   vertex 0.034642 0.624034 0.446407
   vertex -0.021278 0.624693 0.391799
   vertex -0.021278 0.624693 0.446407
  endloop
 endfacet
 facet normal 0.011784 0.999931 0.000000
  outer loop
   vertex 0.034642 0.624034 0.337191
   vertex -0.021278 0.624693 0.337191
   vertex 0.034642 0.624034 0.391799
  endloop
 endfacet
 facet normal 0.011784 0.999931 0.000000
  outer loop
   vertex 0.034642 0.624034 0.391799
   vertex -0.021278 0.624693 0.337191
   vertex -0.021278 0.624693 0.391799
  endloop
 endfacet
 facet normal 0.021559 0.810144 -0.585834
  outer loop
   vertex 0.035184 0.591370 0.133908
   vertex 0.047726 0.592037 0.135292
   vertex 0.048071 0.591069 0.133966
  endloop
 endfacet
 facet normal 0.021562 0.810204 -0.585751
  outer loop
   vertex 0.025794 0.591589 0.133865
   vertex -0.007962 0.592376 0.133711
   vertex -0.006893 0.593137 0.134803
  endloop
 endfacet
 facet normal 0.021562 0.810198 -0.585759
  outer loop
   vertex 0.038160 0.606541 0.155000
   vertex 0.009856 0.605066 0.151918
   vertex 0.012872 0.607214 0.155000
  endloop
 endfacet
 facet normal 0.021550 0.810256 -0.585680
  outer loop
   vertex 0.042595 0.606423 0.155000
   vertex 0.009856 0.605066 0.151918
   vertex 0.038160 0.606541 0.155000
  endloop
 endfacet
 facet normal 0.021564 0.810178 -0.585788
  outer loop
   vertex 0.044979 0.599738 0.145842
   vertex 0.009856 0.605066 0.151918
   vertex 0.042595 0.606423 0.155000
  endloop
 endfacet
 facet normal 0.766605 -0.502121 -0.400239
  outer loop
   vertex -0.006893 0.593137 0.134803
   vertex 0.000214 0.598199 0.142065
   vertex 0.009856 0.605066 0.151918
  endloop
 endfacet
 facet normal 0.021564 0.810178 -0.585788
  outer loop
   vertex 0.044979 0.599738 0.145842
   vertex -0.006893 0.593137 0.134803
   vertex 0.009856 0.605066 0.151918
  endloop
 endfacet
 facet normal 0.021561 0.810184 -0.585780
  outer loop
   vertex 0.047726 0.592037 0.135292
   vertex -0.006893 0.593137 0.134803
   vertex 0.044979 0.599738 0.145842
  endloop
 endfacet
 facet normal 0.021561 0.810136 -0.585846
  outer loop
   vertex 0.035184 0.591370 0.133908
   vertex -0.006893 0.593137 0.134803
   vertex 0.047726 0.592037 0.135292
  endloop
 endfacet
 facet normal 0.021581 0.810425 -0.585445
  outer loop
   vertex 0.025794 0.591589 0.133865
   vertex -0.006893 0.593137 0.134803
   vertex 0.035184 0.591370 0.133908
  endloop
 endfacet
 facet normal 0.012852 0.814406 -0.580153
  outer loop
   vertex -0.006893 0.593137 0.134803
   vertex -0.007962 0.592376 0.133711
   vertex -0.008269 0.593178 0.134830
  endloop
 endfacet
 facet normal -0.196040 0.022527 -0.980337
  outer loop
   vertex -0.005277 0.607496 0.155000
   vertex 0.009856 0.605066 0.151918
   vertex -0.000691 0.606759 0.154066
  endloop
 endfacet
 facet normal 0.012614 0.814485 -0.580048
  outer loop
   vertex -0.005277 0.607496 0.155000
   vertex -0.008269 0.593178 0.134830
   vertex -0.013798 0.607628 0.155000
  endloop
 endfacet
 facet normal 0.012755 0.814473 -0.580061
  outer loop
   vertex -0.000691 0.606759 0.154066
   vertex -0.008269 0.593178 0.134830
   vertex -0.005277 0.607496 0.155000
  endloop
 endfacet
 facet normal 0.012586 0.814507 -0.580018
  outer loop
   vertex 0.000214 0.598199 0.142065
   vertex -0.008269 0.593178 0.134830
   vertex -0.000691 0.606759 0.154066
  endloop
 endfacet
 facet normal 0.012849 0.814357 -0.580222
  outer loop
   vertex -0.006893 0.593137 0.134803
   vertex -0.008269 0.593178 0.134830
   vertex 0.000214 0.598199 0.142065
  endloop
 endfacet
 facet normal 0.012619 0.814507 -0.580016
  outer loop
   vertex 0.000214 0.598199 0.142065
   vertex -0.000691 0.606759 0.154066
   vertex 0.009856 0.605066 0.151918
  endloop
 endfacet
 facet normal 0.000256 0.440599 -0.897704
  outer loop
   vertex -0.026726 0.562481 0.119033
   vertex -0.007962 0.592376 0.133711
   vertex 0.032177 0.545709 0.110818
  endloop
 endfacet
 facet normal -0.020352 -0.939719 -0.341340
  outer loop
   vertex -0.007962 0.592376 0.133711
   vertex 0.025794 0.591589 0.133865
   vertex 0.035184 0.591370 0.133908
  endloop
 endfacet
 facet normal 0.022217 0.849695 -0.526807
  outer loop
   vertex -0.007962 0.592376 0.133711
   vertex 0.035184 0.591370 0.133908
   vertex 0.048071 0.591069 0.133966
  endloop
 endfacet
 facet normal 0.014570 0.450447 -0.892684
  outer loop
   vertex 0.032177 0.545709 0.110818
   vertex -0.007962 0.592376 0.133711
   vertex 0.048071 0.591069 0.133966
  endloop
 endfacet
 facet normal 0.003620 0.450097 -0.892972
  outer loop
   vertex 0.032177 0.545709 0.110818
   vertex -0.020769 0.524972 0.100151
   vertex -0.026726 0.562481 0.119033
  endloop
 endfacet
 facet normal 0.000016 0.446952 -0.894558
  outer loop
   vertex -0.020929 0.496277 0.085814
   vertex -0.020769 0.524972 0.100151
   vertex 0.020949 0.481925 0.078644
  endloop
 endfacet
 facet normal 0.003747 0.449840 -0.893101
  outer loop
   vertex 0.020949 0.481925 0.078644
   vertex -0.020769 0.524972 0.100151
   vertex 0.032177 0.545709 0.110818
  endloop
 endfacet
 facet normal -0.002188 0.441796 -0.897113
  outer loop
   vertex 0.020949 0.481925 0.078644
   vertex -0.027543 0.471678 0.073716
   vertex -0.020929 0.496277 0.085814
  endloop
 endfacet
 facet normal 0.007696 0.443362 -0.896309
  outer loop
   vertex 0.030897 0.434964 0.055500
   vertex -0.017668 0.425143 0.050225
   vertex 0.020949 0.481925 0.078644
  endloop
 endfacet
 facet normal -0.004314 0.449907 -0.893065
  outer loop
   vertex 0.020949 0.481925 0.078644
   vertex -0.017668 0.425143 0.050225
   vertex -0.027543 0.471678 0.073716
  endloop
 endfacet
 facet normal 0.003860 -0.999993 0.000074
  outer loop
   vertex -0.020363 -0.624536 0.775381
   vertex -0.020365 -0.624540 0.721267
   vertex 0.025530 -0.624359 0.772771
  endloop
 endfacet
 facet normal 0.004019 -0.999992 -0.000068
  outer loop
   vertex 0.025530 -0.624359 0.772771
   vertex -0.020365 -0.624540 0.721267
   vertex 0.025609 -0.624355 0.718816
  endloop
 endfacet
 facet normal 0.003794 -0.999993 0.000055
  outer loop
   vertex -0.020364 -0.624533 0.829976
   vertex -0.020363 -0.624536 0.775381
   vertex 0.025529 -0.624359 0.827356
  endloop
 endfacet
 facet normal 0.003856 -0.999993 0.000000
  outer loop
   vertex 0.025529 -0.624359 0.827356
   vertex -0.020363 -0.624536 0.775381
   vertex 0.025530 -0.624359 0.772771
  endloop
 endfacet
 facet normal 0.003708 -0.999993 0.000073
  outer loop
   vertex -0.020362 -0.624529 0.884584
   vertex -0.020364 -0.624533 0.829976
   vertex 0.025528 -0.624359 0.881965
  endloop
 endfacet
 facet normal 0.003791 -0.999993 0.000000
  outer loop
   vertex 0.025528 -0.624359 0.881965
   vertex -0.020364 -0.624533 0.829976
   vertex 0.025529 -0.624359 0.827356
  endloop
 endfacet
 facet normal 0.003621 -0.999993 0.000073
  outer loop
   vertex -0.020362 -0.624525 0.939193
   vertex -0.020362 -0.624529 0.884584
   vertex 0.025528 -0.624359 0.936573
  endloop
 endfacet
 facet normal 0.003704 -0.999993 0.000000
  outer loop
   vertex 0.025528 -0.624359 0.936573
   vertex -0.020362 -0.624529 0.884584
   vertex 0.025528 -0.624359 0.881965
  endloop
 endfacet
 facet normal 0.002734 -0.999996 0.000920
  outer loop
   vertex -0.020440 -0.624475 0.993795
   vertex -0.020362 -0.624525 0.939193
   vertex 0.025437 -0.624352 0.991196
  endloop
 endfacet
 facet normal 0.003625 -0.999993 0.000135
  outer loop
   vertex 0.025437 -0.624352 0.991196
   vertex -0.020362 -0.624525 0.939193
   vertex 0.025528 -0.624359 0.936573
  endloop
 endfacet
 facet normal 0.001855 -0.999997 0.001380
  outer loop
   vertex -0.021107 -0.624401 1.048323
   vertex -0.020440 -0.624475 0.993795
   vertex 0.025178 -0.624318 1.046243
  endloop
 endfacet
 facet normal 0.002717 -0.999996 0.000630
  outer loop
   vertex 0.025178 -0.624318 1.046243
   vertex -0.020440 -0.624475 0.993795
   vertex 0.025437 -0.624352 0.991196
  endloop
 endfacet
 facet normal -0.011390 -0.999894 0.009105
  outer loop
   vertex -0.031038 -0.623839 1.097612
   vertex -0.021107 -0.624401 1.048323
   vertex 0.019335 -0.624355 1.103961
  endloop
 endfacet
 facet normal 0.001772 -0.999998 -0.000462
  outer loop
   vertex 0.019335 -0.624355 1.103961
   vertex -0.021107 -0.624401 1.048323
   vertex 0.025178 -0.624318 1.046243
  endloop
 endfacet
 facet normal -0.002681 -0.999992 0.003121
  outer loop
   vertex 0.021799 -0.624247 1.140686
   vertex -0.006452 -0.624187 1.135651
   vertex 0.019335 -0.624355 1.103961
  endloop
 endfacet
 facet normal -0.009896 -0.999947 -0.002751
  outer loop
   vertex 0.019335 -0.624355 1.103961
   vertex -0.006452 -0.624187 1.135651
   vertex -0.031038 -0.623839 1.097612
  endloop
 endfacet
 facet normal -0.010644 0.997376 0.071610
  outer loop
   vertex 0.021799 -0.624247 1.140686
   vertex 0.030348 -0.623844 1.136344
   vertex -0.006452 -0.624187 1.135651
  endloop
 endfacet
 facet normal 0.174598 -0.376423 0.909847
  outer loop
   vertex 0.099392 -0.545100 1.129449
   vertex 0.039727 -0.555565 1.136569
   vertex 0.089138 -0.618163 1.101189
  endloop
 endfacet
 facet normal -0.124272 -0.560760 0.818599
  outer loop
   vertex 0.089138 -0.618163 1.101189
   vertex 0.039727 -0.555565 1.136569
   vertex 0.054324 -0.622221 1.093124
  endloop
 endfacet
 facet normal 0.869947 -0.121074 0.478051
  outer loop
   vertex 0.054324 -0.622221 1.093124
   vertex 0.039727 -0.555565 1.136569
   vertex 0.030348 -0.623844 1.136344
  endloop
 endfacet
 facet normal 0.119042 -0.992885 0.003025
  outer loop
   vertex 0.058716 -0.621871 1.035163
   vertex 0.095828 -0.617351 1.058282
   vertex 0.054324 -0.622221 1.093124
  endloop
 endfacet
 facet normal 0.115943 -0.993256 -0.000719
  outer loop
   vertex 0.054324 -0.622221 1.093124
   vertex 0.095828 -0.617351 1.058282
   vertex 0.089138 -0.618163 1.101189
  endloop
 endfacet
 facet normal 0.124738 -0.992185 0.003101
  outer loop
   vertex 0.059200 -0.621981 0.980496
   vertex 0.096980 -0.617156 1.004575
   vertex 0.058716 -0.621871 1.035163
  endloop
 endfacet
 facet normal 0.121512 -0.992589 -0.000997
  outer loop
   vertex 0.058716 -0.621871 1.035163
   vertex 0.096980 -0.617156 1.004575
   vertex 0.095828 -0.617351 1.058282
  endloop
 endfacet
 facet normal 0.123039 -0.992402 0.000394
  outer loop
   vertex 0.059238 -0.621998 0.925872
   vertex 0.097070 -0.617298 0.949898
   vertex 0.059200 -0.621981 0.980496
  endloop
 endfacet
 facet normal 0.124939 -0.992161 0.002782
  outer loop
   vertex 0.059200 -0.621981 0.980496
   vertex 0.097070 -0.617298 0.949898
   vertex 0.096980 -0.617156 1.004575
  endloop
 endfacet
 facet normal 0.123410 -0.992356 0.000184
  outer loop
   vertex 0.059239 -0.622008 0.871264
   vertex 0.097069 -0.617299 0.895289
   vertex 0.059238 -0.621998 0.925872
  endloop
 endfacet
 facet normal 0.123276 -0.992372 0.000016
  outer loop
   vertex 0.059238 -0.621998 0.925872
   vertex 0.097069 -0.617299 0.895289
   vertex 0.097070 -0.617298 0.949898
  endloop
 endfacet
 facet normal 0.123655 -0.992325 0.000164
  outer loop
   vertex 0.059239 -0.622017 0.816655
   vertex 0.097069 -0.617299 0.840681
   vertex 0.059239 -0.622008 0.871264
  endloop
 endfacet
 facet normal 0.123525 -0.992342 0.000000
  outer loop
   vertex 0.059239 -0.622008 0.871264
   vertex 0.097069 -0.617299 0.840681
   vertex 0.097069 -0.617299 0.895289
  endloop
 endfacet
 facet normal 0.123889 -0.992296 0.000168
  outer loop
   vertex 0.059225 -0.622028 0.762075
   vertex 0.097062 -0.617300 0.786067
   vertex 0.059239 -0.622017 0.816655
  endloop
 endfacet
 facet normal 0.123756 -0.992313 0.000001
  outer loop
   vertex 0.059239 -0.622017 0.816655
   vertex 0.097062 -0.617300 0.786067
   vertex 0.097069 -0.617299 0.840681
  endloop
 endfacet
 facet normal 0.123758 -0.992312 -0.000056
  outer loop
   vertex 0.058776 -0.622081 0.708488
   vertex 0.096736 -0.617348 0.731268
   vertex 0.059225 -0.622028 0.762075
  endloop
 endfacet
 facet normal 0.123910 -0.992293 0.000133
  outer loop
   vertex 0.059225 -0.622028 0.762075
   vertex 0.096736 -0.617348 0.731268
   vertex 0.097062 -0.617300 0.786067
  endloop
 endfacet
 facet normal 0.140282 0.420411 -0.896424
  outer loop
   vertex 0.155334 0.382397 0.043824
   vertex 0.099141 0.383714 0.035648
   vertex 0.131335 0.440225 0.067189
  endloop
 endfacet
 facet normal 0.101911 0.439931 -0.892230
  outer loop
   vertex 0.131335 0.440225 0.067189
   vertex 0.099141 0.383714 0.035648
   vertex 0.075031 0.438414 0.059865
  endloop
 endfacet
 facet normal 0.102341 0.435377 -0.894412
  outer loop
   vertex 0.075031 0.438414 0.059865
   vertex 0.087264 0.496310 0.089447
   vertex 0.131335 0.440225 0.067189
  endloop
 endfacet
 facet normal 0.101204 0.434671 -0.894885
  outer loop
   vertex 0.131335 0.440225 0.067189
   vertex 0.087264 0.496310 0.089447
   vertex 0.143835 0.496150 0.095767
  endloop
 endfacet
 facet normal 0.101109 0.436534 -0.893988
  outer loop
   vertex 0.087264 0.496310 0.089447
   vertex 0.096091 0.550905 0.117104
   vertex 0.143835 0.496150 0.095767
  endloop
 endfacet
 facet normal 0.100257 0.435941 -0.894374
  outer loop
   vertex 0.143835 0.496150 0.095767
   vertex 0.096091 0.550905 0.117104
   vertex 0.156707 0.544020 0.120543
  endloop
 endfacet
 facet normal 0.099698 0.429415 -0.897587
  outer loop
   vertex 0.156707 0.544020 0.120543
   vertex 0.096091 0.550905 0.117104
   vertex 0.145019 0.587966 0.140269
  endloop
 endfacet
 facet normal 0.090133 0.439591 -0.893664
  outer loop
   vertex 0.145019 0.587966 0.140269
   vertex 0.096091 0.550905 0.117104
   vertex 0.097653 0.594846 0.138876
  endloop
 endfacet
 facet normal 0.141156 0.880220 -0.453087
  outer loop
   vertex 0.144991 0.588766 0.141812
   vertex 0.097653 0.594846 0.138876
   vertex 0.100780 0.595740 0.141587
  endloop
 endfacet
 facet normal 0.141153 0.879938 -0.453634
  outer loop
   vertex 0.145019 0.587966 0.140269
   vertex 0.097653 0.594846 0.138876
   vertex 0.144991 0.588766 0.141812
  endloop
 endfacet
 facet normal 0.141143 0.880135 -0.453255
  outer loop
   vertex 0.144991 0.588766 0.141812
   vertex 0.100780 0.595740 0.141587
   vertex 0.144754 0.595541 0.154894
  endloop
 endfacet
 facet normal 0.165656 0.863749 -0.475915
  outer loop
   vertex 0.100780 0.595740 0.141587
   vertex 0.097653 0.594846 0.138876
   vertex 0.097229 0.596453 0.141645
  endloop
 endfacet
 facet normal 0.165622 0.863662 -0.476085
  outer loop
   vertex 0.109592 0.601444 0.155000
   vertex 0.097229 0.596453 0.141645
   vertex 0.095184 0.604207 0.155000
  endloop
 endfacet
 facet normal 0.165655 0.863643 -0.476108
  outer loop
   vertex 0.114550 0.600493 0.155000
   vertex 0.097229 0.596453 0.141645
   vertex 0.109592 0.601444 0.155000
  endloop
 endfacet
 facet normal 0.185470 0.982650 0.000007
  outer loop
   vertex 0.143071 0.608465 0.337191
   vertex 0.089800 0.618520 0.282604
   vertex 0.089798 0.618520 0.337191
  endloop
 endfacet
 facet normal 0.185470 0.982650 0.000000
  outer loop
   vertex 0.143071 0.608465 0.337191
   vertex 0.089798 0.618520 0.337191
   vertex 0.143071 0.608465 0.391799
  endloop
 endfacet
 facet normal 0.185470 0.982650 0.000000
  outer loop
   vertex 0.143071 0.608465 0.391799
   vertex 0.089798 0.618520 0.337191
   vertex 0.089798 0.618520 0.391799
  endloop
 endfacet
 facet normal 0.185470 0.982650 0.000000
  outer loop
   vertex 0.143071 0.608465 0.391799
   vertex 0.089798 0.618520 0.391799
   vertex 0.143071 0.608465 0.446407
  endloop
 endfacet
 facet normal 0.185470 0.982650 0.000000
  outer loop
   vertex 0.143071 0.608465 0.446407
   vertex 0.089798 0.618520 0.391799
   vertex 0.089798 0.618520 0.446407
  endloop
 endfacet
 facet normal 0.185470 0.982650 0.000000
  outer loop
   vertex 0.143071 0.608465 0.446407
   vertex 0.089798 0.618520 0.446407
   vertex 0.143071 0.608465 0.501017
  endloop
 endfacet
 facet normal 0.185470 0.982650 0.000000
  outer loop
   vertex 0.143071 0.608465 0.501017
   vertex 0.089798 0.618520 0.446407
   vertex 0.089798 0.618520 0.501017
  endloop
 endfacet
 facet normal 0.185470 0.982650 0.000000
  outer loop
   vertex 0.143071 0.608465 0.501017
   vertex 0.089798 0.618520 0.501017
   vertex 0.143071 0.608465 0.555625
  endloop
 endfacet
 facet normal 0.185470 0.982650 0.000000
  outer loop
   vertex 0.143071 0.608465 0.555625
   vertex 0.089798 0.618520 0.501017
   vertex 0.089798 0.618520 0.555625
  endloop
 endfacet
 facet normal 0.185470 0.982650 0.000000
  outer loop
   vertex 0.143071 0.608465 0.555625
   vertex 0.089798 0.618520 0.555625
   vertex 0.143071 0.608465 0.610233
  endloop
 endfacet
 facet normal 0.185470 0.982650 0.000000
  outer loop
   vertex 0.143071 0.608465 0.610233
   vertex 0.089798 0.618520 0.555625
   vertex 0.089798 0.618520 0.610233
  endloop
 endfacet
 facet normal 0.185470 0.982650 0.000000
  outer loop
   vertex 0.143071 0.608465 0.610233
   vertex 0.089798 0.618520 0.610233
   vertex 0.143071 0.608465 0.664842
  endloop
 endfacet
 facet normal 0.185470 0.982650 0.000000
  outer loop
   vertex 0.143071 0.608465 0.664842
   vertex 0.089798 0.618520 0.610233
   vertex 0.089798 0.618520 0.664842
  endloop
 endfacet
 facet normal 0.185470 0.982650 0.000000
  outer loop
   vertex 0.143071 0.608465 0.664842
   vertex 0.089798 0.618520 0.664842
   vertex 0.143071 0.608465 0.719450
  endloop
 endfacet
 facet normal 0.185470 0.982650 0.000000
  outer loop
   vertex 0.143071 0.608465 0.719450
   vertex 0.089798 0.618520 0.664842
   vertex 0.089798 0.618520 0.719450
  endloop
 endfacet
 facet normal 0.185470 0.982650 0.000000
  outer loop
   vertex 0.143071 0.608465 0.719450
   vertex 0.089798 0.618520 0.719450
   vertex 0.143071 0.608465 0.774058
  endloop
 endfacet
 facet normal 0.185470 0.982650 0.000000
  outer loop
   vertex 0.143071 0.608465 0.774058
   vertex 0.089798 0.618520 0.719450
   vertex 0.089798 0.618520 0.774058
  endloop
 endfacet
 facet normal 0.185470 0.982650 0.000000
  outer loop
   vertex 0.143071 0.608465 0.774058
   vertex 0.089798 0.618520 0.774058
   vertex 0.143071 0.608465 0.828667
  endloop
 endfacet
 facet normal 0.185474 0.982649 -0.000003
  outer loop
   vertex 0.143071 0.608465 0.828667
   vertex 0.089798 0.618520 0.774058
   vertex 0.089799 0.618520 0.828667
  endloop
 endfacet
 facet normal 0.185474 0.982649 0.000000
  outer loop
   vertex 0.143071 0.608465 0.828667
   vertex 0.089799 0.618520 0.828667
   vertex 0.143071 0.608465 0.883275
  endloop
 endfacet
 facet normal 0.185470 0.982650 0.000003
  outer loop
   vertex 0.143071 0.608465 0.883275
   vertex 0.089799 0.618520 0.828667
   vertex 0.089798 0.618520 0.883275
  endloop
 endfacet
 facet normal 0.185470 0.982650 0.000000
  outer loop
   vertex 0.143071 0.608465 0.883275
   vertex 0.089798 0.618520 0.883275
   vertex 0.143071 0.608465 0.937884
  endloop
 endfacet
 facet normal 0.185474 0.982649 -0.000003
  outer loop
   vertex 0.143071 0.608465 0.937884
   vertex 0.089798 0.618520 0.883275
   vertex 0.089799 0.618520 0.937884
  endloop
 endfacet
 facet normal 0.185474 0.982649 0.000000
  outer loop
   vertex 0.143071 0.608465 0.937884
   vertex 0.089799 0.618520 0.937884
   vertex 0.143071 0.608465 0.992493
  endloop
 endfacet
 facet normal 0.185470 0.982650 0.000003
  outer loop
   vertex 0.143071 0.608465 0.992493
   vertex 0.089799 0.618520 0.937884
   vertex 0.089798 0.618520 0.992493
  endloop
 endfacet
 facet normal 0.185470 0.982650 0.000000
  outer loop
   vertex 0.143071 0.608465 0.992493
   vertex 0.089798 0.618520 0.992493
   vertex 0.143071 0.608465 1.047101
  endloop
 endfacet
 facet normal 0.185470 0.982650 0.000000
  outer loop
   vertex 0.143071 0.608465 1.047101
   vertex 0.089798 0.618520 0.992493
   vertex 0.089798 0.618520 1.047101
  endloop
 endfacet
 facet normal 0.185470 0.982650 -0.000018
  outer loop
   vertex 0.143071 0.608465 1.047101
   vertex 0.089798 0.618520 1.047101
   vertex 0.143071 0.608466 1.101709
  endloop
 endfacet
 facet normal 0.185455 0.982653 -0.000003
  outer loop
   vertex 0.143071 0.608466 1.101709
   vertex 0.089798 0.618520 1.047101
   vertex 0.089799 0.618520 1.101709
  endloop
 endfacet
 facet normal 0.185455 0.982653 0.000018
  outer loop
   vertex 0.143071 0.608466 1.101709
   vertex 0.089799 0.618520 1.101709
   vertex 0.143071 0.608465 1.156318
  endloop
 endfacet
 facet normal 0.185470 0.982650 0.000003
  outer loop
   vertex 0.143071 0.608465 1.156318
   vertex 0.089799 0.618520 1.101709
   vertex 0.089798 0.618520 1.156318
  endloop
 endfacet
 facet normal 0.185470 0.982650 0.000000
  outer loop
   vertex 0.143071 0.608465 1.156318
   vertex 0.089798 0.618520 1.156318
   vertex 0.143071 0.608465 1.210926
  endloop
 endfacet
 facet normal 0.185470 0.982650 0.000000
  outer loop
   vertex 0.143071 0.608465 1.210926
   vertex 0.089798 0.618520 1.156318
   vertex 0.089798 0.618520 1.210926
  endloop
 endfacet
 facet normal 0.185470 0.982650 0.000787
  outer loop
   vertex 0.143071 0.608465 1.210926
   vertex 0.089798 0.618520 1.210926
   vertex 0.143062 0.608423 1.265531
  endloop
 endfacet
 facet normal 0.183401 0.983034 0.002876
  outer loop
   vertex 0.143062 0.608423 1.265531
   vertex 0.089798 0.618520 1.210926
   vertex 0.089938 0.618334 1.265574
  endloop
 endfacet
 facet normal 0.183400 0.983035 0.002405
  outer loop
   vertex 0.143062 0.608423 1.265531
   vertex 0.089938 0.618334 1.265574
   vertex 0.143133 0.608276 1.320189
  endloop
 endfacet
 facet normal 0.183635 0.982992 0.002168
  outer loop
   vertex 0.143133 0.608276 1.320189
   vertex 0.089938 0.618334 1.265574
   vertex 0.090009 0.618200 1.320302
  endloop
 endfacet
 facet normal 0.183633 0.982994 0.000999
  outer loop
   vertex 0.143133 0.608276 1.320189
   vertex 0.090009 0.618200 1.320302
   vertex 0.142488 0.608341 1.374837
  endloop
 endfacet
 facet normal 0.185620 0.982621 -0.000980
  outer loop
   vertex 0.142488 0.608341 1.374837
   vertex 0.090009 0.618200 1.320302
   vertex 0.088704 0.618501 1.374918
  endloop
 endfacet
 facet normal 0.179263 0.946836 0.267145
  outer loop
   vertex 0.142488 0.608341 1.374837
   vertex 0.088704 0.618501 1.374918
   vertex 0.130625 0.592587 1.438634
  endloop
 endfacet
 facet normal 0.050493 0.936290 0.347578
  outer loop
   vertex 0.130625 0.592587 1.438634
   vertex 0.088704 0.618501 1.374918
   vertex 0.075643 0.594666 1.441021
  endloop
 endfacet
 facet normal 0.052445 0.289768 0.955659
  outer loop
   vertex 0.075643 0.594666 1.441021
   vertex 0.086574 0.540071 1.456975
   vertex 0.130625 0.592587 1.438634
  endloop
 endfacet
 facet normal 0.018762 0.315594 0.948709
  outer loop
   vertex 0.130625 0.592587 1.438634
   vertex 0.086574 0.540071 1.456975
   vertex 0.141013 0.541909 1.455287
  endloop
 endfacet
 facet normal 0.035782 -0.152800 0.987609
  outer loop
   vertex 0.086574 0.540071 1.456975
   vertex 0.088283 0.485410 1.448456
   vertex 0.141013 0.541909 1.455287
  endloop
 endfacet
 facet normal -0.120100 -0.007936 0.992730
  outer loop
   vertex 0.141013 0.541909 1.455287
   vertex 0.088283 0.485410 1.448456
   vertex 0.141168 0.486032 1.454859
  endloop
 endfacet
 facet normal -0.097059 -0.514992 0.851682
  outer loop
   vertex 0.088283 0.485410 1.448456
   vertex 0.086513 0.437602 1.419346
   vertex 0.141168 0.486032 1.454859
  endloop
 endfacet
 facet normal 0.002928 -0.593483 0.804841
  outer loop
   vertex 0.141168 0.486032 1.454859
   vertex 0.086513 0.437602 1.419346
   vertex 0.141448 0.434971 1.417206
  endloop
 endfacet
 facet normal 0.003591 -0.584789 0.811177
  outer loop
   vertex 0.086513 0.437602 1.419346
   vertex 0.082958 0.383435 1.380312
   vertex 0.141448 0.434971 1.417206
  endloop
 endfacet
 facet normal -0.066374 -0.529917 0.845448
  outer loop
   vertex 0.141448 0.434971 1.417206
   vertex 0.082958 0.383435 1.380312
   vertex 0.141617 0.373500 1.378690
  endloop
 endfacet
 facet normal -0.125330 -0.828969 0.545071
  outer loop
   vertex 0.082958 0.383435 1.380312
   vertex 0.087436 0.341840 1.318082
   vertex 0.141617 0.373500 1.378690
  endloop
 endfacet
 facet normal -0.088944 -0.847998 0.522483
  outer loop
   vertex 0.141617 0.373500 1.378690
   vertex 0.087436 0.341840 1.318082
   vertex 0.148434 0.330927 1.310754
  endloop
 endfacet
 facet normal -0.023675 -0.645148 0.763691
  outer loop
   vertex 0.087436 0.341840 1.318082
   vertex 0.085826 0.276786 1.263076
   vertex 0.148434 0.330927 1.310754
  endloop
 endfacet
 facet normal 0.068938 -0.703033 0.707808
  outer loop
   vertex 0.148434 0.330927 1.310754
   vertex 0.085826 0.276786 1.263076
   vertex 0.144014 0.274210 1.254850
  endloop
 endfacet
 facet normal 0.098866 -0.504932 0.857478
  outer loop
   vertex 0.085826 0.276786 1.263076
   vertex 0.088657 0.213622 1.225555
   vertex 0.144014 0.274210 1.254850
  endloop
 endfacet
 facet normal 0.101325 -0.506572 0.856223
  outer loop
   vertex 0.144014 0.274210 1.254850
   vertex 0.088657 0.213622 1.225555
   vertex 0.144457 0.213435 1.218841
  endloop
 endfacet
 facet normal 0.116877 -0.181498 0.976421
  outer loop
   vertex 0.088657 0.213622 1.225555
   vertex 0.088032 0.159605 1.215589
   vertex 0.144457 0.213435 1.218841
  endloop
 endfacet
 facet normal -0.005452 -0.054605 0.998493
  outer loop
   vertex 0.144457 0.213435 1.218841
   vertex 0.088032 0.159605 1.215589
   vertex 0.144490 0.157002 1.215755
  endloop
 endfacet
 facet normal -0.014688 -0.256982 0.966305
  outer loop
   vertex 0.088032 0.159605 1.215589
   vertex 0.088988 0.103467 1.200674
   vertex 0.144490 0.157002 1.215755
  endloop
 endfacet
 facet normal -0.016234 -0.255484 0.966677
  outer loop
   vertex 0.144490 0.157002 1.215755
   vertex 0.088988 0.103467 1.200674
   vertex 0.143358 0.103773 1.201668
  endloop
 endfacet
 facet normal -0.017504 -0.115763 0.993123
  outer loop
   vertex 0.088988 0.103467 1.200674
   vertex 0.096196 0.057166 1.195404
   vertex 0.143358 0.103773 1.201668
  endloop
 endfacet
 facet normal 0.078243 -0.210151 0.974533
  outer loop
   vertex 0.143358 0.103773 1.201668
   vertex 0.096196 0.057166 1.195404
   vertex 0.144746 0.052417 1.190482
  endloop
 endfacet
 facet normal 0.063510 -0.327709 0.942642
  outer loop
   vertex 0.096196 0.057166 1.195404
   vertex 0.094753 0.007273 1.178156
   vertex 0.144746 0.052417 1.190482
  endloop
 endfacet
 facet normal 0.035369 -0.299494 0.953443
  outer loop
   vertex 0.144746 0.052417 1.190482
   vertex 0.094753 0.007273 1.178156
   vertex 0.153936 0.006246 1.175638
  endloop
 endfacet
 facet normal 0.031613 -0.411513 0.910855
  outer loop
   vertex 0.153936 0.006246 1.175638
   vertex 0.094753 0.007273 1.178156
   vertex 0.130936 -0.031529 1.159370
  endloop
 endfacet
 facet normal 0.097657 -0.358437 0.928432
  outer loop
   vertex 0.130936 -0.031529 1.159370
   vertex 0.094753 0.007273 1.178156
   vertex 0.083320 -0.033856 1.163480
  endloop
 endfacet
 facet normal 0.098000 -0.382773 0.918630
  outer loop
   vertex 0.083320 -0.033856 1.163480
   vertex 0.088470 -0.068983 1.148294
   vertex 0.130936 -0.031529 1.159370
  endloop
 endfacet
 facet normal 0.009420 -0.293376 0.955951
  outer loop
   vertex 0.130936 -0.031529 1.159370
   vertex 0.088470 -0.068983 1.148294
   vertex 0.141946 -0.070873 1.147187
  endloop
 endfacet
 facet normal -0.005407 -0.614867 0.788612
  outer loop
   vertex 0.088470 -0.068983 1.148294
   vertex 0.099611 -0.104135 1.120963
   vertex 0.141946 -0.070873 1.147187
  endloop
 endfacet
 facet normal 0.061672 -0.665176 0.744135
  outer loop
   vertex 0.141946 -0.070873 1.147187
   vertex 0.099611 -0.104135 1.120963
   vertex 0.155151 -0.101628 1.118601
  endloop
 endfacet
 facet normal 0.060484 -0.564103 0.823486
  outer loop
   vertex 0.155151 -0.101628 1.118601
   vertex 0.099611 -0.104135 1.120963
   vertex 0.136356 -0.162611 1.078207
  endloop
 endfacet
 facet normal 0.137692 -0.526770 0.838781
  outer loop
   vertex 0.136356 -0.162611 1.078207
   vertex 0.099611 -0.104135 1.120963
   vertex 0.076965 -0.161970 1.088359
  endloop
 endfacet
 facet normal 0.118566 -0.666809 0.735736
  outer loop
   vertex 0.076965 -0.161970 1.088359
   vertex 0.092612 -0.211141 1.041273
   vertex 0.136356 -0.162611 1.078207
  endloop
 endfacet
 facet normal -0.135356 -0.519895 0.843438
  outer loop
   vertex 0.136356 -0.162611 1.078207
   vertex 0.092612 -0.211141 1.041273
   vertex 0.128914 -0.225967 1.037960
  endloop
 endfacet
 facet normal 0.013114 -0.263629 0.964535
  outer loop
   vertex 0.128914 -0.225967 1.037960
   vertex 0.081452 -0.265859 1.027702
   vertex 0.140241 -0.277796 1.023640
  endloop
 endfacet
 facet normal 0.044139 -0.120102 0.991780
  outer loop
   vertex 0.081452 -0.265859 1.027702
   vertex 0.087614 -0.332547 1.019352
   vertex 0.140241 -0.277796 1.023640
  endloop
 endfacet
 facet normal -0.052858 -0.027373 0.998227
  outer loop
   vertex 0.140241 -0.277796 1.023640
   vertex 0.087614 -0.332547 1.019352
   vertex 0.141934 -0.334163 1.022184
  endloop
 endfacet
 facet normal -0.048710 0.103656 0.993420
  outer loop
   vertex 0.087614 -0.332547 1.019352
   vertex 0.089019 -0.379816 1.024353
   vertex 0.141934 -0.334163 1.022184
  endloop
 endfacet
 facet normal -0.041549 0.095411 0.994570
  outer loop
   vertex 0.141934 -0.334163 1.022184
   vertex 0.089019 -0.379816 1.024353
   vertex 0.143158 -0.377150 1.026359
  endloop
 endfacet
 facet normal -0.037837 0.016601 0.999146
  outer loop
   vertex 0.089019 -0.379816 1.024353
   vertex 0.100239 -0.436573 1.025721
   vertex 0.143158 -0.377150 1.026359
  endloop
 endfacet
 facet normal -0.024060 0.006644 0.999688
  outer loop
   vertex 0.143158 -0.377150 1.026359
   vertex 0.100239 -0.436573 1.025721
   vertex 0.154813 -0.436965 1.027037
  endloop
 endfacet
 facet normal -0.018065 0.461964 0.886715
  outer loop
   vertex 0.154813 -0.436965 1.027037
   vertex 0.100239 -0.436573 1.025721
   vertex 0.132377 -0.470018 1.043800
  endloop
 endfacet
 facet normal -0.030958 0.452118 0.891421
  outer loop
   vertex 0.132377 -0.470018 1.043800
   vertex 0.100239 -0.436573 1.025721
   vertex 0.077693 -0.472120 1.042967
  endloop
 endfacet
 facet normal -0.038028 0.711069 0.702093
  outer loop
   vertex 0.077693 -0.472120 1.042967
   vertex 0.099010 -0.499375 1.071725
   vertex 0.132377 -0.470018 1.043800
  endloop
 endfacet
 facet normal -0.023626 0.702989 0.710808
  outer loop
   vertex 0.132377 -0.470018 1.043800
   vertex 0.099010 -0.499375 1.071725
   vertex 0.153589 -0.498477 1.072651
  endloop
 endfacet
 facet normal -0.023284 0.807788 0.589013
  outer loop
   vertex 0.153589 -0.498477 1.072651
   vertex 0.099010 -0.499375 1.071725
   vertex 0.132349 -0.521751 1.103730
  endloop
 endfacet
 facet normal 0.003194 0.821118 0.570750
  outer loop
   vertex 0.132349 -0.521751 1.103730
   vertex 0.099010 -0.499375 1.071725
   vertex 0.076926 -0.522259 1.104771
  endloop
 endfacet
 facet normal 0.005952 0.736577 0.676328
  outer loop
   vertex 0.076926 -0.522259 1.104771
   vertex 0.099392 -0.545100 1.129449
   vertex 0.132349 -0.521751 1.103730
  endloop
 endfacet
 facet normal -0.001621 0.741430 0.671028
  outer loop
   vertex 0.132349 -0.521751 1.103730
   vertex 0.099392 -0.545100 1.129449
   vertex 0.153292 -0.544335 1.128734
  endloop
 endfacet
 facet normal 0.011265 0.746734 0.665027
  outer loop
   vertex 0.132349 -0.521751 1.103730
   vertex 0.153292 -0.544335 1.128734
   vertex 0.186496 -0.522444 1.103591
  endloop
 endfacet
 facet normal 0.020851 0.740234 0.672026
  outer loop
   vertex 0.186496 -0.522444 1.103591
   vertex 0.153292 -0.544335 1.128734
   vertex 0.207657 -0.545741 1.128596
  endloop
 endfacet
 facet normal -0.012710 -0.571986 0.820165
  outer loop
   vertex 0.207657 -0.545741 1.128596
   vertex 0.153292 -0.544335 1.128734
   vertex 0.189702 -0.595184 1.093836
  endloop
 endfacet
 facet normal 0.147869 -0.485478 0.861653
  outer loop
   vertex 0.189702 -0.595184 1.093836
   vertex 0.153292 -0.544335 1.128734
   vertex 0.136885 -0.609326 1.094932
  endloop
 endfacet
 facet normal 0.258758 -0.965922 0.006194
  outer loop
   vertex 0.136885 -0.609326 1.094932
   vertex 0.145840 -0.607228 1.048006
   vertex 0.189702 -0.595184 1.093836
  endloop
 endfacet
 facet normal 0.269806 -0.962901 -0.005173
  outer loop
   vertex 0.189702 -0.595184 1.093836
   vertex 0.145840 -0.607228 1.048006
   vertex 0.196598 -0.592997 1.046421
  endloop
 endfacet
 facet normal 0.270168 -0.962784 0.007454
  outer loop
   vertex 0.145840 -0.607228 1.048006
   vertex 0.147174 -0.607273 0.993842
   vertex 0.196598 -0.592997 1.046421
  endloop
 endfacet
 facet normal 0.276975 -0.960877 0.000537
  outer loop
   vertex 0.196598 -0.592997 1.046421
   vertex 0.147174 -0.607273 0.993842
   vertex 0.197726 -0.592702 0.992514
  endloop
 endfacet
 facet normal 0.276970 -0.960878 0.000319
  outer loop
   vertex 0.147174 -0.607273 0.993842
   vertex 0.147223 -0.607277 0.939249
   vertex 0.197726 -0.592702 0.992514
  endloop
 endfacet
 facet normal 0.277310 -0.960781 -0.000030
  outer loop
   vertex 0.197726 -0.592702 0.992514
   vertex 0.147223 -0.607277 0.939249
   vertex 0.197862 -0.592661 0.937939
  endloop
 endfacet
 facet normal 0.277311 -0.960780 0.000010
  outer loop
   vertex 0.147223 -0.607277 0.939249
   vertex 0.147225 -0.607277 0.884641
   vertex 0.197862 -0.592661 0.937939
  endloop
 endfacet
 facet normal 0.277330 -0.960775 -0.000009
  outer loop
   vertex 0.197862 -0.592661 0.937939
   vertex 0.147225 -0.607277 0.884641
   vertex 0.197874 -0.592657 0.883330
  endloop
 endfacet
 facet normal 0.277330 -0.960775 0.000005
  outer loop
   vertex 0.147225 -0.607277 0.884641
   vertex 0.147226 -0.607277 0.830032
   vertex 0.197874 -0.592657 0.883330
  endloop
 endfacet
 facet normal 0.277340 -0.960772 -0.000005
  outer loop
   vertex 0.197874 -0.592657 0.883330
   vertex 0.147226 -0.607277 0.830032
   vertex 0.197873 -0.592657 0.828722
  endloop
 endfacet
 facet normal 0.277340 -0.960772 -0.000013
  outer loop
   vertex 0.147226 -0.607277 0.830032
   vertex 0.147213 -0.607280 0.775414
   vertex 0.197873 -0.592657 0.828722
  endloop
 endfacet
 facet normal 0.277323 -0.960777 0.000004
  outer loop
   vertex 0.197873 -0.592657 0.828722
   vertex 0.147213 -0.607280 0.775414
   vertex 0.197867 -0.592659 0.774109
  endloop
 endfacet
 facet normal 0.277320 -0.960778 -0.000156
  outer loop
   vertex 0.147213 -0.607280 0.775414
   vertex 0.146905 -0.607360 0.720592
   vertex 0.197867 -0.592659 0.774109
  endloop
 endfacet
 facet normal 0.277166 -0.960822 0.000003
  outer loop
   vertex 0.197867 -0.592659 0.774109
   vertex 0.146905 -0.607360 0.720592
   vertex 0.197864 -0.592660 0.719493
  endloop
 endfacet
 facet normal 0.357472 -0.933924 -0.000002
  outer loop
   vertex 0.197867 -0.592659 0.774109
   vertex 0.197864 -0.592660 0.719493
   vertex 0.247775 -0.573556 0.774058
  endloop
 endfacet
 facet normal 0.357474 -0.933923 -0.000004
  outer loop
   vertex 0.247775 -0.573556 0.774058
   vertex 0.197864 -0.592660 0.719493
   vertex 0.247777 -0.573555 0.719450
  endloop
 endfacet
 facet normal 0.357474 -0.933923 0.000060
  outer loop
   vertex 0.197864 -0.592660 0.719493
   vertex 0.197983 -0.592618 0.664920
   vertex 0.247777 -0.573555 0.719450
  endloop
 endfacet
 facet normal 0.357550 -0.933894 -0.000019
  outer loop
   vertex 0.247777 -0.573555 0.719450
   vertex 0.197983 -0.592618 0.664920
   vertex 0.247795 -0.573547 0.664851
  endloop
 endfacet
 facet normal 0.357551 -0.933893 0.000756
  outer loop
   vertex 0.197983 -0.592618 0.664920
   vertex 0.198659 -0.592403 0.610763
   vertex 0.247795 -0.573547 0.664851
  endloop
 endfacet
 facet normal 0.358400 -0.933568 -0.000129
  outer loop
   vertex 0.247795 -0.573547 0.664851
   vertex 0.198659 -0.592403 0.610763
   vertex 0.247929 -0.573488 0.610283
  endloop
 endfacet
 facet normal 0.358416 -0.933560 0.001813
  outer loop
   vertex 0.198659 -0.592403 0.610763
   vertex 0.200777 -0.591694 0.557136
   vertex 0.247929 -0.573488 0.610283
  endloop
 endfacet
 facet normal 0.360614 -0.932715 -0.000427
  outer loop
   vertex 0.247929 -0.573488 0.610283
   vertex 0.200777 -0.591694 0.557136
   vertex 0.248421 -0.573273 0.556107
  endloop
 endfacet
 facet normal 0.360716 -0.932661 0.005270
  outer loop
   vertex 0.200777 -0.591694 0.557136
   vertex 0.207270 -0.589450 0.509837
   vertex 0.248421 -0.573273 0.556107
  endloop
 endfacet
 facet normal 0.366083 -0.930582 -0.000230
  outer loop
   vertex 0.248421 -0.573273 0.556107
   vertex 0.207270 -0.589450 0.509837
   vertex 0.248715 -0.573144 0.502172
  endloop
 endfacet
 facet normal 0.319804 -0.919774 -0.227466
  outer loop
   vertex 0.207270 -0.589450 0.509837
   vertex 0.196818 -0.580609 0.459393
   vertex 0.248715 -0.573144 0.502172
  endloop
 endfacet
 facet normal 0.142535 -0.989790 -0.000195
  outer loop
   vertex 0.248715 -0.573144 0.502172
   vertex 0.196818 -0.580609 0.459393
   vertex 0.248752 -0.573128 0.447824
  endloop
 endfacet
 facet normal 0.139677 -0.990109 -0.013230
  outer loop
   vertex 0.196818 -0.580609 0.459393
   vertex 0.197324 -0.579822 0.405835
   vertex 0.248752 -0.573128 0.447824
  endloop
 endfacet
 facet normal 0.128397 -0.991723 0.000843
  outer loop
   vertex 0.248752 -0.573128 0.447824
   vertex 0.197324 -0.579822 0.405835
   vertex 0.248602 -0.573194 0.393004
  endloop
 endfacet
 facet normal 0.174714 -0.964042 0.200244
  outer loop
   vertex 0.197324 -0.579822 0.405835
   vertex 0.202204 -0.591224 0.346684
   vertex 0.248602 -0.573194 0.393004
  endloop
 endfacet
 facet normal 0.361717 -0.932288 0.000566
  outer loop
   vertex 0.248602 -0.573194 0.393004
   vertex 0.202204 -0.591224 0.346684
   vertex 0.247915 -0.573494 0.337887
  endloop
 endfacet
 facet normal 0.360773 -0.932640 -0.005048
  outer loop
   vertex 0.202204 -0.591224 0.346684
   vertex 0.194752 -0.593778 0.285961
   vertex 0.247915 -0.573494 0.337887
  endloop
 endfacet
 facet normal 0.356253 -0.934389 0.000263
  outer loop
   vertex 0.247915 -0.573494 0.337887
   vertex 0.194752 -0.593778 0.285961
   vertex 0.247641 -0.573614 0.282791
  endloop
 endfacet
 facet normal 0.230262 -0.374033 -0.898376
  outer loop
   vertex 0.261805 -0.374555 0.066079
   vertex 0.201065 -0.388777 0.056432
   vertex 0.243949 -0.319626 0.038633
  endloop
 endfacet
 facet normal 0.246028 -0.381877 -0.890865
  outer loop
   vertex 0.243949 -0.319626 0.038633
   vertex 0.201065 -0.388777 0.056432
   vertex 0.184259 -0.333139 0.027941
  endloop
 endfacet
 facet normal 0.005960 -0.449925 -0.893046
  outer loop
   vertex 0.033546 -0.439691 0.058057
   vertex -0.020771 -0.439168 0.057431
   vertex 0.021530 -0.382642 0.029235
  endloop
 endfacet
 facet normal -0.005437 -0.443097 -0.896457
  outer loop
   vertex 0.021530 -0.382642 0.029235
   vertex -0.020771 -0.439168 0.057431
   vertex -0.032179 -0.382248 0.029366
  endloop
 endfacet
 facet normal 0.006062 -0.443281 -0.896362
  outer loop
   vertex 0.033546 -0.439691 0.058057
   vertex -0.009166 -0.492488 0.083878
   vertex -0.020771 -0.439168 0.057431
  endloop
 endfacet
 facet normal -0.125212 -0.193734 -0.973031
  outer loop
   vertex -0.065605 -0.334680 0.008088
   vertex -0.133676 -0.331071 0.016129
   vertex -0.067527 -0.332368 0.007875
  endloop
 endfacet
 facet normal -0.122523 -0.418773 -0.899787
  outer loop
   vertex -0.129635 -0.379044 0.037906
   vertex -0.133676 -0.331071 0.016129
   vertex -0.086638 -0.380479 0.032719
  endloop
 endfacet
 facet normal -0.128384 -0.423356 -0.896821
  outer loop
   vertex -0.086638 -0.380479 0.032719
   vertex -0.133676 -0.331071 0.016129
   vertex -0.065605 -0.334680 0.008088
  endloop
 endfacet
 facet normal -0.096357 -0.441870 -0.891889
  outer loop
   vertex -0.068775 -0.431293 0.055964
   vertex -0.123251 -0.432483 0.062439
   vertex -0.086638 -0.380479 0.032719
  endloop
 endfacet
 facet normal -0.122354 -0.426119 -0.896355
  outer loop
   vertex -0.086638 -0.380479 0.032719
   vertex -0.123251 -0.432483 0.062439
   vertex -0.129635 -0.379044 0.037906
  endloop
 endfacet
 facet normal -0.087903 -0.434046 -0.896592
  outer loop
   vertex -0.125657 -0.491745 0.091364
   vertex -0.123251 -0.432483 0.062439
   vertex -0.068954 -0.486195 0.083118
  endloop
 endfacet
 facet normal -0.096426 -0.441012 -0.892306
  outer loop
   vertex -0.068954 -0.486195 0.083118
   vertex -0.123251 -0.432483 0.062439
   vertex -0.068775 -0.431293 0.055964
  endloop
 endfacet
 facet normal -0.110534 0.436555 -0.892862
  outer loop
   vertex -0.074726 0.376004 0.029172
   vertex -0.124165 0.390236 0.042251
   vertex -0.079354 0.442043 0.062034
  endloop
 endfacet
 facet normal -0.108523 0.435168 -0.893785
  outer loop
   vertex -0.079354 0.442043 0.062034
   vertex -0.124165 0.390236 0.042251
   vertex -0.141937 0.440501 0.068882
  endloop
 endfacet
 facet normal -0.167942 0.985797 0.000000
  outer loop
   vertex -0.077321 0.620245 0.337191
   vertex -0.131212 0.611064 0.337191
   vertex -0.077321 0.620245 0.391799
  endloop
 endfacet
 facet normal -0.167942 0.985797 0.000000
  outer loop
   vertex -0.077321 0.620245 0.391799
   vertex -0.131212 0.611064 0.337191
   vertex -0.131212 0.611064 0.391799
  endloop
 endfacet
 facet normal -0.167942 0.985797 0.000000
  outer loop
   vertex -0.077321 0.620245 0.391799
   vertex -0.131212 0.611064 0.391799
   vertex -0.077321 0.620245 0.446407
  endloop
 endfacet
 facet normal -0.167942 0.985797 0.000000
  outer loop
   vertex -0.077321 0.620245 0.446407
   vertex -0.131212 0.611064 0.391799
   vertex -0.131212 0.611064 0.446407
  endloop
 endfacet
 facet normal -0.167942 0.985797 0.000000
  outer loop
   vertex -0.077321 0.620245 0.446407
   vertex -0.131212 0.611064 0.446407
   vertex -0.077321 0.620245 0.501017
  endloop
 endfacet
 facet normal -0.167942 0.985797 0.000000
  outer loop
   vertex -0.077321 0.620245 0.501017
   vertex -0.131212 0.611064 0.446407
   vertex -0.131212 0.611064 0.501017
  endloop
 endfacet
 facet normal -0.167942 0.985797 0.000000
  outer loop
   vertex -0.077321 0.620245 0.501017
   vertex -0.131212 0.611064 0.501017
   vertex -0.077321 0.620245 0.555625
  endloop
 endfacet
 facet normal -0.167942 0.985797 0.000000
  outer loop
   vertex -0.077321 0.620245 0.555625
   vertex -0.131212 0.611064 0.501017
   vertex -0.131212 0.611064 0.555625
  endloop
 endfacet
 facet normal -0.167942 0.985797 0.000000
  outer loop
   vertex -0.077321 0.620245 0.555625
   vertex -0.131212 0.611064 0.555625
   vertex -0.077321 0.620245 0.610233
  endloop
 endfacet
 facet normal -0.167942 0.985797 0.000000
  outer loop
   vertex -0.077321 0.620245 0.610233
   vertex -0.131212 0.611064 0.555625
   vertex -0.131212 0.611064 0.610233
  endloop
 endfacet
 facet normal -0.167942 0.985797 0.000000
  outer loop
   vertex -0.077321 0.620245 0.610233
   vertex -0.131212 0.611064 0.610233
   vertex -0.077321 0.620245 0.664842
  endloop
 endfacet
 facet normal -0.167942 0.985797 0.000000
  outer loop
   vertex -0.077321 0.620245 0.664842
   vertex -0.131212 0.611064 0.610233
   vertex -0.131212 0.611064 0.664842
  endloop
 endfacet
 facet normal -0.167942 0.985797 0.000000
  outer loop
   vertex -0.077321 0.620245 0.664842
   vertex -0.131212 0.611064 0.664842
   vertex -0.077321 0.620245 0.719450
  endloop
 endfacet
 facet normal -0.167942 0.985797 0.000000
  outer loop
   vertex -0.077321 0.620245 0.719450
   vertex -0.131212 0.611064 0.664842
   vertex -0.131212 0.611064 0.719450
  endloop
 endfacet
 facet normal -0.167942 0.985797 0.000000
  outer loop
   vertex -0.077321 0.620245 0.719450
   vertex -0.131212 0.611064 0.719450
   vertex -0.077321 0.620245 0.774058
  endloop
 endfacet
 facet normal -0.167942 0.985797 0.000000
  outer loop
   vertex -0.077321 0.620245 0.774058
   vertex -0.131212 0.611064 0.719450
   vertex -0.131212 0.611064 0.774058
  endloop
 endfacet
 facet normal -0.167942 0.985797 0.000000
  outer loop
   vertex -0.077321 0.620245 0.774058
   vertex -0.131212 0.611064 0.774058
   vertex -0.077321 0.620245 0.828667
  endloop
 endfacet
 facet normal -0.167942 0.985797 0.000000
  outer loop
   vertex -0.077321 0.620245 0.828667
   vertex -0.131212 0.611064 0.774058
   vertex -0.131212 0.611064 0.828667
  endloop
 endfacet
 facet normal -0.167942 0.985797 0.000000
  outer loop
   vertex -0.077321 0.620245 0.828667
   vertex -0.131212 0.611064 0.828667
   vertex -0.077321 0.620245 0.883275
  endloop
 endfacet
 facet normal -0.167942 0.985797 0.000000
  outer loop
   vertex -0.077321 0.620245 0.883275
   vertex -0.131212 0.611064 0.828667
   vertex -0.131212 0.611064 0.883275
  endloop
 endfacet
 facet normal -0.167942 0.985797 0.000000
  outer loop
   vertex -0.077321 0.620245 0.883275
   vertex -0.131212 0.611064 0.883275
   vertex -0.077321 0.620245 0.937884
  endloop
 endfacet
 facet normal -0.167942 0.985797 0.000000
  outer loop
   vertex -0.077321 0.620245 0.937884
   vertex -0.131212 0.611064 0.883275
   vertex -0.131212 0.611064 0.937884
  endloop
 endfacet
 facet normal -0.167942 0.985797 0.000000
  outer loop
   vertex -0.077321 0.620245 0.937884
   vertex -0.131212 0.611064 0.937884
   vertex -0.077321 0.620245 0.992493
  endloop
 endfacet
 facet normal -0.167942 0.985797 0.000000
  outer loop
   vertex -0.077321 0.620245 0.992493
   vertex -0.131212 0.611064 0.937884
   vertex -0.131212 0.611064 0.992493
  endloop
 endfacet
 facet normal -0.167942 0.985797 0.000000
  outer loop
   vertex -0.077321 0.620245 0.992493
   vertex -0.131212 0.611064 0.992493
   vertex -0.077321 0.620245 1.047101
  endloop
 endfacet
 facet normal -0.167942 0.985797 0.000000
  outer loop
   vertex -0.077321 0.620245 1.047101
   vertex -0.131212 0.611064 0.992493
   vertex -0.131212 0.611064 1.047101
  endloop
 endfacet
 facet normal -0.167942 0.985797 0.000000
  outer loop
   vertex -0.077321 0.620245 1.047101
   vertex -0.131212 0.611064 1.047101
   vertex -0.077321 0.620245 1.101709
  endloop
 endfacet
 facet normal -0.167942 0.985797 0.000000
  outer loop
   vertex -0.077321 0.620245 1.101709
   vertex -0.131212 0.611064 1.047101
   vertex -0.131212 0.611064 1.101709
  endloop
 endfacet
 facet normal -0.167942 0.985797 0.000000
  outer loop
   vertex -0.077321 0.620245 1.101709
   vertex -0.131212 0.611064 1.101709
   vertex -0.077321 0.620245 1.156318
  endloop
 endfacet
 facet normal -0.167942 0.985797 0.000000
  outer loop
   vertex -0.077321 0.620245 1.156318
   vertex -0.131212 0.611064 1.101709
   vertex -0.131212 0.611064 1.156318
  endloop
 endfacet
 facet normal -0.167942 0.985797 0.000000
  outer loop
   vertex -0.077321 0.620245 1.156318
   vertex -0.131212 0.611064 1.156318
   vertex -0.077321 0.620245 1.210926
  endloop
 endfacet
 facet normal -0.167942 0.985797 0.000000
  outer loop
   vertex -0.077321 0.620245 1.210926
   vertex -0.131212 0.611064 1.156318
   vertex -0.131212 0.611064 1.210926
  endloop
 endfacet
 facet normal -0.167941 0.985793 0.002637
  outer loop
   vertex -0.077321 0.620245 1.210926
   vertex -0.131212 0.611064 1.210926
   vertex -0.076932 0.620165 1.265597
  endloop
 endfacet
 facet normal -0.166981 0.985959 0.001657
  outer loop
   vertex -0.076932 0.620165 1.265597
   vertex -0.131212 0.611064 1.210926
   vertex -0.131231 0.610969 1.265556
  endloop
 endfacet
 facet normal -0.166981 0.985959 0.001518
  outer loop
   vertex -0.076932 0.620165 1.265597
   vertex -0.131231 0.610969 1.265556
   vertex -0.077220 0.620032 1.320271
  endloop
 endfacet
 facet normal -0.167865 0.985807 0.002416
  outer loop
   vertex -0.077220 0.620032 1.320271
   vertex -0.131231 0.610969 1.265556
   vertex -0.131219 0.610837 1.320258
  endloop
 endfacet
 facet normal -0.167865 0.985809 -0.001198
  outer loop
   vertex -0.077220 0.620032 1.320271
   vertex -0.131219 0.610837 1.320258
   vertex -0.078771 0.619834 1.374644
  endloop
 endfacet
 facet normal -0.171057 0.985259 0.001971
  outer loop
   vertex -0.078771 0.619834 1.374644
   vertex -0.131219 0.610837 1.320258
   vertex -0.133207 0.610383 1.374671
  endloop
 endfacet
 facet normal -0.154526 0.891251 0.426372
  outer loop
   vertex -0.078771 0.619834 1.374644
   vertex -0.133207 0.610383 1.374671
   vertex -0.090541 0.586189 1.440707
  endloop
 endfacet
 facet normal 0.008083 0.940609 0.339394
  outer loop
   vertex -0.090541 0.586189 1.440707
   vertex -0.133207 0.610383 1.374671
   vertex -0.141479 0.586145 1.442042
  endloop
 endfacet
 facet normal 0.026049 -0.144707 0.989132
  outer loop
   vertex -0.141479 0.586145 1.442042
   vertex -0.130754 0.542415 1.435362
   vertex -0.090541 0.586189 1.440707
  endloop
 endfacet
 facet normal -0.106492 -0.023547 0.994035
  outer loop
   vertex -0.090541 0.586189 1.440707
   vertex -0.130754 0.542415 1.435362
   vertex -0.075398 0.540797 1.441254
  endloop
 endfacet
 facet normal -0.108894 -0.143666 0.983617
  outer loop
   vertex -0.130754 0.542415 1.435362
   vertex -0.117643 0.486996 1.428719
   vertex -0.075398 0.540797 1.441254
  endloop
 endfacet
 facet normal -0.104532 -0.147084 0.983585
  outer loop
   vertex -0.075398 0.540797 1.441254
   vertex -0.117643 0.486996 1.428719
   vertex -0.066324 0.496251 1.435557
  endloop
 endfacet
 facet normal -0.072958 -0.298534 0.951606
  outer loop
   vertex -0.066324 0.496251 1.435557
   vertex -0.117643 0.486996 1.428719
   vertex -0.079703 0.441599 1.417386
  endloop
 endfacet
 facet normal -0.107074 -0.324133 0.939933
  outer loop
   vertex -0.079703 0.441599 1.417386
   vertex -0.117643 0.486996 1.428719
   vertex -0.140532 0.434487 1.408004
  endloop
 endfacet
 facet normal -0.052897 -0.600302 0.798022
  outer loop
   vertex -0.140532 0.434487 1.408004
   vertex -0.130392 0.390950 1.375926
   vertex -0.079703 0.441599 1.417386
  endloop
 endfacet
 facet normal 0.123548 -0.699675 0.703698
  outer loop
   vertex -0.079703 0.441599 1.417386
   vertex -0.130392 0.390950 1.375926
   vertex -0.073588 0.405816 1.380734
  endloop
 endfacet
 facet normal 0.256729 -0.965261 -0.048602
  outer loop
   vertex -0.073588 0.405816 1.380734
   vertex -0.130392 0.390950 1.375926
   vertex -0.108333 0.397712 1.358151
  endloop
 endfacet
 facet normal 0.229613 -0.973274 -0.004008
  outer loop
   vertex -0.108333 0.397712 1.358151
   vertex -0.083655 0.403671 1.324877
   vertex -0.073588 0.405816 1.380734
  endloop
 endfacet
 facet normal 0.211993 -0.705904 0.675840
  outer loop
   vertex -0.142182 0.387211 0.886055
   vertex -0.119674 0.322112 0.811000
   vertex -0.082853 0.404114 0.885100
  endloop
 endfacet
 facet normal 0.537789 -0.685268 0.491112
  outer loop
   vertex -0.082853 0.404114 0.885100
   vertex -0.119674 0.322112 0.811000
   vertex -0.066657 0.363719 0.811000
  endloop
 endfacet
 facet normal 0.000000 -0.000000 1.000000
  outer loop
   vertex -0.066657 0.363719 0.811000
   vertex -0.119674 0.322112 0.811000
   vertex -0.061862 0.325376 0.811000
  endloop
 endfacet
 facet normal -0.047804 0.846703 0.529914
  outer loop
   vertex -0.061862 0.325376 0.811000
   vertex -0.119674 0.322112 0.811000
   vertex -0.070337 0.278817 0.884628
  endloop
 endfacet
 facet normal -0.249795 0.752231 0.609713
  outer loop
   vertex -0.070337 0.278817 0.884628
   vertex -0.119674 0.322112 0.811000
   vertex -0.121671 0.260506 0.886188
  endloop
 endfacet
 facet normal -0.336117 0.941803 -0.005710
  outer loop
   vertex -0.070337 0.278817 0.884628
   vertex -0.121671 0.260506 0.886188
   vertex -0.073619 0.277969 0.937954
  endloop
 endfacet
 facet normal -0.349827 0.936774 0.008713
  outer loop
   vertex -0.073619 0.277969 0.937954
   vertex -0.121671 0.260506 0.886188
   vertex -0.126517 0.258202 0.939339
  endloop
 endfacet
 facet normal -0.350047 0.936732 -0.000262
  outer loop
   vertex -0.073619 0.277969 0.937954
   vertex -0.126517 0.258202 0.939339
   vertex -0.073989 0.277846 0.992541
  endloop
 endfacet
 facet normal -0.350779 0.936458 0.000562
  outer loop
   vertex -0.073989 0.277846 0.992541
   vertex -0.126517 0.258202 0.939339
   vertex -0.126918 0.258019 0.993914
  endloop
 endfacet
 facet normal -0.350782 0.936457 0.000418
  outer loop
   vertex -0.073989 0.277846 0.992541
   vertex -0.126918 0.258019 0.993914
   vertex -0.073996 0.277819 1.047152
  endloop
 endfacet
 facet normal -0.353084 0.935587 0.003029
  outer loop
   vertex -0.073996 0.277819 1.047152
   vertex -0.126918 0.258019 0.993914
   vertex -0.126967 0.257824 1.048429
  endloop
 endfacet
 facet normal -0.353079 0.935588 0.003244
  outer loop
   vertex -0.073996 0.277819 1.047152
   vertex -0.126967 0.257824 1.048429
   vertex -0.074021 0.277621 1.101532
  endloop
 endfacet
 facet normal -0.355754 0.934559 0.006295
  outer loop
   vertex -0.074021 0.277621 1.101532
   vertex -0.126967 0.257824 1.048429
   vertex -0.127267 0.257341 1.103181
  endloop
 endfacet
 facet normal -0.355893 0.934526 0.001409
  outer loop
   vertex -0.074021 0.277621 1.101532
   vertex -0.127267 0.257341 1.103181
   vertex -0.074846 0.277225 1.155793
  endloop
 endfacet
 facet normal -0.353076 0.935593 -0.001800
  outer loop
   vertex -0.074846 0.277225 1.155793
   vertex -0.127267 0.257341 1.103181
   vertex -0.128078 0.257139 1.157259
  endloop
 endfacet
 facet normal -0.353440 0.935250 -0.019691
  outer loop
   vertex -0.074846 0.277225 1.155793
   vertex -0.128078 0.257139 1.157259
   vertex -0.087271 0.273607 1.206970
  endloop
 endfacet
 facet normal -0.382507 0.923918 0.007924
  outer loop
   vertex -0.087271 0.273607 1.206970
   vertex -0.128078 0.257139 1.157259
   vertex -0.140924 0.251387 1.207827
  endloop
 endfacet
 facet normal -0.382853 0.923435 -0.026289
  outer loop
   vertex -0.140924 0.251387 1.207827
   vertex -0.126295 0.258348 1.239294
   vertex -0.087271 0.273607 1.206970
  endloop
 endfacet
 facet normal -0.057321 0.927757 0.368757
  outer loop
   vertex -0.087271 0.273607 1.206970
   vertex -0.126295 0.258348 1.239294
   vertex -0.076872 0.257124 1.250056
  endloop
 endfacet
 facet normal -0.213843 -0.063979 0.974771
  outer loop
   vertex -0.126295 0.258348 1.239294
   vertex -0.131434 0.215494 1.235354
   vertex -0.076872 0.257124 1.250056
  endloop
 endfacet
 facet normal -0.027678 -0.300429 0.953403
  outer loop
   vertex -0.076872 0.257124 1.250056
   vertex -0.131434 0.215494 1.235354
   vertex -0.074538 0.214032 1.236545
  endloop
 endfacet
 facet normal -0.023523 -0.105553 0.994135
  outer loop
   vertex -0.131434 0.215494 1.235354
   vertex -0.131870 0.154985 1.228919
   vertex -0.074538 0.214032 1.236545
  endloop
 endfacet
 facet normal -0.003972 -0.124291 0.992238
  outer loop
   vertex -0.074538 0.214032 1.236545
   vertex -0.131870 0.154985 1.228919
   vertex -0.074789 0.155931 1.229266
  endloop
 endfacet
 facet normal -0.003923 -0.127134 0.991878
  outer loop
   vertex -0.131870 0.154985 1.228919
   vertex -0.135171 0.100770 1.221957
   vertex -0.074789 0.155931 1.229266
  endloop
 endfacet
 facet normal -0.005779 -0.125135 0.992123
  outer loop
   vertex -0.074789 0.155931 1.229266
   vertex -0.135171 0.100770 1.221957
   vertex -0.070536 0.098269 1.222018
  endloop
 endfacet
 facet normal -0.009367 -0.218269 0.975844
  outer loop
   vertex -0.135171 0.100770 1.221957
   vertex -0.130328 0.044337 1.209381
   vertex -0.070536 0.098269 1.222018
  endloop
 endfacet
 facet normal 0.058163 -0.288424 0.955735
  outer loop
   vertex -0.070536 0.098269 1.222018
   vertex -0.130328 0.044337 1.209381
   vertex -0.073104 0.044935 1.206079
  endloop
 endfacet
 facet normal 0.058478 -0.223116 0.973036
  outer loop
   vertex -0.130328 0.044337 1.209381
   vertex -0.128730 -0.005092 1.197951
   vertex -0.073104 0.044935 1.206079
  endloop
 endfacet
 facet normal 0.056540 -0.221055 0.973621
  outer loop
   vertex -0.073104 0.044935 1.206079
   vertex -0.128730 -0.005092 1.197951
   vertex -0.073621 -0.004954 1.194782
  endloop
 endfacet
 facet normal 0.052780 -0.434923 0.898920
  outer loop
   vertex -0.128730 -0.005092 1.197951
   vertex -0.117268 -0.051753 1.174702
   vertex -0.073621 -0.004954 1.194782
  endloop
 endfacet
 facet normal 0.057291 -0.438306 0.896998
  outer loop
   vertex -0.073621 -0.004954 1.194782
   vertex -0.117268 -0.051753 1.174702
   vertex -0.067527 -0.048266 1.173229
  endloop
 endfacet
 facet normal 0.060298 -0.493636 0.867576
  outer loop
   vertex -0.067527 -0.048266 1.173229
   vertex -0.117268 -0.051753 1.174702
   vertex -0.069596 -0.101668 1.142988
  endloop
 endfacet
 facet normal -0.000269 -0.536456 0.843928
  outer loop
   vertex -0.069596 -0.101668 1.142988
   vertex -0.117268 -0.051753 1.174702
   vertex -0.129051 -0.104097 1.141425
  endloop
 endfacet
 facet normal 0.007630 -0.666459 0.745503
  outer loop
   vertex -0.069596 -0.101668 1.142988
   vertex -0.129051 -0.104097 1.141425
   vertex -0.077266 -0.158941 1.091866
  endloop
 endfacet
 facet normal 0.064368 -0.634923 0.769890
  outer loop
   vertex -0.077266 -0.158941 1.091866
   vertex -0.129051 -0.104097 1.141425
   vertex -0.131105 -0.161900 1.093927
  endloop
 endfacet
 facet normal 0.063435 -0.597374 0.799450
  outer loop
   vertex -0.077266 -0.158941 1.091866
   vertex -0.131105 -0.161900 1.093927
   vertex -0.088456 -0.218909 1.047944
  endloop
 endfacet
 facet normal 0.026390 -0.615566 0.787644
  outer loop
   vertex -0.088456 -0.218909 1.047944
   vertex -0.131105 -0.161900 1.093927
   vertex -0.137852 -0.213531 1.053802
  endloop
 endfacet
 facet normal 0.026244 -0.616290 0.787082
  outer loop
   vertex -0.137852 -0.213531 1.053802
   vertex -0.128739 -0.262444 1.015199
   vertex -0.088456 -0.218909 1.047944
  endloop
 endfacet
 facet normal -0.258338 -0.416560 0.871630
  outer loop
   vertex -0.088456 -0.218909 1.047944
   vertex -0.128739 -0.262444 1.015199
   vertex -0.079049 -0.279021 1.022004
  endloop
 endfacet
 facet normal -0.196797 -0.195502 0.960755
  outer loop
   vertex -0.128739 -0.262444 1.015199
   vertex -0.129456 -0.341363 0.998993
   vertex -0.079049 -0.279021 1.022004
  endloop
 endfacet
 facet normal -0.302064 -0.105472 0.947435
  outer loop
   vertex -0.079049 -0.279021 1.022004
   vertex -0.129456 -0.341363 0.998993
   vertex -0.077103 -0.333479 1.016562
  endloop
 endfacet
 facet normal -0.342988 0.485228 0.804309
  outer loop
   vertex -0.129456 -0.341363 0.998993
   vertex -0.128953 -0.384579 1.025279
   vertex -0.077103 -0.333479 1.016562
  endloop
 endfacet
 facet normal 0.044371 0.124078 0.991280
  outer loop
   vertex -0.077103 -0.333479 1.016562
   vertex -0.128953 -0.384579 1.025279
   vertex -0.074010 -0.385484 1.022933
  endloop
 endfacet
 facet normal 0.044842 0.170784 0.984288
  outer loop
   vertex -0.128953 -0.384579 1.025279
   vertex -0.117114 -0.432186 1.033000
   vertex -0.074010 -0.385484 1.022933
  endloop
 endfacet
 facet normal 0.165357 0.059585 0.984432
  outer loop
   vertex -0.074010 -0.385484 1.022933
   vertex -0.117114 -0.432186 1.033000
   vertex -0.063027 -0.434865 1.024077
  endloop
 endfacet
 facet normal 0.167478 0.435726 0.884361
  outer loop
   vertex -0.063027 -0.434865 1.024077
   vertex -0.117114 -0.432186 1.033000
   vertex -0.086175 -0.469292 1.045423
  endloop
 endfacet
 facet normal 0.007680 0.323221 0.946293
  outer loop
   vertex -0.086175 -0.469292 1.045423
   vertex -0.117114 -0.432186 1.033000
   vertex -0.140843 -0.469044 1.045782
  endloop
 endfacet
 facet normal 0.007917 0.667492 0.744575
  outer loop
   vertex -0.140843 -0.469044 1.045782
   vertex -0.119541 -0.499079 1.072481
   vertex -0.086175 -0.469292 1.045423
  endloop
 endfacet
 facet normal 0.033325 0.651304 0.758085
  outer loop
   vertex -0.086175 -0.469292 1.045423
   vertex -0.119541 -0.499079 1.072481
   vertex -0.064975 -0.500665 1.071445
  endloop
 endfacet
 facet normal 0.034592 0.791715 0.609911
  outer loop
   vertex -0.064975 -0.500665 1.071445
   vertex -0.119541 -0.499079 1.072481
   vertex -0.086290 -0.524085 1.103055
  endloop
 endfacet
 facet normal 0.015910 0.782382 0.622596
  outer loop
   vertex -0.086290 -0.524085 1.103055
   vertex -0.119541 -0.499079 1.072481
   vertex -0.140843 -0.523508 1.103724
  endloop
 endfacet
 facet normal 0.016190 0.663922 0.747626
  outer loop
   vertex -0.140843 -0.523508 1.103724
   vertex -0.117930 -0.553374 1.129750
   vertex -0.086290 -0.524085 1.103055
  endloop
 endfacet
 facet normal -0.036126 0.694218 0.718858
  outer loop
   vertex -0.086290 -0.524085 1.103055
   vertex -0.117930 -0.553374 1.129750
   vertex -0.068046 -0.547304 1.126395
  endloop
 endfacet
 facet normal 0.076730 -0.081323 0.993730
  outer loop
   vertex -0.068046 -0.547304 1.126395
   vertex -0.117930 -0.553374 1.129750
   vertex -0.068216 -0.620660 1.120405
  endloop
 endfacet
 facet normal -0.612257 -0.533419 0.583615
  outer loop
   vertex -0.068216 -0.620660 1.120405
   vertex -0.117930 -0.553374 1.129750
   vertex -0.101070 -0.616327 1.089899
  endloop
 endfacet
 facet normal -0.039026 -0.541902 0.839535
  outer loop
   vertex -0.101070 -0.616327 1.089899
   vertex -0.117930 -0.553374 1.129750
   vertex -0.149503 -0.606577 1.093941
  endloop
 endfacet
 facet normal -0.196768 -0.980424 0.007193
  outer loop
   vertex -0.149503 -0.606577 1.093941
   vertex -0.139209 -0.608999 1.045408
   vertex -0.101070 -0.616327 1.089899
  endloop
 endfacet
 facet normal -0.186976 -0.982363 -0.001520
  outer loop
   vertex -0.101070 -0.616327 1.089899
   vertex -0.139209 -0.608999 1.045408
   vertex -0.100036 -0.616439 1.035101
  endloop
 endfacet
 facet normal -0.186385 -0.982476 0.000808
  outer loop
   vertex -0.139209 -0.608999 1.045408
   vertex -0.138364 -0.609204 0.991112
   vertex -0.100036 -0.616439 1.035101
  endloop
 endfacet
 facet normal -0.191165 -0.981544 0.005127
  outer loop
   vertex -0.100036 -0.616439 1.035101
   vertex -0.138364 -0.609204 0.991112
   vertex -0.099964 -0.616738 0.980534
  endloop
 endfacet
 facet normal -0.192218 -0.981351 0.001168
  outer loop
   vertex -0.138364 -0.609204 0.991112
   vertex -0.138338 -0.609274 0.936525
   vertex -0.099964 -0.616738 0.980534
  endloop
 endfacet
 facet normal -0.192782 -0.981240 0.001678
  outer loop
   vertex -0.099964 -0.616738 0.980534
   vertex -0.138338 -0.609274 0.936525
   vertex -0.099992 -0.616826 0.925870
  endloop
 endfacet
 facet normal -0.192978 -0.981203 0.000947
  outer loop
   vertex -0.138338 -0.609274 0.936525
   vertex -0.138367 -0.609321 0.881925
   vertex -0.099992 -0.616826 0.925870
  endloop
 endfacet
 facet normal -0.191934 -0.981408 0.000000
  outer loop
   vertex -0.099992 -0.616826 0.925870
   vertex -0.138367 -0.609321 0.881925
   vertex -0.099992 -0.616826 0.871262
  endloop
 endfacet
 facet normal -0.191836 -0.981427 0.000366
  outer loop
   vertex -0.138367 -0.609321 0.881925
   vertex -0.138333 -0.609348 0.827305
   vertex -0.099992 -0.616826 0.871262
  endloop
 endfacet
 facet normal -0.191432 -0.981506 0.000000
  outer loop
   vertex -0.099992 -0.616826 0.871262
   vertex -0.138333 -0.609348 0.827305
   vertex -0.099992 -0.616826 0.816653
  endloop
 endfacet
 facet normal -0.191397 -0.981513 0.000131
  outer loop
   vertex -0.138333 -0.609348 0.827305
   vertex -0.138468 -0.609329 0.772694
   vertex -0.099992 -0.616826 0.816653
  endloop
 endfacet
 facet normal -0.191264 -0.981539 0.000011
  outer loop
   vertex -0.099992 -0.616826 0.816653
   vertex -0.138468 -0.609329 0.772694
   vertex -0.099995 -0.616826 0.762062
  endloop
 endfacet
 facet normal -0.191269 -0.981538 -0.000007
  outer loop
   vertex -0.138468 -0.609329 0.772694
   vertex -0.138466 -0.609329 0.718112
   vertex -0.099995 -0.616826 0.762062
  endloop
 endfacet
 facet normal -0.191305 -0.981531 0.000026
  outer loop
   vertex -0.099995 -0.616826 0.762062
   vertex -0.138466 -0.609329 0.718112
   vertex -0.100069 -0.616813 0.708118
  endloop
 endfacet
 facet normal -0.191271 -0.981537 0.000161
  outer loop
   vertex -0.138466 -0.609329 0.718112
   vertex -0.138224 -0.609385 0.664172
   vertex -0.100069 -0.616813 0.708118
  endloop
 endfacet
 facet normal -0.191439 -0.981504 0.000313
  outer loop
   vertex -0.100069 -0.616813 0.708118
   vertex -0.138224 -0.609385 0.664172
   vertex -0.100534 -0.616737 0.662007
  endloop
 endfacet
 facet normal -0.178892 -0.404126 -0.897039
  outer loop
   vertex -0.186141 -0.501696 0.105118
   vertex -0.227119 -0.547424 0.133891
   vertex -0.249740 -0.492577 0.113693
  endloop
 endfacet
 facet normal -0.178824 -0.403289 -0.897430
  outer loop
   vertex -0.249740 -0.492577 0.113693
   vertex -0.237126 -0.436530 0.085993
   vertex -0.186141 -0.501696 0.105118
  endloop
 endfacet
 facet normal -0.192634 -0.412075 -0.890554
  outer loop
   vertex -0.186141 -0.501696 0.105118
   vertex -0.237126 -0.436530 0.085993
   vertex -0.181400 -0.438287 0.074752
  endloop
 endfacet
 facet normal -0.193545 -0.396131 -0.897564
  outer loop
   vertex -0.237126 -0.436530 0.085993
   vertex -0.227102 -0.383495 0.060425
   vertex -0.181400 -0.438287 0.074752
  endloop
 endfacet
 facet normal -0.205839 -0.404668 -0.890996
  outer loop
   vertex -0.181400 -0.438287 0.074752
   vertex -0.227102 -0.383495 0.060425
   vertex -0.173145 -0.385226 0.048746
  endloop
 endfacet
 facet normal -0.206303 -0.397188 -0.894249
  outer loop
   vertex -0.173145 -0.385226 0.048746
   vertex -0.227102 -0.383495 0.060425
   vertex -0.194225 -0.327485 0.027963
  endloop
 endfacet
 facet normal -0.249358 -0.371868 -0.894167
  outer loop
   vertex -0.194225 -0.327485 0.027963
   vertex -0.227102 -0.383495 0.060425
   vertex -0.245030 -0.324948 0.041076
  endloop
 endfacet
 facet normal -0.047386 -0.253328 -0.966219
  outer loop
   vertex -0.229206 -0.269375 0.014443
   vertex -0.223417 -0.278990 0.016680
   vertex -0.194225 -0.327485 0.027963
  endloop
 endfacet
 facet normal -0.249989 -0.359646 -0.898977
  outer loop
   vertex -0.245030 -0.324948 0.041076
   vertex -0.229206 -0.269375 0.014443
   vertex -0.194225 -0.327485 0.027963
  endloop
 endfacet
 facet normal -0.264764 -0.366891 -0.891791
  outer loop
   vertex -0.223417 -0.278990 0.016680
   vertex -0.229206 -0.269375 0.014443
   vertex -0.223231 -0.278852 0.016568
  endloop
 endfacet
 facet normal -0.284633 -0.270190 -0.919773
  outer loop
   vertex -0.235148 -0.263643 0.014598
   vertex -0.229480 -0.264392 0.013064
   vertex -0.229206 -0.269375 0.014443
  endloop
 endfacet
 facet normal -0.284822 -0.274123 -0.918549
  outer loop
   vertex -0.235148 -0.263643 0.014598
   vertex -0.229488 -0.264253 0.013025
   vertex -0.229480 -0.264392 0.013064
  endloop
 endfacet
 facet normal -0.344046 -0.274102 -0.898054
  outer loop
   vertex -0.302417 -0.270646 0.040475
   vertex -0.343978 -0.267756 0.055515
   vertex -0.322753 -0.222219 0.033485
  endloop
 endfacet
 facet normal -0.368146 -0.260233 -0.892607
  outer loop
   vertex -0.322753 -0.222219 0.033485
   vertex -0.343978 -0.267756 0.055515
   vertex -0.354134 -0.229982 0.048691
  endloop
 endfacet
 facet normal -0.376496 -0.233914 -0.896401
  outer loop
   vertex -0.322753 -0.222219 0.033485
   vertex -0.354134 -0.229982 0.048691
   vertex -0.348526 -0.197571 0.037878
  endloop
 endfacet
 facet normal -0.323587 -0.159064 -0.932733
  outer loop
   vertex -0.328835 -0.103815 0.011149
   vertex -0.334982 -0.123925 0.016711
   vertex -0.337583 -0.101476 0.013785
  endloop
 endfacet
 facet normal -0.289746 -0.005050 -0.957090
  outer loop
   vertex -0.328835 -0.103815 0.011149
   vertex -0.337583 -0.101476 0.013785
   vertex -0.333382 -0.097457 0.012492
  endloop
 endfacet
 facet normal -0.210836 -0.092318 -0.973152
  outer loop
   vertex -0.338623 -0.059044 0.009985
   vertex -0.337583 -0.101476 0.013785
   vertex -0.339804 -0.050391 0.009420
  endloop
 endfacet
 facet normal -0.211178 -0.092320 -0.973078
  outer loop
   vertex -0.333382 -0.097457 0.012492
   vertex -0.337583 -0.101476 0.013785
   vertex -0.338623 -0.059044 0.009985
  endloop
 endfacet
 facet normal -0.167934 -0.025786 -0.985461
  outer loop
   vertex -0.338031 -0.041709 0.008698
   vertex -0.339929 -0.047501 0.009173
   vertex -0.340243 -0.019545 0.008495
  endloop
 endfacet
 facet normal -0.167863 -0.025810 -0.985472
  outer loop
   vertex -0.337662 -0.045407 0.008732
   vertex -0.339929 -0.047501 0.009173
   vertex -0.338031 -0.041709 0.008698
  endloop
 endfacet
 facet normal -0.167953 -0.025788 -0.985458
  outer loop
   vertex -0.338031 -0.041709 0.008698
   vertex -0.340243 -0.019545 0.008495
   vertex -0.339573 -0.006101 0.008029
  endloop
 endfacet
 facet normal -0.197492 0.040150 -0.979482
  outer loop
   vertex -0.337785 0.060120 0.009499
   vertex -0.339612 0.041546 0.009106
   vertex -0.339112 0.060399 0.009778
  endloop
 endfacet
 facet normal -0.197476 0.040149 -0.979485
  outer loop
   vertex -0.337594 0.041884 0.008713
   vertex -0.339612 0.041546 0.009106
   vertex -0.337785 0.060120 0.009499
  endloop
 endfacet
 facet normal -0.204929 0.004064 -0.978768
  outer loop
   vertex -0.337785 0.060120 0.009499
   vertex -0.339112 0.060399 0.009778
   vertex -0.337579 0.061837 0.009463
  endloop
 endfacet
 facet normal -0.284647 0.094812 -0.953932
  outer loop
   vertex -0.330227 0.108831 0.011942
   vertex -0.335471 0.092212 0.011855
   vertex -0.333532 0.109151 0.012960
  endloop
 endfacet
 facet normal -0.285079 0.094982 -0.953786
  outer loop
   vertex -0.337579 0.061837 0.009463
   vertex -0.339112 0.060399 0.009778
   vertex -0.338283 0.064042 0.009893
  endloop
 endfacet
 facet normal -0.284790 0.094857 -0.953885
  outer loop
   vertex -0.330227 0.108831 0.011942
   vertex -0.338333 0.067208 0.010223
   vertex -0.335471 0.092212 0.011855
  endloop
 endfacet
 facet normal -0.285290 0.094904 -0.953731
  outer loop
   vertex -0.338283 0.064042 0.009893
   vertex -0.338333 0.067208 0.010223
   vertex -0.337579 0.061837 0.009463
  endloop
 endfacet
 facet normal -0.347259 0.254701 -0.902518
  outer loop
   vertex -0.292440 0.265428 0.034974
   vertex -0.348944 0.212734 0.041844
   vertex -0.346632 0.267390 0.056379
  endloop
 endfacet
 facet normal -0.295627 0.318604 -0.900609
  outer loop
   vertex -0.292440 0.265428 0.034974
   vertex -0.293031 0.321355 0.054953
   vertex -0.244187 0.312994 0.035962
  endloop
 endfacet
 facet normal -0.281619 0.367795 -0.886238
  outer loop
   vertex -0.244187 0.312994 0.035962
   vertex -0.293031 0.321355 0.054953
   vertex -0.234509 0.372124 0.057426
  endloop
 endfacet
 facet normal -0.262249 0.346175 -0.900771
  outer loop
   vertex -0.234509 0.372124 0.057426
   vertex -0.293031 0.321355 0.054953
   vertex -0.297446 0.382154 0.079604
  endloop
 endfacet
 facet normal -0.253873 0.376771 -0.890838
  outer loop
   vertex -0.234509 0.372124 0.057426
   vertex -0.297446 0.382154 0.079604
   vertex -0.245474 0.427650 0.084035
  endloop
 endfacet
 facet normal -0.242865 0.364970 -0.898785
  outer loop
   vertex -0.297446 0.382154 0.079604
   vertex -0.293225 0.447383 0.104951
   vertex -0.245474 0.427650 0.084035
  endloop
 endfacet
 facet normal -0.429210 0.903205 0.000000
  outer loop
   vertex -0.239171 0.577536 0.282546
   vertex -0.294410 0.551286 0.282477
   vertex -0.239171 0.577536 0.337187
  endloop
 endfacet
 facet normal -0.429278 0.903172 0.000084
  outer loop
   vertex -0.239171 0.577536 0.337187
   vertex -0.294410 0.551286 0.282477
   vertex -0.294475 0.551250 0.337187
  endloop
 endfacet
 facet normal -0.429278 0.903172 0.000000
  outer loop
   vertex -0.239171 0.577536 0.337187
   vertex -0.294475 0.551250 0.337187
   vertex -0.239171 0.577536 0.391799
  endloop
 endfacet
 facet normal -0.429265 0.903178 -0.000016
  outer loop
   vertex -0.239171 0.577536 0.391799
   vertex -0.294475 0.551250 0.337187
   vertex -0.294477 0.551250 0.391800
  endloop
 endfacet
 facet normal -0.429265 0.903178 0.000000
  outer loop
   vertex -0.239171 0.577536 0.391799
   vertex -0.294477 0.551250 0.391800
   vertex -0.239171 0.577536 0.446407
  endloop
 endfacet
 facet normal -0.429265 0.903178 0.000000
  outer loop
   vertex -0.239171 0.577536 0.446407
   vertex -0.294477 0.551250 0.391800
   vertex -0.294477 0.551250 0.446407
  endloop
 endfacet
 facet normal -0.429265 0.903178 0.000000
  outer loop
   vertex -0.239171 0.577536 0.446407
   vertex -0.294477 0.551250 0.446407
   vertex -0.239171 0.577536 0.501017
  endloop
 endfacet
 facet normal -0.429265 0.903178 0.000000
  outer loop
   vertex -0.239171 0.577536 0.501017
   vertex -0.294477 0.551250 0.446407
   vertex -0.294477 0.551250 0.501017
  endloop
 endfacet
 facet normal -0.429265 0.903178 0.000000
  outer loop
   vertex -0.239171 0.577536 0.501017
   vertex -0.294477 0.551250 0.501017
   vertex -0.239171 0.577536 0.555625
  endloop
 endfacet
 facet normal -0.429265 0.903178 0.000000
  outer loop
   vertex -0.239171 0.577536 0.555625
   vertex -0.294477 0.551250 0.501017
   vertex -0.294477 0.551250 0.555625
  endloop
 endfacet
 facet normal -0.429265 0.903178 0.000000
  outer loop
   vertex -0.239171 0.577536 0.555625
   vertex -0.294477 0.551250 0.555625
   vertex -0.239171 0.577536 0.610233
  endloop
 endfacet
 facet normal -0.429265 0.903178 0.000000
  outer loop
   vertex -0.239171 0.577536 0.610233
   vertex -0.294477 0.551250 0.555625
   vertex -0.294477 0.551250 0.610233
  endloop
 endfacet
 facet normal -0.429265 0.903178 0.000000
  outer loop
   vertex -0.239171 0.577536 0.610233
   vertex -0.294477 0.551250 0.610233
   vertex -0.239171 0.577536 0.664842
  endloop
 endfacet
 facet normal -0.429265 0.903178 0.000000
  outer loop
   vertex -0.239171 0.577536 0.664842
   vertex -0.294477 0.551250 0.610233
   vertex -0.294477 0.551250 0.664842
  endloop
 endfacet
 facet normal -0.429265 0.903178 0.000000
  outer loop
   vertex -0.239171 0.577536 0.664842
   vertex -0.294477 0.551250 0.664842
   vertex -0.239171 0.577536 0.719450
  endloop
 endfacet
 facet normal -0.429265 0.903178 0.000000
  outer loop
   vertex -0.239171 0.577536 0.719450
   vertex -0.294477 0.551250 0.664842
   vertex -0.294477 0.551250 0.719450
  endloop
 endfacet
 facet normal -0.429265 0.903178 0.000000
  outer loop
   vertex -0.239171 0.577536 0.719450
   vertex -0.294477 0.551250 0.719450
   vertex -0.239171 0.577536 0.774058
  endloop
 endfacet
 facet normal -0.429265 0.903178 0.000000
  outer loop
   vertex -0.239171 0.577536 0.774058
   vertex -0.294477 0.551250 0.719450
   vertex -0.294477 0.551250 0.774058
  endloop
 endfacet
 facet normal -0.429265 0.903178 0.000000
  outer loop
   vertex -0.239171 0.577536 0.774058
   vertex -0.294477 0.551250 0.774058
   vertex -0.239171 0.577536 0.828667
  endloop
 endfacet
 facet normal -0.429265 0.903178 0.000000
  outer loop
   vertex -0.239171 0.577536 0.828667
   vertex -0.294477 0.551250 0.774058
   vertex -0.294477 0.551250 0.828667
  endloop
 endfacet
 facet normal -0.429265 0.903178 0.000000
  outer loop
   vertex -0.239171 0.577536 0.828667
   vertex -0.294477 0.551250 0.828667
   vertex -0.239171 0.577536 0.883275
  endloop
 endfacet
 facet normal -0.429265 0.903178 0.000000
  outer loop
   vertex -0.239171 0.577536 0.883275
   vertex -0.294477 0.551250 0.828667
   vertex -0.294477 0.551250 0.883275
  endloop
 endfacet
 facet normal -0.429265 0.903178 0.000000
  outer loop
   vertex -0.239171 0.577536 0.883275
   vertex -0.294477 0.551250 0.883275
   vertex -0.239171 0.577536 0.937884
  endloop
 endfacet
 facet normal -0.429265 0.903178 0.000000
  outer loop
   vertex -0.239171 0.577536 0.937884
   vertex -0.294477 0.551250 0.883275
   vertex -0.294477 0.551250 0.937884
  endloop
 endfacet
 facet normal -0.429265 0.903178 0.000000
  outer loop
   vertex -0.239171 0.577536 0.937884
   vertex -0.294477 0.551250 0.937884
   vertex -0.239171 0.577536 0.992493
  endloop
 endfacet
 facet normal -0.429265 0.903178 0.000000
  outer loop
   vertex -0.239171 0.577536 0.992493
   vertex -0.294477 0.551250 0.937884
   vertex -0.294477 0.551250 0.992493
  endloop
 endfacet
 facet normal -0.429265 0.903178 0.000000
  outer loop
   vertex -0.239171 0.577536 0.992493
   vertex -0.294477 0.551250 0.992493
   vertex -0.239171 0.577536 1.047101
  endloop
 endfacet
 facet normal -0.429265 0.903178 0.000000
  outer loop
   vertex -0.239171 0.577536 1.047101
   vertex -0.294477 0.551250 0.992493
   vertex -0.294477 0.551250 1.047101
  endloop
 endfacet
 facet normal -0.429265 0.903178 0.000000
  outer loop
   vertex -0.239171 0.577536 1.047101
   vertex -0.294477 0.551250 1.047101
   vertex -0.239171 0.577536 1.101709
  endloop
 endfacet
 facet normal -0.429265 0.903178 0.000000
  outer loop
   vertex -0.239171 0.577536 1.101709
   vertex -0.294477 0.551250 1.047101
   vertex -0.294477 0.551250 1.101709
  endloop
 endfacet
 facet normal -0.429265 0.903178 0.000000
  outer loop
   vertex -0.239171 0.577536 1.101709
   vertex -0.294477 0.551250 1.101709
   vertex -0.239171 0.577536 1.156318
  endloop
 endfacet
 facet normal -0.429265 0.903178 0.000000
  outer loop
   vertex -0.239171 0.577536 1.156318
   vertex -0.294477 0.551250 1.101709
   vertex -0.294477 0.551250 1.156318
  endloop
 endfacet
 facet normal -0.429265 0.903178 0.000000
  outer loop
   vertex -0.239171 0.577536 1.156318
   vertex -0.294477 0.551250 1.156318
   vertex -0.239171 0.577536 1.210926
  endloop
 endfacet
 facet normal -0.429265 0.903178 0.000000
  outer loop
   vertex -0.239171 0.577536 1.210926
   vertex -0.294477 0.551250 1.156318
   vertex -0.294477 0.551250 1.210926
  endloop
 endfacet
 facet normal -0.429265 0.903178 0.000861
  outer loop
   vertex -0.239171 0.577536 1.210926
   vertex -0.294477 0.551250 1.210926
   vertex -0.239051 0.577541 1.265525
  endloop
 endfacet
 facet normal -0.433606 0.901081 0.006276
  outer loop
   vertex -0.239051 0.577541 1.265525
   vertex -0.294477 0.551250 1.210926
   vertex -0.294342 0.550935 1.265475
  endloop
 endfacet
 facet normal -0.433606 0.901081 0.006285
  outer loop
   vertex -0.239051 0.577541 1.265525
   vertex -0.294342 0.550935 1.265475
   vertex -0.239102 0.577136 1.320074
  endloop
 endfacet
 facet normal -0.425099 0.905137 -0.004268
  outer loop
   vertex -0.239102 0.577136 1.320074
   vertex -0.294342 0.550935 1.265475
   vertex -0.294773 0.550991 1.320287
  endloop
 endfacet
 facet normal -0.425096 0.905145 -0.002535
  outer loop
   vertex -0.239102 0.577136 1.320074
   vertex -0.294773 0.550991 1.320287
   vertex -0.240729 0.576525 1.374734
  endloop
 endfacet
 facet normal -0.431440 0.902127 0.005177
  outer loop
   vertex -0.240729 0.576525 1.374734
   vertex -0.294773 0.550991 1.320287
   vertex -0.300160 0.548083 1.378084
  endloop
 endfacet
 facet normal -0.432209 0.901692 -0.012157
  outer loop
   vertex -0.240729 0.576525 1.374734
   vertex -0.300160 0.548083 1.378084
   vertex -0.249204 0.573048 1.418149
  endloop
 endfacet
 facet normal -0.603159 0.735381 0.308893
  outer loop
   vertex -0.249204 0.573048 1.418149
   vertex -0.300160 0.548083 1.378084
   vertex -0.296164 0.527964 1.433784
  endloop
 endfacet
 facet normal -0.156417 0.465100 0.871330
  outer loop
   vertex -0.249204 0.573048 1.418149
   vertex -0.296164 0.527964 1.433784
   vertex -0.241264 0.539934 1.437250
  endloop
 endfacet
 facet normal -0.343475 0.939103 -0.010475
  outer loop
   vertex -0.186310 0.596430 1.374859
   vertex -0.240729 0.576525 1.374734
   vertex -0.201558 0.591384 1.422455
  endloop
 endfacet
 facet normal -0.359515 0.933128 0.004551
  outer loop
   vertex -0.201558 0.591384 1.422455
   vertex -0.240729 0.576525 1.374734
   vertex -0.249204 0.573048 1.418149
  endloop
 endfacet
 facet normal -0.338310 0.941019 -0.005402
  outer loop
   vertex -0.184182 0.596881 1.320151
   vertex -0.239102 0.577136 1.320074
   vertex -0.186310 0.596430 1.374859
  endloop
 endfacet
 facet normal -0.343516 0.939147 0.000273
  outer loop
   vertex -0.186310 0.596430 1.374859
   vertex -0.239102 0.577136 1.320074
   vertex -0.240729 0.576525 1.374734
  endloop
 endfacet
 facet normal -0.332575 0.943077 0.000164
  outer loop
   vertex -0.184243 0.596869 1.265475
   vertex -0.239051 0.577541 1.265525
   vertex -0.184182 0.596881 1.320151
  endloop
 endfacet
 facet normal -0.338323 0.941007 0.006670
  outer loop
   vertex -0.184182 0.596881 1.320151
   vertex -0.239051 0.577541 1.265525
   vertex -0.239102 0.577136 1.320074
  endloop
 endfacet
 facet normal -0.337375 0.941351 0.006090
  outer loop
   vertex -0.184318 0.597195 1.210926
   vertex -0.239171 0.577536 1.210926
   vertex -0.184243 0.596869 1.265475
  endloop
 endfacet
 facet normal -0.332575 0.943077 0.000644
  outer loop
   vertex -0.184243 0.596869 1.265475
   vertex -0.239171 0.577536 1.210926
   vertex -0.239051 0.577541 1.265525
  endloop
 endfacet
 facet normal -0.337366 0.941373 -0.000017
  outer loop
   vertex -0.184318 0.597194 1.156318
   vertex -0.239171 0.577536 1.156318
   vertex -0.184318 0.597195 1.210926
  endloop
 endfacet
 facet normal -0.337382 0.941368 0.000000
  outer loop
   vertex -0.184318 0.597195 1.210926
   vertex -0.239171 0.577536 1.156318
   vertex -0.239171 0.577536 1.210926
  endloop
 endfacet
 facet normal -0.337366 0.941373 0.000000
  outer loop
   vertex -0.184318 0.597194 1.101709
   vertex -0.239171 0.577536 1.101709
   vertex -0.184318 0.597194 1.156318
  endloop
 endfacet
 facet normal -0.337366 0.941373 0.000000
  outer loop
   vertex -0.184318 0.597194 1.156318
   vertex -0.239171 0.577536 1.101709
   vertex -0.239171 0.577536 1.156318
  endloop
 endfacet
 facet normal -0.337366 0.941373 0.000000
  outer loop
   vertex -0.184318 0.597194 1.047101
   vertex -0.239171 0.577536 1.047101
   vertex -0.184318 0.597194 1.101709
  endloop
 endfacet
 facet normal -0.337366 0.941373 0.000000
  outer loop
   vertex -0.184318 0.597194 1.101709
   vertex -0.239171 0.577536 1.047101
   vertex -0.239171 0.577536 1.101709
  endloop
 endfacet
 facet normal -0.337366 0.941373 0.000000
  outer loop
   vertex -0.184318 0.597194 0.992493
   vertex -0.239171 0.577536 0.992493
   vertex -0.184318 0.597194 1.047101
  endloop
 endfacet
 facet normal -0.337366 0.941373 0.000000
  outer loop
   vertex -0.184318 0.597194 1.047101
   vertex -0.239171 0.577536 0.992493
   vertex -0.239171 0.577536 1.047101
  endloop
 endfacet
 facet normal -0.337366 0.941373 0.000000
  outer loop
   vertex -0.184318 0.597194 0.937884
   vertex -0.239171 0.577536 0.937884
   vertex -0.184318 0.597194 0.992493
  endloop
 endfacet
 facet normal -0.337366 0.941373 0.000000
  outer loop
   vertex -0.184318 0.597194 0.992493
   vertex -0.239171 0.577536 0.937884
   vertex -0.239171 0.577536 0.992493
  endloop
 endfacet
 facet normal -0.337366 0.941373 0.000000
  outer loop
   vertex -0.184318 0.597194 0.883275
   vertex -0.239171 0.577536 0.883275
   vertex -0.184318 0.597194 0.937884
  endloop
 endfacet
 facet normal -0.337366 0.941373 0.000000
  outer loop
   vertex -0.184318 0.597194 0.937884
   vertex -0.239171 0.577536 0.883275
   vertex -0.239171 0.577536 0.937884
  endloop
 endfacet
 facet normal -0.337366 0.941373 0.000000
  outer loop
   vertex -0.184318 0.597194 0.828667
   vertex -0.239171 0.577536 0.828667
   vertex -0.184318 0.597194 0.883275
  endloop
 endfacet
 facet normal -0.337366 0.941373 0.000000
  outer loop
   vertex -0.184318 0.597194 0.883275
   vertex -0.239171 0.577536 0.828667
   vertex -0.239171 0.577536 0.883275
  endloop
 endfacet
 facet normal -0.337366 0.941373 0.000000
  outer loop
   vertex -0.184318 0.597194 0.774058
   vertex -0.239171 0.577536 0.774058
   vertex -0.184318 0.597194 0.828667
  endloop
 endfacet
 facet normal -0.337366 0.941373 0.000000
  outer loop
   vertex -0.184318 0.597194 0.828667
   vertex -0.239171 0.577536 0.774058
   vertex -0.239171 0.577536 0.828667
  endloop
 endfacet
 facet normal -0.337366 0.941373 0.000000
  outer loop
   vertex -0.184318 0.597194 0.719450
   vertex -0.239171 0.577536 0.719450
   vertex -0.184318 0.597194 0.774058
  endloop
 endfacet
 facet normal -0.337366 0.941373 0.000000
  outer loop
   vertex -0.184318 0.597194 0.774058
   vertex -0.239171 0.577536 0.719450
   vertex -0.239171 0.577536 0.774058
  endloop
 endfacet
 facet normal -0.337366 0.941373 0.000000
  outer loop
   vertex -0.184318 0.597194 0.664842
   vertex -0.239171 0.577536 0.664842
   vertex -0.184318 0.597194 0.719450
  endloop
 endfacet
 facet normal -0.337366 0.941373 0.000000
  outer loop
   vertex -0.184318 0.597194 0.719450
   vertex -0.239171 0.577536 0.664842
   vertex -0.239171 0.577536 0.719450
  endloop
 endfacet
 facet normal -0.337366 0.941373 0.000000
  outer loop
   vertex -0.184318 0.597194 0.610233
   vertex -0.239171 0.577536 0.610233
   vertex -0.184318 0.597194 0.664842
  endloop
 endfacet
 facet normal -0.337366 0.941373 0.000000
  outer loop
   vertex -0.184318 0.597194 0.664842
   vertex -0.239171 0.577536 0.610233
   vertex -0.239171 0.577536 0.664842
  endloop
 endfacet
 facet normal -0.337366 0.941373 0.000000
  outer loop
   vertex -0.184318 0.597194 0.555625
   vertex -0.239171 0.577536 0.555625
   vertex -0.184318 0.597194 0.610233
  endloop
 endfacet
 facet normal -0.337366 0.941373 0.000000
  outer loop
   vertex -0.184318 0.597194 0.610233
   vertex -0.239171 0.577536 0.555625
   vertex -0.239171 0.577536 0.610233
  endloop
 endfacet
 facet normal -0.337366 0.941373 0.000000
  outer loop
   vertex -0.184318 0.597194 0.501017
   vertex -0.239171 0.577536 0.501017
   vertex -0.184318 0.597194 0.555625
  endloop
 endfacet
 facet normal -0.337366 0.941373 0.000000
  outer loop
   vertex -0.184318 0.597194 0.555625
   vertex -0.239171 0.577536 0.501017
   vertex -0.239171 0.577536 0.555625
  endloop
 endfacet
 facet normal -0.337366 0.941373 0.000000
  outer loop
   vertex -0.184318 0.597194 0.446407
   vertex -0.239171 0.577536 0.446407
   vertex -0.184318 0.597194 0.501017
  endloop
 endfacet
 facet normal -0.337366 0.941373 0.000000
  outer loop
   vertex -0.184318 0.597194 0.501017
   vertex -0.239171 0.577536 0.446407
   vertex -0.239171 0.577536 0.501017
  endloop
 endfacet
 facet normal -0.337366 0.941373 0.000000
  outer loop
   vertex -0.184318 0.597194 0.391799
   vertex -0.239171 0.577536 0.391799
   vertex -0.184318 0.597194 0.446407
  endloop
 endfacet
 facet normal -0.337366 0.941373 0.000000
  outer loop
   vertex -0.184318 0.597194 0.446407
   vertex -0.239171 0.577536 0.391799
   vertex -0.239171 0.577536 0.446407
  endloop
 endfacet
 facet normal -0.337376 0.941370 0.000011
  outer loop
   vertex -0.184317 0.597195 0.337190
   vertex -0.239171 0.577536 0.337187
   vertex -0.184318 0.597194 0.391799
  endloop
 endfacet
 facet normal -0.337366 0.941373 0.000000
  outer loop
   vertex -0.184318 0.597194 0.391799
   vertex -0.239171 0.577536 0.337187
   vertex -0.239171 0.577536 0.391799
  endloop
 endfacet
 facet normal -0.337376 0.941370 0.000000
  outer loop
   vertex -0.184317 0.597195 0.337190
   vertex -0.239171 0.577536 0.282546
   vertex -0.239171 0.577536 0.337187
  endloop
 endfacet
 facet normal 0.048232 -0.475551 0.878365
  outer loop
   vertex -0.296164 0.527964 1.433784
   vertex -0.294443 0.490252 1.413272
   vertex -0.241264 0.539934 1.437250
  endloop
 endfacet
 facet normal -0.089144 -0.353919 0.931018
  outer loop
   vertex -0.241264 0.539934 1.437250
   vertex -0.294443 0.490252 1.413272
   vertex -0.237683 0.488364 1.417989
  endloop
 endfacet
 facet normal -0.089066 -0.411660 0.906975
  outer loop
   vertex -0.294443 0.490252 1.413272
   vertex -0.294053 0.434098 1.387823
   vertex -0.237683 0.488364 1.417989
  endloop
 endfacet
 facet normal -0.070020 -0.428125 0.901003
  outer loop
   vertex -0.237683 0.488364 1.417989
   vertex -0.294053 0.434098 1.387823
   vertex -0.238897 0.431999 1.391112
  endloop
 endfacet
 facet normal -0.068707 -0.330448 0.941320
  outer loop
   vertex -0.294053 0.434098 1.387823
   vertex -0.295252 0.377922 1.368015
   vertex -0.238897 0.431999 1.391112
  endloop
 endfacet
 facet normal 0.076246 -0.457788 0.885786
  outer loop
   vertex -0.238897 0.431999 1.391112
   vertex -0.295252 0.377922 1.368015
   vertex -0.238300 0.378830 1.363582
  endloop
 endfacet
 facet normal 0.057641 -0.817465 0.573087
  outer loop
   vertex -0.295252 0.377922 1.368015
   vertex -0.290628 0.340206 1.313751
   vertex -0.238300 0.378830 1.363582
  endloop
 endfacet
 facet normal 0.029314 -0.804708 0.592946
  outer loop
   vertex -0.238300 0.378830 1.363582
   vertex -0.290628 0.340206 1.313751
   vertex -0.230369 0.337140 1.306611
  endloop
 endfacet
 facet normal 0.052237 -0.678892 0.732378
  outer loop
   vertex -0.290628 0.340206 1.313751
   vertex -0.293668 0.287362 1.264983
   vertex -0.230369 0.337140 1.306611
  endloop
 endfacet
 facet normal -0.153170 -0.512038 0.845196
  outer loop
   vertex -0.230369 0.337140 1.306611
   vertex -0.293668 0.287362 1.264983
   vertex -0.243772 0.269196 1.263020
  endloop
 endfacet
 facet normal -0.102107 -0.379807 0.919413
  outer loop
   vertex -0.293668 0.287362 1.264983
   vertex -0.295938 0.210460 1.232963
   vertex -0.243772 0.269196 1.263020
  endloop
 endfacet
 facet normal 0.006918 -0.460400 0.887684
  outer loop
   vertex -0.243772 0.269196 1.263020
   vertex -0.295938 0.210460 1.232963
   vertex -0.238104 0.210876 1.232728
  endloop
 endfacet
 facet normal 0.004118 -0.007651 0.999962
  outer loop
   vertex -0.295938 0.210460 1.232963
   vertex -0.290340 0.163821 1.232583
   vertex -0.238104 0.210876 1.232728
  endloop
 endfacet
 facet normal 0.012645 -0.017117 0.999774
  outer loop
   vertex -0.238104 0.210876 1.232728
   vertex -0.290340 0.163821 1.232583
   vertex -0.242045 0.162636 1.231952
  endloop
 endfacet
 facet normal 0.014807 0.072367 0.997268
  outer loop
   vertex -0.290340 0.163821 1.232583
   vertex -0.296381 0.105498 1.236905
   vertex -0.242045 0.162636 1.231952
  endloop
 endfacet
 facet normal 0.196666 -0.102495 0.975099
  outer loop
   vertex -0.242045 0.162636 1.231952
   vertex -0.296381 0.105498 1.236905
   vertex -0.241440 0.107733 1.226059
  endloop
 endfacet
 facet normal 0.197347 -0.245800 0.949019
  outer loop
   vertex -0.296381 0.105498 1.236905
   vertex -0.286641 0.064848 1.224351
   vertex -0.241440 0.107733 1.226059
  endloop
 endfacet
 facet normal 0.132274 -0.178250 0.975054
  outer loop
   vertex -0.241440 0.107733 1.226059
   vertex -0.286641 0.064848 1.224351
   vertex -0.242799 0.075709 1.220389
  endloop
 endfacet
 facet normal 0.153061 -0.271196 0.950276
  outer loop
   vertex -0.242799 0.075709 1.220389
   vertex -0.286641 0.064848 1.224351
   vertex -0.269621 0.043352 1.215475
  endloop
 endfacet
 facet normal 0.168932 -0.283400 0.944006
  outer loop
   vertex -0.269621 0.043352 1.215475
   vertex -0.236882 0.045473 1.210253
   vertex -0.242799 0.075709 1.220389
  endloop
 endfacet
 facet normal 0.014973 -0.152570 0.988179
  outer loop
   vertex -0.308525 0.028245 1.213732
   vertex -0.290302 -0.002202 1.208755
   vertex -0.269621 0.043352 1.215475
  endloop
 endfacet
 facet normal 0.167477 -0.217869 0.961501
  outer loop
   vertex -0.269621 0.043352 1.215475
   vertex -0.290302 -0.002202 1.208755
   vertex -0.236882 0.045473 1.210253
  endloop
 endfacet
 facet normal 0.070003 -0.109593 0.991508
  outer loop
   vertex -0.236882 0.045473 1.210253
   vertex -0.290302 -0.002202 1.208755
   vertex -0.237263 -0.004494 1.204757
  endloop
 endfacet
 facet normal 0.049408 -0.429525 0.901702
  outer loop
   vertex -0.290302 -0.002202 1.208755
   vertex -0.280474 -0.054885 1.183121
   vertex -0.237263 -0.004494 1.204757
  endloop
 endfacet
 facet normal -0.039104 -0.365732 0.929899
  outer loop
   vertex -0.237263 -0.004494 1.204757
   vertex -0.280474 -0.054885 1.183121
   vertex -0.225839 -0.056839 1.184650
  endloop
 endfacet
 facet normal -0.044642 -0.664537 0.745921
  outer loop
   vertex -0.225839 -0.056839 1.184650
   vertex -0.280474 -0.054885 1.183121
   vertex -0.237809 -0.104146 1.141788
  endloop
 endfacet
 facet normal 0.065106 -0.607714 0.791483
  outer loop
   vertex -0.237809 -0.104146 1.141788
   vertex -0.280474 -0.054885 1.183121
   vertex -0.293681 -0.105111 1.145643
  endloop
 endfacet
 facet normal 0.060762 -0.708225 0.703367
  outer loop
   vertex -0.237809 -0.104146 1.141788
   vertex -0.293681 -0.105111 1.145643
   vertex -0.240282 -0.156653 1.089132
  endloop
 endfacet
 facet normal -0.460520 -0.827962 0.320000
  outer loop
   vertex -0.240282 -0.156653 1.089132
   vertex -0.293681 -0.105111 1.145643
   vertex -0.302987 -0.116287 1.103334
  endloop
 endfacet
 facet normal -0.551822 -0.830500 -0.075907
  outer loop
   vertex -0.302987 -0.116287 1.103334
   vertex -0.253949 -0.144125 1.051418
   vertex -0.240282 -0.156653 1.089132
  endloop
 endfacet
 facet normal -0.795542 -0.604780 0.036781
  outer loop
   vertex -0.245503 -0.149289 0.893128
   vertex -0.238211 -0.160705 0.863137
   vertex -0.217824 -0.185960 0.888830
  endloop
 endfacet
 facet normal -0.863024 -0.250227 0.438835
  outer loop
   vertex -0.217824 -0.185960 0.888830
   vertex -0.238211 -0.160705 0.863137
   vertex -0.241804 -0.239748 0.811000
  endloop
 endfacet
 facet normal 0.597679 -0.460200 0.656503
  outer loop
   vertex -0.241804 -0.239748 0.811000
   vertex -0.238211 -0.160705 0.863137
   vertex -0.330179 -0.246944 0.886412
  endloop
 endfacet
 facet normal 0.799683 0.120430 0.588220
  outer loop
   vertex -0.236050 -0.277956 0.811000
   vertex -0.241804 -0.239748 0.811000
   vertex -0.285812 -0.296701 0.882489
  endloop
 endfacet
 facet normal 0.560259 0.444458 0.698976
  outer loop
   vertex -0.285812 -0.296701 0.882489
   vertex -0.241804 -0.239748 0.811000
   vertex -0.330179 -0.246944 0.886412
  endloop
 endfacet
 facet normal 0.736483 0.676447 -0.003592
  outer loop
   vertex -0.287487 -0.294578 0.938860
   vertex -0.285812 -0.296701 0.882489
   vertex -0.321675 -0.257403 0.929963
  endloop
 endfacet
 facet normal 0.746847 0.664852 0.013834
  outer loop
   vertex -0.321675 -0.257403 0.929963
   vertex -0.285812 -0.296701 0.882489
   vertex -0.330179 -0.246944 0.886412
  endloop
 endfacet
 facet normal 0.739023 0.673131 -0.027210
  outer loop
   vertex -0.321675 -0.257403 0.929963
   vertex -0.332734 -0.242868 0.989173
   vertex -0.287487 -0.294578 0.938860
  endloop
 endfacet
 facet normal 0.759451 0.650402 0.014521
  outer loop
   vertex -0.287487 -0.294578 0.938860
   vertex -0.332734 -0.242868 0.989173
   vertex -0.291284 -0.291311 0.991113
  endloop
 endfacet
 facet normal 0.397899 0.464655 0.791057
  outer loop
   vertex -0.291284 -0.291311 0.991113
   vertex -0.305730 -0.339228 1.026525
   vertex -0.258101 -0.321155 0.991952
  endloop
 endfacet
 facet normal 0.478121 0.311153 0.821331
  outer loop
   vertex -0.305730 -0.339228 1.026525
   vertex -0.286541 -0.389282 1.034317
   vertex -0.258101 -0.321155 0.991952
  endloop
 endfacet
 facet normal 0.316568 0.402099 0.859128
  outer loop
   vertex -0.258101 -0.321155 0.991952
   vertex -0.286541 -0.389282 1.034317
   vertex -0.233211 -0.339802 0.991508
  endloop
 endfacet
 facet normal -0.065098 0.692103 0.718857
  outer loop
   vertex -0.233211 -0.339802 0.991508
   vertex -0.286541 -0.389282 1.034317
   vertex -0.229409 -0.380974 1.031492
  endloop
 endfacet
 facet normal 0.599448 0.800361 -0.009146
  outer loop
   vertex -0.233211 -0.339802 0.991508
   vertex -0.245171 -0.331274 0.953906
   vertex -0.258101 -0.321155 0.991952
  endloop
 endfacet
 facet normal 0.546263 0.837610 0.002409
  outer loop
   vertex -0.218939 -0.348762 0.856895
   vertex -0.241647 -0.333945 0.854268
   vertex -0.214803 -0.351548 0.887699
  endloop
 endfacet
 facet normal 0.559862 0.828479 -0.013318
  outer loop
   vertex -0.214803 -0.351548 0.887699
   vertex -0.241647 -0.333945 0.854268
   vertex -0.244247 -0.331479 0.898373
  endloop
 endfacet
 facet normal 0.107732 0.601157 0.791836
  outer loop
   vertex -0.236050 -0.277956 0.811000
   vertex -0.241647 -0.333945 0.854268
   vertex -0.206308 -0.283286 0.811000
  endloop
 endfacet
 facet normal 0.247397 0.523684 0.815199
  outer loop
   vertex -0.206308 -0.283286 0.811000
   vertex -0.241647 -0.333945 0.854268
   vertex -0.218939 -0.348762 0.856895
  endloop
 endfacet
 facet normal -0.911482 0.339069 0.232879
  outer loop
   vertex -0.206308 -0.283286 0.811000
   vertex -0.218939 -0.348762 0.856895
   vertex -0.168641 -0.231156 0.882527
  endloop
 endfacet
 facet normal -0.920019 0.359467 0.156041
  outer loop
   vertex -0.168641 -0.231156 0.882527
   vertex -0.218939 -0.348762 0.856895
   vertex -0.214803 -0.351548 0.887699
  endloop
 endfacet
 facet normal -0.926818 0.359964 0.106926
  outer loop
   vertex -0.168641 -0.231156 0.882527
   vertex -0.214803 -0.351548 0.887699
   vertex -0.163363 -0.235528 0.942994
  endloop
 endfacet
 facet normal -0.914084 0.254997 0.315321
  outer loop
   vertex -0.163363 -0.235528 0.942994
   vertex -0.214803 -0.351548 0.887699
   vertex -0.198039 -0.358046 0.941551
  endloop
 endfacet
 facet normal -0.851400 0.235450 0.468701
  outer loop
   vertex -0.163363 -0.235528 0.942994
   vertex -0.198039 -0.358046 0.941551
   vertex -0.142217 -0.251123 0.989240
  endloop
 endfacet
 facet normal -0.640973 -0.007688 0.767525
  outer loop
   vertex -0.142217 -0.251123 0.989240
   vertex -0.198039 -0.358046 0.941551
   vertex -0.129456 -0.341363 0.998993
  endloop
 endfacet
 facet normal -0.588924 -0.808182 -0.003248
  outer loop
   vertex -0.171497 -0.229795 0.991324
   vertex -0.163363 -0.235528 0.942994
   vertex -0.142217 -0.251123 0.989240
  endloop
 endfacet
 facet normal -0.646594 -0.762824 0.004039
  outer loop
   vertex -0.209431 -0.196502 0.938712
   vertex -0.163363 -0.235528 0.942994
   vertex -0.209073 -0.196502 0.996020
  endloop
 endfacet
 facet normal -0.664610 -0.746828 -0.023264
  outer loop
   vertex -0.209073 -0.196502 0.996020
   vertex -0.163363 -0.235528 0.942994
   vertex -0.171497 -0.229795 0.991324
  endloop
 endfacet
 facet normal -0.664917 -0.746349 -0.029115
  outer loop
   vertex -0.171497 -0.229795 0.991324
   vertex -0.186057 -0.218465 1.033401
   vertex -0.209073 -0.196502 0.996020
  endloop
 endfacet
 facet normal -0.721761 -0.691079 0.038358
  outer loop
   vertex -0.219441 -0.183080 1.042749
   vertex -0.209073 -0.196502 0.996020
   vertex -0.186057 -0.218465 1.033401
  endloop
 endfacet
 facet normal -0.216692 -0.751702 0.622887
  outer loop
   vertex -0.185494 -0.165467 1.097555
   vertex -0.240282 -0.156653 1.089132
   vertex -0.186057 -0.218465 1.033401
  endloop
 endfacet
 facet normal -0.715492 -0.694659 0.074299
  outer loop
   vertex -0.186057 -0.218465 1.033401
   vertex -0.240282 -0.156653 1.089132
   vertex -0.219441 -0.183080 1.042749
  endloop
 endfacet
 facet normal -0.678894 -0.733107 -0.040705
  outer loop
   vertex -0.217824 -0.185960 0.888830
   vertex -0.168641 -0.231156 0.882527
   vertex -0.209431 -0.196502 0.938712
  endloop
 endfacet
 facet normal -0.646448 -0.762957 0.001262
  outer loop
   vertex -0.209431 -0.196502 0.938712
   vertex -0.168641 -0.231156 0.882527
   vertex -0.163363 -0.235528 0.942994
  endloop
 endfacet
 facet normal -0.249854 0.968132 0.017137
  outer loop
   vertex -0.129456 -0.341363 0.998993
   vertex -0.198039 -0.358046 0.941551
   vertex -0.198269 -0.358886 0.985652
  endloop
 endfacet
 facet normal 0.544749 0.835778 -0.068730
  outer loop
   vertex -0.214803 -0.351548 0.887699
   vertex -0.244247 -0.331479 0.898373
   vertex -0.198039 -0.358046 0.941551
  endloop
 endfacet
 facet normal 0.494894 0.868939 0.005026
  outer loop
   vertex -0.198039 -0.358046 0.941551
   vertex -0.244247 -0.331479 0.898373
   vertex -0.245171 -0.331274 0.953906
  endloop
 endfacet
 facet normal 0.497597 0.867198 0.019113
  outer loop
   vertex -0.198039 -0.358046 0.941551
   vertex -0.245171 -0.331274 0.953906
   vertex -0.198269 -0.358886 0.985652
  endloop
 endfacet
 facet normal 0.484539 0.873661 0.044027
  outer loop
   vertex -0.198269 -0.358886 0.985652
   vertex -0.245171 -0.331274 0.953906
   vertex -0.233211 -0.339802 0.991508
  endloop
 endfacet
 facet normal 0.026921 0.150888 0.988184
  outer loop
   vertex -0.229409 -0.380974 1.031492
   vertex -0.286541 -0.389282 1.034317
   vertex -0.231253 -0.429731 1.038987
  endloop
 endfacet
 facet normal 0.022806 0.145370 0.989114
  outer loop
   vertex -0.231253 -0.429731 1.038987
   vertex -0.286541 -0.389282 1.034317
   vertex -0.273886 -0.442910 1.041907
  endloop
 endfacet
 facet normal 0.042623 0.149859 0.987788
  outer loop
   vertex -0.273886 -0.442910 1.041907
   vertex -0.286541 -0.389282 1.034317
   vertex -0.298870 -0.424915 1.040255
  endloop
 endfacet
 facet normal 0.077141 0.196830 0.977398
  outer loop
   vertex -0.298870 -0.424915 1.040255
   vertex -0.303459 -0.459143 1.047510
   vertex -0.273886 -0.442910 1.041907
  endloop
 endfacet
 facet normal -0.113665 0.502836 0.856876
  outer loop
   vertex -0.303459 -0.459143 1.047510
   vertex -0.281866 -0.493110 1.070307
   vertex -0.273886 -0.442910 1.041907
  endloop
 endfacet
 facet normal 0.073820 0.482142 0.872978
  outer loop
   vertex -0.273886 -0.442910 1.041907
   vertex -0.281866 -0.493110 1.070307
   vertex -0.242211 -0.466764 1.052403
  endloop
 endfacet
 facet normal 0.014536 0.546950 0.837039
  outer loop
   vertex -0.242211 -0.466764 1.052403
   vertex -0.281866 -0.493110 1.070307
   vertex -0.228202 -0.498278 1.072752
  endloop
 endfacet
 facet normal 0.043552 0.759378 0.649191
  outer loop
   vertex -0.228202 -0.498278 1.072752
   vertex -0.281866 -0.493110 1.070307
   vertex -0.249459 -0.522652 1.102689
  endloop
 endfacet
 facet normal -0.084342 0.692659 0.716317
  outer loop
   vertex -0.249459 -0.522652 1.102689
   vertex -0.281866 -0.493110 1.070307
   vertex -0.296060 -0.523925 1.098433
  endloop
 endfacet
 facet normal -0.094626 0.356720 0.929407
  outer loop
   vertex -0.296060 -0.523925 1.098433
   vertex -0.281738 -0.557584 1.112810
   vertex -0.249459 -0.522652 1.102689
  endloop
 endfacet
 facet normal -0.186332 0.428360 0.884188
  outer loop
   vertex -0.249459 -0.522652 1.102689
   vertex -0.281738 -0.557584 1.112810
   vertex -0.228979 -0.551653 1.121055
  endloop
 endfacet
 facet normal -0.015939 -0.760547 0.649087
  outer loop
   vertex -0.228979 -0.551653 1.121055
   vertex -0.281738 -0.557584 1.112810
   vertex -0.246855 -0.573876 1.094577
  endloop
 endfacet
 facet normal -0.424246 -0.905544 -0.002513
  outer loop
   vertex -0.246855 -0.573876 1.094577
   vertex -0.281738 -0.557584 1.112810
   vertex -0.280322 -0.558200 1.095730
  endloop
 endfacet
 facet normal -0.424174 -0.905581 0.000075
  outer loop
   vertex -0.280322 -0.558200 1.095730
   vertex -0.280064 -0.558324 1.058112
   vertex -0.246855 -0.573876 1.094577
  endloop
 endfacet
 facet normal -0.415602 -0.909498 -0.009401
  outer loop
   vertex -0.246855 -0.573876 1.094577
   vertex -0.280064 -0.558324 1.058112
   vertex -0.235901 -0.578396 1.047606
  endloop
 endfacet
 facet normal -0.413176 -0.910646 0.002992
  outer loop
   vertex -0.280064 -0.558324 1.058112
   vertex -0.280539 -0.558281 1.005594
   vertex -0.235901 -0.578396 1.047606
  endloop
 endfacet
 facet normal -0.410347 -0.911929 -0.000629
  outer loop
   vertex -0.235901 -0.578396 1.047606
   vertex -0.280539 -0.558281 1.005594
   vertex -0.234301 -0.579079 0.993924
  endloop
 endfacet
 facet normal -0.410234 -0.911980 -0.000090
  outer loop
   vertex -0.280539 -0.558281 1.005594
   vertex -0.281772 -0.557721 0.951285
   vertex -0.234301 -0.579079 0.993924
  endloop
 endfacet
 facet normal -0.411100 -0.911590 0.001071
  outer loop
   vertex -0.234301 -0.579079 0.993924
   vertex -0.281772 -0.557721 0.951285
   vertex -0.234277 -0.579154 0.939241
  endloop
 endfacet
 facet normal -0.411335 -0.911484 -0.000043
  outer loop
   vertex -0.281772 -0.557721 0.951285
   vertex -0.281844 -0.557686 0.896705
   vertex -0.234277 -0.579154 0.939241
  endloop
 endfacet
 facet normal -0.412480 -0.910966 0.001499
  outer loop
   vertex -0.234277 -0.579154 0.939241
   vertex -0.281844 -0.557686 0.896705
   vertex -0.234515 -0.579136 0.884695
  endloop
 endfacet
 facet normal -0.412796 -0.910823 -0.000002
  outer loop
   vertex -0.281844 -0.557686 0.896705
   vertex -0.281848 -0.557684 0.842100
   vertex -0.234515 -0.579136 0.884695
  endloop
 endfacet
 facet normal -0.412792 -0.910825 -0.000008
  outer loop
   vertex -0.234515 -0.579136 0.884695
   vertex -0.281848 -0.557684 0.842100
   vertex -0.234514 -0.579136 0.830087
  endloop
 endfacet
 facet normal -0.412792 -0.910825 -0.000008
  outer loop
   vertex -0.281848 -0.557684 0.842100
   vertex -0.281847 -0.557684 0.787492
   vertex -0.234514 -0.579136 0.830087
  endloop
 endfacet
 facet normal -0.412798 -0.910823 0.000000
  outer loop
   vertex -0.234514 -0.579136 0.830087
   vertex -0.281847 -0.557684 0.787492
   vertex -0.234514 -0.579136 0.775478
  endloop
 endfacet
 facet normal -0.412796 -0.910823 0.000008
  outer loop
   vertex -0.281847 -0.557684 0.787492
   vertex -0.281848 -0.557684 0.732883
   vertex -0.234514 -0.579136 0.775478
  endloop
 endfacet
 facet normal -0.412791 -0.910826 0.000000
  outer loop
   vertex -0.234514 -0.579136 0.775478
   vertex -0.281848 -0.557684 0.732883
   vertex -0.234514 -0.579136 0.720870
  endloop
 endfacet
 facet normal -0.412790 -0.910826 0.000002
  outer loop
   vertex -0.281848 -0.557684 0.732883
   vertex -0.281846 -0.557685 0.678275
   vertex -0.234514 -0.579136 0.720870
  endloop
 endfacet
 facet normal -0.412789 -0.910827 0.000000
  outer loop
   vertex -0.234514 -0.579136 0.720870
   vertex -0.281846 -0.557685 0.678275
   vertex -0.234514 -0.579136 0.666262
  endloop
 endfacet
 facet normal -0.412789 -0.910827 0.000000
  outer loop
   vertex -0.281846 -0.557685 0.678275
   vertex -0.281846 -0.557685 0.623667
   vertex -0.234514 -0.579136 0.666262
  endloop
 endfacet
 facet normal -0.412789 -0.910827 0.000000
  outer loop
   vertex -0.234514 -0.579136 0.666262
   vertex -0.281846 -0.557685 0.623667
   vertex -0.234514 -0.579136 0.611657
  endloop
 endfacet
 facet normal -0.412792 -0.910825 -0.000011
  outer loop
   vertex -0.281846 -0.557685 0.623667
   vertex -0.281849 -0.557683 0.569058
   vertex -0.234514 -0.579136 0.611657
  endloop
 endfacet
 facet normal -0.412875 -0.910788 0.000101
  outer loop
   vertex -0.234514 -0.579136 0.611657
   vertex -0.281849 -0.557683 0.569058
   vertex -0.234609 -0.579099 0.557065
  endloop
 endfacet
 facet normal -0.412898 -0.910777 -0.000006
  outer loop
   vertex -0.281849 -0.557683 0.569058
   vertex -0.281857 -0.557679 0.514450
   vertex -0.234609 -0.579099 0.557065
  endloop
 endfacet
 facet normal -0.413110 -0.910681 0.000278
  outer loop
   vertex -0.234609 -0.579099 0.557065
   vertex -0.281857 -0.557679 0.514450
   vertex -0.234886 -0.578990 0.502467
  endloop
 endfacet
 facet normal -0.413167 -0.910655 0.000007
  outer loop
   vertex -0.281857 -0.557679 0.514450
   vertex -0.281869 -0.557674 0.459842
   vertex -0.234886 -0.578990 0.502467
  endloop
 endfacet
 facet normal -0.413380 -0.910559 0.000290
  outer loop
   vertex -0.234886 -0.578990 0.502467
   vertex -0.281869 -0.557674 0.459842
   vertex -0.235160 -0.578883 0.447843
  endloop
 endfacet
 facet normal -0.413442 -0.910530 -0.000004
  outer loop
   vertex -0.281869 -0.557674 0.459842
   vertex -0.281875 -0.557671 0.405233
   vertex -0.235160 -0.578883 0.447843
  endloop
 endfacet
 facet normal -0.495653 -0.868520 0.000000
  outer loop
   vertex -0.335414 -0.527117 0.393165
   vertex -0.281875 -0.557671 0.405233
   vertex -0.335414 -0.527117 0.447773
  endloop
 endfacet
 facet normal -0.495649 -0.868523 0.000007
  outer loop
   vertex -0.335414 -0.527117 0.447773
   vertex -0.281875 -0.557671 0.405233
   vertex -0.281869 -0.557674 0.459842
  endloop
 endfacet
 facet normal -0.260180 -0.369321 -0.892137
  outer loop
   vertex -0.299582 -0.484039 0.122190
   vertex -0.342867 -0.434211 0.114186
   vertex -0.285054 -0.440478 0.099920
  endloop
 endfacet
 facet normal -0.260155 -0.365476 -0.893726
  outer loop
   vertex -0.285054 -0.440478 0.099920
   vertex -0.342867 -0.434211 0.114186
   vertex -0.293627 -0.381169 0.078162
  endloop
 endfacet
 facet normal -0.287385 -0.341081 -0.895027
  outer loop
   vertex -0.293627 -0.381169 0.078162
   vertex -0.342867 -0.434211 0.114186
   vertex -0.346287 -0.379703 0.094512
  endloop
 endfacet
 facet normal -0.289073 -0.319571 -0.902392
  outer loop
   vertex -0.346287 -0.379703 0.094512
   vertex -0.349078 -0.326040 0.076402
   vertex -0.293627 -0.381169 0.078162
  endloop
 endfacet
 facet normal -0.309987 -0.340141 -0.887813
  outer loop
   vertex -0.293627 -0.381169 0.078162
   vertex -0.349078 -0.326040 0.076402
   vertex -0.291162 -0.321169 0.054314
  endloop
 endfacet
 facet normal -0.313121 -0.318259 -0.894799
  outer loop
   vertex -0.346287 -0.379703 0.094512
   vertex -0.397414 -0.380608 0.112725
   vertex -0.349078 -0.326040 0.076402
  endloop
 endfacet
 facet normal -0.339065 -0.294417 -0.893506
  outer loop
   vertex -0.349078 -0.326040 0.076402
   vertex -0.397414 -0.380608 0.112725
   vertex -0.402039 -0.317538 0.093698
  endloop
 endfacet
 facet normal -0.365758 -0.263245 -0.892706
  outer loop
   vertex -0.426312 -0.280106 0.092605
   vertex -0.390163 -0.268708 0.074433
   vertex -0.402039 -0.317538 0.093698
  endloop
 endfacet
 facet normal -0.383042 -0.232439 -0.894008
  outer loop
   vertex -0.394481 -0.209657 0.060930
   vertex -0.390163 -0.268708 0.074433
   vertex -0.438874 -0.232825 0.085974
  endloop
 endfacet
 facet normal -0.379472 -0.226625 -0.897018
  outer loop
   vertex -0.438874 -0.232825 0.085974
   vertex -0.390163 -0.268708 0.074433
   vertex -0.426312 -0.280106 0.092605
  endloop
 endfacet
 facet normal -0.408203 -0.184316 -0.894090
  outer loop
   vertex -0.438874 -0.232825 0.085974
   vertex -0.449945 -0.169315 0.077936
   vertex -0.394481 -0.209657 0.060930
  endloop
 endfacet
 facet normal -0.410937 -0.189017 -0.891854
  outer loop
   vertex -0.394481 -0.209657 0.060930
   vertex -0.449945 -0.169315 0.077936
   vertex -0.397663 -0.160453 0.051968
  endloop
 endfacet
 facet normal -0.401987 -0.183607 -0.897048
  outer loop
   vertex -0.438874 -0.232825 0.085974
   vertex -0.506643 -0.227398 0.115232
   vertex -0.449945 -0.169315 0.077936
  endloop
 endfacet
 facet normal -0.422625 -0.160237 -0.892027
  outer loop
   vertex -0.449945 -0.169315 0.077936
   vertex -0.506643 -0.227398 0.115232
   vertex -0.505309 -0.162243 0.102896
  endloop
 endfacet
 facet normal -0.428265 -0.128542 -0.894464
  outer loop
   vertex -0.452194 -0.101707 0.069297
   vertex -0.449945 -0.169315 0.077936
   vertex -0.499097 -0.114198 0.093549
  endloop
 endfacet
 facet normal -0.420755 -0.120522 -0.899133
  outer loop
   vertex -0.499097 -0.114198 0.093549
   vertex -0.449945 -0.169315 0.077936
   vertex -0.505309 -0.162243 0.102896
  endloop
 endfacet
 facet normal -0.438001 -0.071893 -0.896095
  outer loop
   vertex -0.453784 -0.046426 0.065639
   vertex -0.452194 -0.101707 0.069297
   vertex -0.500256 -0.059551 0.089407
  endloop
 endfacet
 facet normal -0.441651 -0.077118 -0.893866
  outer loop
   vertex -0.500256 -0.059551 0.089407
   vertex -0.452194 -0.101707 0.069297
   vertex -0.499097 -0.114198 0.093549
  endloop
 endfacet
 facet normal -0.442209 -0.019162 -0.896707
  outer loop
   vertex -0.454227 0.007925 0.064696
   vertex -0.453784 -0.046426 0.065639
   vertex -0.500913 -0.005220 0.088000
  endloop
 endfacet
 facet normal -0.448758 -0.028558 -0.893197
  outer loop
   vertex -0.500913 -0.005220 0.088000
   vertex -0.453784 -0.046426 0.065639
   vertex -0.500256 -0.059551 0.089407
  endloop
 endfacet
 facet normal -0.432973 0.086146 -0.897281
  outer loop
   vertex -0.450927 0.116123 0.070336
   vertex -0.453292 0.062177 0.066298
   vertex -0.498632 0.103285 0.092123
  endloop
 endfacet
 facet normal -0.447287 0.066965 -0.891880
  outer loop
   vertex -0.498632 0.103285 0.092123
   vertex -0.453292 0.062177 0.066298
   vertex -0.500450 0.048882 0.088950
  endloop
 endfacet
 facet normal -0.422094 0.133260 -0.896704
  outer loop
   vertex -0.443247 0.165151 0.074007
   vertex -0.450927 0.116123 0.070336
   vertex -0.490327 0.161663 0.095650
  endloop
 endfacet
 facet normal -0.438320 0.116204 -0.891276
  outer loop
   vertex -0.490327 0.161663 0.095650
   vertex -0.450927 0.116123 0.070336
   vertex -0.498632 0.103285 0.092123
  endloop
 endfacet
 facet normal -0.421959 0.171458 -0.890254
  outer loop
   vertex -0.448724 0.210355 0.085309
   vertex -0.443247 0.165151 0.074007
   vertex -0.490327 0.161663 0.095650
  endloop
 endfacet
 facet normal -0.413083 0.162643 -0.896052
  outer loop
   vertex -0.448724 0.210355 0.085309
   vertex -0.490327 0.161663 0.095650
   vertex -0.492976 0.221080 0.107656
  endloop
 endfacet
 facet normal -0.400315 0.207891 -0.892485
  outer loop
   vertex -0.448724 0.210355 0.085309
   vertex -0.492976 0.221080 0.107656
   vertex -0.454727 0.268021 0.101434
  endloop
 endfacet
 facet normal -0.388863 0.197582 -0.899859
  outer loop
   vertex -0.454727 0.268021 0.101434
   vertex -0.492976 0.221080 0.107656
   vertex -0.485350 0.264886 0.113979
  endloop
 endfacet
 facet normal -0.395576 0.198305 -0.896769
  outer loop
   vertex -0.485350 0.264886 0.113979
   vertex -0.492976 0.221080 0.107656
   vertex -0.516199 0.256403 0.125711
  endloop
 endfacet
 facet normal -0.400569 0.230109 -0.886902
  outer loop
   vertex -0.485350 0.264886 0.113979
   vertex -0.516199 0.256403 0.125711
   vertex -0.477510 0.306720 0.121292
  endloop
 endfacet
 facet normal -0.371170 0.262840 -0.890588
  outer loop
   vertex -0.457457 0.366285 0.130514
   vertex -0.437410 0.325581 0.110146
   vertex -0.477510 0.306720 0.121292
  endloop
 endfacet
 facet normal -0.353396 0.268065 -0.896244
  outer loop
   vertex -0.419982 0.295875 0.094389
   vertex -0.437410 0.325581 0.110146
   vertex -0.391805 0.322707 0.091304
  endloop
 endfacet
 facet normal -0.349177 0.293486 -0.889911
  outer loop
   vertex -0.391805 0.322707 0.091304
   vertex -0.437410 0.325581 0.110146
   vertex -0.394482 0.372140 0.108657
  endloop
 endfacet
 facet normal -0.334004 0.279164 -0.900282
  outer loop
   vertex -0.394482 0.372140 0.108657
   vertex -0.437410 0.325581 0.110146
   vertex -0.424586 0.372738 0.120011
  endloop
 endfacet
 facet normal -0.341676 0.280557 -0.896964
  outer loop
   vertex -0.424586 0.372738 0.120011
   vertex -0.437410 0.325581 0.110146
   vertex -0.457457 0.366285 0.130514
  endloop
 endfacet
 facet normal -0.355873 0.270877 -0.894416
  outer loop
   vertex -0.391805 0.322707 0.091304
   vertex -0.391517 0.275039 0.076753
   vertex -0.419982 0.295875 0.094389
  endloop
 endfacet
 facet normal -0.374217 0.245646 -0.894215
  outer loop
   vertex -0.419982 0.295875 0.094389
   vertex -0.391517 0.275039 0.076753
   vertex -0.422692 0.256032 0.084578
  endloop
 endfacet
 facet normal -0.368782 0.234585 -0.899427
  outer loop
   vertex -0.391517 0.275039 0.076753
   vertex -0.401853 0.217213 0.065909
   vertex -0.422692 0.256032 0.084578
  endloop
 endfacet
 facet normal -0.400138 0.213782 -0.891172
  outer loop
   vertex -0.422692 0.256032 0.084578
   vertex -0.401853 0.217213 0.065909
   vertex -0.448724 0.210355 0.085309
  endloop
 endfacet
 facet normal -0.354747 0.287786 -0.889569
  outer loop
   vertex -0.346632 0.267390 0.056379
   vertex -0.391517 0.275039 0.076753
   vertex -0.345320 0.320721 0.073109
  endloop
 endfacet
 facet normal -0.340561 0.272622 -0.899831
  outer loop
   vertex -0.345320 0.320721 0.073109
   vertex -0.391517 0.275039 0.076753
   vertex -0.391805 0.322707 0.091304
  endloop
 endfacet
 facet normal -0.334966 0.310343 -0.889654
  outer loop
   vertex -0.345320 0.320721 0.073109
   vertex -0.391805 0.322707 0.091304
   vertex -0.351662 0.366875 0.091597
  endloop
 endfacet
 facet normal -0.313151 0.333937 -0.889057
  outer loop
   vertex -0.351662 0.366875 0.091597
   vertex -0.394482 0.372140 0.108657
   vertex -0.347122 0.419904 0.109916
  endloop
 endfacet
 facet normal -0.298884 0.320052 -0.899019
  outer loop
   vertex -0.347122 0.419904 0.109916
   vertex -0.394482 0.372140 0.108657
   vertex -0.400842 0.421602 0.128380
  endloop
 endfacet
 facet normal -0.274012 0.334978 -0.901503
  outer loop
   vertex -0.373399 0.478552 0.141200
   vertex -0.400842 0.421602 0.128380
   vertex -0.395408 0.477576 0.147527
  endloop
 endfacet
 facet normal -0.598378 0.801214 0.000004
  outer loop
   vertex -0.347449 0.519624 0.282585
   vertex -0.397678 0.482111 0.283955
   vertex -0.347470 0.519608 0.337244
  endloop
 endfacet
 facet normal -0.598377 0.801214 0.000003
  outer loop
   vertex -0.347470 0.519608 0.337244
   vertex -0.397678 0.482111 0.283955
   vertex -0.397675 0.482113 0.338556
  endloop
 endfacet
 facet normal -0.598378 0.801214 -0.000011
  outer loop
   vertex -0.347470 0.519608 0.337244
   vertex -0.397675 0.482113 0.338556
   vertex -0.347471 0.519608 0.391854
  endloop
 endfacet
 facet normal -0.598385 0.801209 0.000000
  outer loop
   vertex -0.347471 0.519608 0.391854
   vertex -0.397675 0.482113 0.338556
   vertex -0.397675 0.482113 0.393165
  endloop
 endfacet
 facet normal -0.598385 0.801209 0.000000
  outer loop
   vertex -0.347471 0.519608 0.391854
   vertex -0.397675 0.482113 0.393165
   vertex -0.347471 0.519608 0.446463
  endloop
 endfacet
 facet normal -0.598385 0.801209 0.000000
  outer loop
   vertex -0.347471 0.519608 0.446463
   vertex -0.397675 0.482113 0.393165
   vertex -0.397675 0.482113 0.447773
  endloop
 endfacet
 facet normal -0.598385 0.801209 0.000000
  outer loop
   vertex -0.347471 0.519608 0.446463
   vertex -0.397675 0.482113 0.447773
   vertex -0.347471 0.519608 0.501071
  endloop
 endfacet
 facet normal -0.598385 0.801209 0.000000
  outer loop
   vertex -0.347471 0.519608 0.501071
   vertex -0.397675 0.482113 0.447773
   vertex -0.397675 0.482113 0.502381
  endloop
 endfacet
 facet normal -0.598385 0.801209 0.000000
  outer loop
   vertex -0.347471 0.519608 0.501071
   vertex -0.397675 0.482113 0.502381
   vertex -0.347471 0.519608 0.555679
  endloop
 endfacet
 facet normal -0.598385 0.801209 0.000000
  outer loop
   vertex -0.347471 0.519608 0.555679
   vertex -0.397675 0.482113 0.502381
   vertex -0.397675 0.482113 0.556990
  endloop
 endfacet
 facet normal -0.598385 0.801209 0.000000
  outer loop
   vertex -0.347471 0.519608 0.555679
   vertex -0.397675 0.482113 0.556990
   vertex -0.347471 0.519608 0.610288
  endloop
 endfacet
 facet normal -0.598385 0.801209 0.000000
  outer loop
   vertex -0.347471 0.519608 0.610288
   vertex -0.397675 0.482113 0.556990
   vertex -0.397675 0.482113 0.611598
  endloop
 endfacet
 facet normal -0.598385 0.801209 0.000000
  outer loop
   vertex -0.347471 0.519608 0.610288
   vertex -0.397675 0.482113 0.611598
   vertex -0.347471 0.519608 0.664896
  endloop
 endfacet
 facet normal -0.598385 0.801209 0.000000
  outer loop
   vertex -0.347471 0.519608 0.664896
   vertex -0.397675 0.482113 0.611598
   vertex -0.397675 0.482113 0.666207
  endloop
 endfacet
 facet normal -0.598385 0.801209 0.000000
  outer loop
   vertex -0.347471 0.519608 0.664896
   vertex -0.397675 0.482113 0.666207
   vertex -0.347471 0.519608 0.719504
  endloop
 endfacet
 facet normal -0.598385 0.801209 0.000000
  outer loop
   vertex -0.347471 0.519608 0.719504
   vertex -0.397675 0.482113 0.666207
   vertex -0.397675 0.482113 0.720816
  endloop
 endfacet
 facet normal -0.598385 0.801209 0.000000
  outer loop
   vertex -0.347471 0.519608 0.719504
   vertex -0.397675 0.482113 0.720816
   vertex -0.347471 0.519608 0.774113
  endloop
 endfacet
 facet normal -0.598385 0.801209 0.000000
  outer loop
   vertex -0.347471 0.519608 0.774113
   vertex -0.397675 0.482113 0.720816
   vertex -0.397675 0.482113 0.775424
  endloop
 endfacet
 facet normal -0.598385 0.801209 0.000000
  outer loop
   vertex -0.347471 0.519608 0.774113
   vertex -0.397675 0.482113 0.775424
   vertex -0.347471 0.519608 0.828722
  endloop
 endfacet
 facet normal -0.598385 0.801209 0.000000
  outer loop
   vertex -0.347471 0.519608 0.828722
   vertex -0.397675 0.482113 0.775424
   vertex -0.397675 0.482113 0.830032
  endloop
 endfacet
 facet normal -0.598385 0.801209 0.000000
  outer loop
   vertex -0.347471 0.519608 0.828722
   vertex -0.397675 0.482113 0.830032
   vertex -0.347471 0.519608 0.883330
  endloop
 endfacet
 facet normal -0.598385 0.801209 0.000000
  outer loop
   vertex -0.347471 0.519608 0.883330
   vertex -0.397675 0.482113 0.830032
   vertex -0.397675 0.482113 0.884641
  endloop
 endfacet
 facet normal -0.598385 0.801209 0.000000
  outer loop
   vertex -0.347471 0.519608 0.883330
   vertex -0.397675 0.482113 0.884641
   vertex -0.347471 0.519608 0.937939
  endloop
 endfacet
 facet normal -0.598385 0.801209 0.000000
  outer loop
   vertex -0.347471 0.519608 0.937939
   vertex -0.397675 0.482113 0.884641
   vertex -0.397675 0.482113 0.939249
  endloop
 endfacet
 facet normal -0.598385 0.801209 0.000000
  outer loop
   vertex -0.347471 0.519608 0.937939
   vertex -0.397675 0.482113 0.939249
   vertex -0.347471 0.519608 0.992547
  endloop
 endfacet
 facet normal -0.598385 0.801209 0.000000
  outer loop
   vertex -0.347471 0.519608 0.992547
   vertex -0.397675 0.482113 0.939249
   vertex -0.397675 0.482113 0.993858
  endloop
 endfacet
 facet normal -0.598385 0.801209 0.000000
  outer loop
   vertex -0.347471 0.519608 0.992547
   vertex -0.397675 0.482113 0.993858
   vertex -0.347471 0.519608 1.047155
  endloop
 endfacet
 facet normal -0.598385 0.801209 0.000000
  outer loop
   vertex -0.347471 0.519608 1.047155
   vertex -0.397675 0.482113 0.993858
   vertex -0.397675 0.482113 1.048467
  endloop
 endfacet
 facet normal -0.598385 0.801209 0.000000
  outer loop
   vertex -0.347471 0.519608 1.047155
   vertex -0.397675 0.482113 1.048467
   vertex -0.347471 0.519608 1.101764
  endloop
 endfacet
 facet normal -0.598385 0.801209 0.000000
  outer loop
   vertex -0.347471 0.519608 1.101764
   vertex -0.397675 0.482113 1.048467
   vertex -0.397675 0.482113 1.103075
  endloop
 endfacet
 facet normal -0.598385 0.801209 0.000000
  outer loop
   vertex -0.347471 0.519608 1.101764
   vertex -0.397675 0.482113 1.103075
   vertex -0.347471 0.519608 1.156373
  endloop
 endfacet
 facet normal -0.598385 0.801209 0.000000
  outer loop
   vertex -0.347471 0.519608 1.156373
   vertex -0.397675 0.482113 1.103075
   vertex -0.397675 0.482113 1.157683
  endloop
 endfacet
 facet normal -0.598385 0.801209 0.000000
  outer loop
   vertex -0.347471 0.519608 1.156373
   vertex -0.397675 0.482113 1.157683
   vertex -0.347471 0.519608 1.210981
  endloop
 endfacet
 facet normal -0.599359 0.800479 0.001431
  outer loop
   vertex -0.347471 0.519608 1.210981
   vertex -0.397675 0.482113 1.157683
   vertex -0.397462 0.482175 1.212231
  endloop
 endfacet
 facet normal -0.599306 0.800508 0.004392
  outer loop
   vertex -0.347471 0.519608 1.210981
   vertex -0.397462 0.482175 1.212231
   vertex -0.347968 0.518937 1.265466
  endloop
 endfacet
 facet normal -0.596999 0.802241 0.001050
  outer loop
   vertex -0.347968 0.518937 1.265466
   vertex -0.397462 0.482175 1.212231
   vertex -0.397825 0.481833 1.267133
  endloop
 endfacet
 facet normal -0.597089 0.802169 -0.003233
  outer loop
   vertex -0.347968 0.518937 1.265466
   vertex -0.397825 0.481833 1.267133
   vertex -0.348550 0.518725 1.320337
  endloop
 endfacet
 facet normal -0.602596 0.798033 0.004735
  outer loop
   vertex -0.348550 0.518725 1.320337
   vertex -0.397825 0.481833 1.267133
   vertex -0.402166 0.478213 1.324794
  endloop
 endfacet
 facet normal -0.603106 0.797646 -0.004925
  outer loop
   vertex -0.348550 0.518725 1.320337
   vertex -0.402166 0.478213 1.324794
   vertex -0.353686 0.515131 1.367207
  endloop
 endfacet
 facet normal -0.599128 0.800563 -0.012011
  outer loop
   vertex -0.353686 0.515131 1.367207
   vertex -0.402166 0.478213 1.324794
   vertex -0.392358 0.486378 1.379773
  endloop
 endfacet
 facet normal -0.592810 0.805143 0.017915
  outer loop
   vertex -0.353686 0.515131 1.367207
   vertex -0.392358 0.486378 1.379773
   vertex -0.341339 0.523341 1.406795
  endloop
 endfacet
 facet normal -0.576109 0.219616 0.787316
  outer loop
   vertex -0.341339 0.523341 1.406795
   vertex -0.392358 0.486378 1.379773
   vertex -0.348377 0.487011 1.411779
  endloop
 endfacet
 facet normal -0.573072 0.242896 0.782682
  outer loop
   vertex -0.392358 0.486378 1.379773
   vertex -0.394226 0.438428 1.393286
   vertex -0.348377 0.487011 1.411779
  endloop
 endfacet
 facet normal 0.029544 -0.379825 0.924587
  outer loop
   vertex -0.348377 0.487011 1.411779
   vertex -0.394226 0.438428 1.393286
   vertex -0.348570 0.432880 1.389548
  endloop
 endfacet
 facet normal 0.017131 -0.457891 0.888843
  outer loop
   vertex -0.394226 0.438428 1.393286
   vertex -0.400608 0.392568 1.369784
   vertex -0.348570 0.432880 1.389548
  endloop
 endfacet
 facet normal -0.017796 -0.421529 0.906640
  outer loop
   vertex -0.348570 0.432880 1.389548
   vertex -0.400608 0.392568 1.369784
   vertex -0.349850 0.382880 1.366276
  endloop
 endfacet
 facet normal -0.133386 -0.870432 0.473873
  outer loop
   vertex -0.400608 0.392568 1.369784
   vertex -0.404969 0.364910 1.317753
   vertex -0.349850 0.382880 1.366276
  endloop
 endfacet
 facet normal -0.045146 -0.919015 0.391630
  outer loop
   vertex -0.349850 0.382880 1.366276
   vertex -0.404969 0.364910 1.317753
   vertex -0.348648 0.362641 1.318921
  endloop
 endfacet
 facet normal -0.044049 -0.758959 0.649646
  outer loop
   vertex -0.404969 0.364910 1.317753
   vertex -0.402601 0.324073 1.270205
   vertex -0.348648 0.362641 1.318921
  endloop
 endfacet
 facet normal -0.130393 -0.701978 0.700161
  outer loop
   vertex -0.348648 0.362641 1.318921
   vertex -0.402601 0.324073 1.270205
   vertex -0.351083 0.315076 1.270779
  endloop
 endfacet
 facet normal -0.100642 -0.522266 0.846823
  outer loop
   vertex -0.402601 0.324073 1.270205
   vertex -0.413151 0.279569 1.241504
   vertex -0.351083 0.315076 1.270779
  endloop
 endfacet
 facet normal -0.040501 -0.592528 0.804531
  outer loop
   vertex -0.351083 0.315076 1.270779
   vertex -0.413151 0.279569 1.241504
   vertex -0.352831 0.262547 1.232004
  endloop
 endfacet
 facet normal 0.143236 -0.044211 0.988701
  outer loop
   vertex -0.413151 0.279569 1.241504
   vertex -0.401997 0.200224 1.236340
   vertex -0.352831 0.262547 1.232004
  endloop
 endfacet
 facet normal 0.076809 0.008771 0.997007
  outer loop
   vertex -0.352831 0.262547 1.232004
   vertex -0.401997 0.200224 1.236340
   vertex -0.343550 0.213793 1.231718
  endloop
 endfacet
 facet normal -0.004980 0.341594 0.939835
  outer loop
   vertex -0.401997 0.200224 1.236340
   vertex -0.402660 0.161264 1.250497
   vertex -0.343550 0.213793 1.231718
  endloop
 endfacet
 facet normal 0.207798 0.113501 0.971564
  outer loop
   vertex -0.343550 0.213793 1.231718
   vertex -0.402660 0.161264 1.250497
   vertex -0.355269 0.152507 1.241384
  endloop
 endfacet
 facet normal 0.143834 -0.224565 0.963785
  outer loop
   vertex -0.402660 0.161264 1.250497
   vertex -0.401867 0.109425 1.238300
   vertex -0.355269 0.152507 1.241384
  endloop
 endfacet
 facet normal -0.049764 -0.017661 0.998605
  outer loop
   vertex -0.355269 0.152507 1.241384
   vertex -0.401867 0.109425 1.238300
   vertex -0.345743 0.109266 1.241094
  endloop
 endfacet
 facet normal -0.049799 -0.046450 0.997679
  outer loop
   vertex -0.401867 0.109425 1.238300
   vertex -0.392222 0.056387 1.236312
   vertex -0.345743 0.109266 1.241094
  endloop
 endfacet
 facet normal 0.136479 -0.207558 0.968655
  outer loop
   vertex -0.345743 0.109266 1.241094
   vertex -0.392222 0.056387 1.236312
   vertex -0.337000 0.060235 1.229356
  endloop
 endfacet
 facet normal 0.142361 -0.442238 0.885528
  outer loop
   vertex -0.337000 0.060235 1.229356
   vertex -0.392222 0.056387 1.236312
   vertex -0.360799 0.024090 1.215131
  endloop
 endfacet
 facet normal 0.097888 -0.477424 0.873203
  outer loop
   vertex -0.360799 0.024090 1.215131
   vertex -0.392222 0.056387 1.236312
   vertex -0.414741 0.021392 1.219703
  endloop
 endfacet
 facet normal 0.096619 -0.357985 0.928715
  outer loop
   vertex -0.414741 0.021392 1.219703
   vertex -0.403819 -0.011111 1.206038
   vertex -0.360799 0.024090 1.215131
  endloop
 endfacet
 facet normal -0.057665 -0.183043 0.981412
  outer loop
   vertex -0.360799 0.024090 1.215131
   vertex -0.403819 -0.011111 1.206038
   vertex -0.348959 -0.009017 1.209652
  endloop
 endfacet
 facet normal -0.041268 -0.454498 0.889791
  outer loop
   vertex -0.403819 -0.011111 1.206038
   vertex -0.390247 -0.055721 1.183881
   vertex -0.348959 -0.009017 1.209652
  endloop
 endfacet
 facet normal 0.017666 -0.494974 0.868728
  outer loop
   vertex -0.348959 -0.009017 1.209652
   vertex -0.390247 -0.055721 1.183881
   vertex -0.335153 -0.054692 1.183347
  endloop
 endfacet
 facet normal 0.019614 -0.660660 0.750429
  outer loop
   vertex -0.335153 -0.054692 1.183347
   vertex -0.390247 -0.055721 1.183881
   vertex -0.348861 -0.100843 1.143075
  endloop
 endfacet
 facet normal 0.080208 -0.627112 0.774788
  outer loop
   vertex -0.348861 -0.100843 1.143075
   vertex -0.390247 -0.055721 1.183881
   vertex -0.408097 -0.110348 1.141514
  endloop
 endfacet
 facet normal 0.069695 -0.568927 0.819430
  outer loop
   vertex -0.348861 -0.100843 1.143075
   vertex -0.408097 -0.110348 1.141514
   vertex -0.356162 -0.146194 1.112209
  endloop
 endfacet
 facet normal 0.023008 -0.612574 0.790079
  outer loop
   vertex -0.356162 -0.146194 1.112209
   vertex -0.408097 -0.110348 1.141514
   vertex -0.401981 -0.169583 1.095409
  endloop
 endfacet
 facet normal 0.207097 -0.805017 0.555930
  outer loop
   vertex -0.356162 -0.146194 1.112209
   vertex -0.401981 -0.169583 1.095409
   vertex -0.361312 -0.176102 1.070819
  endloop
 endfacet
 facet normal 0.371159 -0.538361 0.756577
  outer loop
   vertex -0.401981 -0.169583 1.095409
   vertex -0.392177 -0.216859 1.056959
   vertex -0.361312 -0.176102 1.070819
  endloop
 endfacet
 facet normal 0.166680 -0.428254 0.888153
  outer loop
   vertex -0.361312 -0.176102 1.070819
   vertex -0.392177 -0.216859 1.056959
   vertex -0.346404 -0.222875 1.045468
  endloop
 endfacet
 facet normal 0.177342 -0.382612 0.906729
  outer loop
   vertex -0.346404 -0.222875 1.045468
   vertex -0.392177 -0.216859 1.056959
   vertex -0.366565 -0.249017 1.038380
  endloop
 endfacet
 facet normal 0.226401 -0.345773 0.910595
  outer loop
   vertex -0.366565 -0.249017 1.038380
   vertex -0.392177 -0.216859 1.056959
   vertex -0.409111 -0.273222 1.039767
  endloop
 endfacet
 facet normal 0.155457 -0.218042 0.963479
  outer loop
   vertex -0.366565 -0.249017 1.038380
   vertex -0.409111 -0.273222 1.039767
   vertex -0.349500 -0.277693 1.029137
  endloop
 endfacet
 facet normal 0.135743 -0.372687 0.917975
  outer loop
   vertex -0.409111 -0.273222 1.039767
   vertex -0.402252 -0.331287 1.015179
   vertex -0.349500 -0.277693 1.029137
  endloop
 endfacet
 facet normal -0.136809 -0.121386 0.983132
  outer loop
   vertex -0.349500 -0.277693 1.029137
   vertex -0.402252 -0.331287 1.015179
   vertex -0.349029 -0.333015 1.022372
  endloop
 endfacet
 facet normal -0.128623 0.130487 0.983071
  outer loop
   vertex -0.402252 -0.331287 1.015179
   vertex -0.396008 -0.378848 1.022309
   vertex -0.349029 -0.333015 1.022372
  endloop
 endfacet
 facet normal -0.088557 0.089406 0.992051
  outer loop
   vertex -0.349029 -0.333015 1.022372
   vertex -0.396008 -0.378848 1.022309
   vertex -0.349049 -0.383610 1.026930
  endloop
 endfacet
 facet normal -0.067640 0.266094 0.961571
  outer loop
   vertex -0.396008 -0.378848 1.022309
   vertex -0.400362 -0.428374 1.035708
   vertex -0.349049 -0.383610 1.026930
  endloop
 endfacet
 facet normal -0.057303 0.254967 0.965250
  outer loop
   vertex -0.349049 -0.383610 1.026930
   vertex -0.400362 -0.428374 1.035708
   vertex -0.339149 -0.440913 1.042654
  endloop
 endfacet
 facet normal -0.129273 -0.083738 0.988067
  outer loop
   vertex -0.339149 -0.440913 1.042654
   vertex -0.400362 -0.428374 1.035708
   vertex -0.375930 -0.498870 1.032930
  endloop
 endfacet
 facet normal -0.924015 -0.327983 0.196528
  outer loop
   vertex -0.375930 -0.498870 1.032930
   vertex -0.400362 -0.428374 1.035708
   vertex -0.389344 -0.488431 0.987283
  endloop
 endfacet
 facet normal -0.646469 0.292007 0.704848
  outer loop
   vertex -0.375930 -0.498870 1.032930
   vertex -0.333081 -0.496497 1.071247
   vertex -0.339149 -0.440913 1.042654
  endloop
 endfacet
 facet normal -0.527891 -0.574108 0.625884
  outer loop
   vertex -0.327003 -0.532165 1.043656
   vertex -0.333081 -0.496497 1.071247
   vertex -0.375930 -0.498870 1.032930
  endloop
 endfacet
 facet normal -0.526846 -0.525253 -0.668239
  outer loop
   vertex -0.449148 -0.404657 0.144677
   vertex -0.449136 -0.394060 0.136338
   vertex -0.429810 -0.413180 0.136130
  endloop
 endfacet
 facet normal -0.389963 -0.203043 -0.898166
  outer loop
   vertex -0.487157 -0.285162 0.119830
   vertex -0.520574 -0.284092 0.134097
   vertex -0.506643 -0.227398 0.115232
  endloop
 endfacet
 facet normal -0.397852 -0.200167 -0.895347
  outer loop
   vertex -0.520574 -0.284092 0.134097
   vertex -0.560478 -0.264131 0.147366
   vertex -0.506643 -0.227398 0.115232
  endloop
 endfacet
 facet normal 0.363165 0.111056 0.925083
  outer loop
   vertex -0.533253 -0.277749 0.138313
   vertex -0.560478 -0.264131 0.147366
   vertex -0.520574 -0.284092 0.134097
  endloop
 endfacet
 facet normal -0.413963 -0.174809 -0.893351
  outer loop
   vertex -0.506643 -0.227398 0.115232
   vertex -0.560478 -0.264131 0.147366
   vertex -0.566749 -0.214080 0.140478
  endloop
 endfacet
 facet normal -0.411420 -0.153807 -0.898375
  outer loop
   vertex -0.506643 -0.227398 0.115232
   vertex -0.566749 -0.214080 0.140478
   vertex -0.549465 -0.175059 0.125882
  endloop
 endfacet
 facet normal -0.427171 0.114954 -0.896833
  outer loop
   vertex -0.490327 0.161663 0.095650
   vertex -0.498632 0.103285 0.092123
   vertex -0.552273 0.152609 0.123995
  endloop
 endfacet
 facet normal -0.422422 0.139073 -0.895666
  outer loop
   vertex -0.528633 0.203328 0.120721
   vertex -0.552273 0.152609 0.123995
   vertex -0.562542 0.210641 0.137849
  endloop
 endfacet
 facet normal -0.424268 0.138557 -0.894873
  outer loop
   vertex -0.552273 0.152609 0.123995
   vertex -0.601555 0.169659 0.150000
   vertex -0.562542 0.210641 0.137849
  endloop
 endfacet
 facet normal 0.000000 -0.000000 -1.000000
  outer loop
   vertex -0.586426 0.216252 0.150000
   vertex -0.601555 0.169659 0.150000
   vertex -0.591356 0.201070 0.150000
  endloop
 endfacet
 facet normal -0.423298 0.137447 -0.895504
  outer loop
   vertex -0.562542 0.210641 0.137849
   vertex -0.601555 0.169659 0.150000
   vertex -0.586426 0.216252 0.150000
  endloop
 endfacet
 facet normal -0.898871 0.428810 -0.090295
  outer loop
   vertex -0.583524 0.222530 0.150925
   vertex -0.586426 0.216252 0.150000
   vertex -0.585812 0.217743 0.150968
  endloop
 endfacet
 facet normal -0.928316 0.371413 0.016791
  outer loop
   vertex -0.585812 0.217743 0.150968
   vertex -0.586426 0.216252 0.150000
   vertex -0.586533 0.215943 0.150920
  endloop
 endfacet
 facet normal -0.928304 0.371458 0.016476
  outer loop
   vertex -0.583257 0.223949 0.155000
   vertex -0.586533 0.215943 0.150920
   vertex -0.587008 0.214575 0.155000
  endloop
 endfacet
 facet normal -0.928317 0.371420 0.016560
  outer loop
   vertex -0.585812 0.217743 0.150968
   vertex -0.586533 0.215943 0.150920
   vertex -0.583257 0.223949 0.155000
  endloop
 endfacet
 facet normal -0.929622 0.368514 0.000014
  outer loop
   vertex -0.570001 0.256243 0.335825
   vertex -0.590421 0.204733 0.282537
   vertex -0.590423 0.204726 0.337136
  endloop
 endfacet
 facet normal -0.929622 0.368514 0.000000
  outer loop
   vertex -0.570001 0.256243 0.335825
   vertex -0.590423 0.204726 0.337136
   vertex -0.570001 0.256243 0.390433
  endloop
 endfacet
 facet normal -0.929622 0.368514 0.000000
  outer loop
   vertex -0.570001 0.256243 0.390433
   vertex -0.590423 0.204726 0.337136
   vertex -0.590423 0.204726 0.391745
  endloop
 endfacet
 facet normal -0.929622 0.368514 0.000000
  outer loop
   vertex -0.570001 0.256243 0.390433
   vertex -0.590423 0.204726 0.391745
   vertex -0.570001 0.256243 0.445043
  endloop
 endfacet
 facet normal -0.929622 0.368514 0.000000
  outer loop
   vertex -0.570001 0.256243 0.445043
   vertex -0.590423 0.204726 0.391745
   vertex -0.590423 0.204726 0.446353
  endloop
 endfacet
 facet normal -0.929622 0.368514 0.000000
  outer loop
   vertex -0.570001 0.256243 0.445043
   vertex -0.590423 0.204726 0.446353
   vertex -0.570001 0.256243 0.499651
  endloop
 endfacet
 facet normal -0.929622 0.368514 0.000000
  outer loop
   vertex -0.570001 0.256243 0.499651
   vertex -0.590423 0.204726 0.446353
   vertex -0.590423 0.204726 0.500961
  endloop
 endfacet
 facet normal -0.929622 0.368514 0.000000
  outer loop
   vertex -0.570001 0.256243 0.499651
   vertex -0.590423 0.204726 0.500961
   vertex -0.570001 0.256243 0.554259
  endloop
 endfacet
 facet normal -0.929622 0.368514 0.000000
  outer loop
   vertex -0.570001 0.256243 0.554259
   vertex -0.590423 0.204726 0.500961
   vertex -0.590423 0.204726 0.555570
  endloop
 endfacet
 facet normal -0.929622 0.368514 0.000000
  outer loop
   vertex -0.570001 0.256243 0.554259
   vertex -0.590423 0.204726 0.555570
   vertex -0.570001 0.256243 0.608868
  endloop
 endfacet
 facet normal -0.929622 0.368514 0.000000
  outer loop
   vertex -0.570001 0.256243 0.608868
   vertex -0.590423 0.204726 0.555570
   vertex -0.590423 0.204726 0.610178
  endloop
 endfacet
 facet normal -0.929622 0.368514 0.000000
  outer loop
   vertex -0.570001 0.256243 0.608868
   vertex -0.590423 0.204726 0.610178
   vertex -0.570001 0.256243 0.663476
  endloop
 endfacet
 facet normal -0.929622 0.368514 0.000000
  outer loop
   vertex -0.570001 0.256243 0.663476
   vertex -0.590423 0.204726 0.610178
   vertex -0.590423 0.204726 0.664787
  endloop
 endfacet
 facet normal -0.929622 0.368514 0.000000
  outer loop
   vertex -0.570001 0.256243 0.663476
   vertex -0.590423 0.204726 0.664787
   vertex -0.570001 0.256243 0.718084
  endloop
 endfacet
 facet normal -0.929622 0.368514 0.000000
  outer loop
   vertex -0.570001 0.256243 0.718084
   vertex -0.590423 0.204726 0.664787
   vertex -0.590423 0.204726 0.719396
  endloop
 endfacet
 facet normal -0.929622 0.368514 0.000000
  outer loop
   vertex -0.570001 0.256243 0.718084
   vertex -0.590423 0.204726 0.719396
   vertex -0.570001 0.256243 0.772693
  endloop
 endfacet
 facet normal -0.929622 0.368514 0.000000
  outer loop
   vertex -0.570001 0.256243 0.772693
   vertex -0.590423 0.204726 0.719396
   vertex -0.590423 0.204726 0.774004
  endloop
 endfacet
 facet normal -0.929622 0.368514 0.000000
  outer loop
   vertex -0.570001 0.256243 0.772693
   vertex -0.590423 0.204726 0.774004
   vertex -0.570001 0.256243 0.827302
  endloop
 endfacet
 facet normal -0.929622 0.368514 0.000000
  outer loop
   vertex -0.570001 0.256243 0.827302
   vertex -0.590423 0.204726 0.774004
   vertex -0.590423 0.204726 0.828612
  endloop
 endfacet
 facet normal -0.929622 0.368514 0.000000
  outer loop
   vertex -0.570001 0.256243 0.827302
   vertex -0.590423 0.204726 0.828612
   vertex -0.570001 0.256243 0.881910
  endloop
 endfacet
 facet normal -0.929622 0.368514 0.000000
  outer loop
   vertex -0.570001 0.256243 0.881910
   vertex -0.590423 0.204726 0.828612
   vertex -0.590423 0.204726 0.883221
  endloop
 endfacet
 facet normal -0.929622 0.368514 0.000000
  outer loop
   vertex -0.570001 0.256243 0.881910
   vertex -0.590423 0.204726 0.883221
   vertex -0.570001 0.256243 0.936519
  endloop
 endfacet
 facet normal -0.929622 0.368514 0.000000
  outer loop
   vertex -0.570001 0.256243 0.936519
   vertex -0.590423 0.204726 0.883221
   vertex -0.590423 0.204726 0.937829
  endloop
 endfacet
 facet normal -0.929622 0.368514 0.000000
  outer loop
   vertex -0.570001 0.256243 0.936519
   vertex -0.590423 0.204726 0.937829
   vertex -0.570001 0.256243 0.991127
  endloop
 endfacet
 facet normal -0.929622 0.368514 0.000000
  outer loop
   vertex -0.570001 0.256243 0.991127
   vertex -0.590423 0.204726 0.937829
   vertex -0.590423 0.204726 0.992438
  endloop
 endfacet
 facet normal -0.929622 0.368515 0.000035
  outer loop
   vertex -0.570001 0.256243 0.991127
   vertex -0.590423 0.204726 0.992438
   vertex -0.569999 0.256243 1.045732
  endloop
 endfacet
 facet normal -0.929612 0.368539 0.000007
  outer loop
   vertex -0.569999 0.256243 1.045732
   vertex -0.590423 0.204726 0.992438
   vertex -0.590423 0.204725 1.047047
  endloop
 endfacet
 facet normal -0.929592 0.368585 0.002107
  outer loop
   vertex -0.569999 0.256243 1.045732
   vertex -0.590423 0.204725 1.047047
   vertex -0.569675 0.256747 1.100478
  endloop
 endfacet
 facet normal -0.929836 0.367964 0.002806
  outer loop
   vertex -0.569675 0.256747 1.100478
   vertex -0.590423 0.204725 1.047047
   vertex -0.590031 0.205298 1.101786
  endloop
 endfacet
 facet normal -0.929873 0.367878 -0.001175
  outer loop
   vertex -0.569675 0.256747 1.100478
   vertex -0.590031 0.205298 1.101786
   vertex -0.570526 0.254770 1.154932
  endloop
 endfacet
 facet normal -0.929545 0.368703 -0.002063
  outer loop
   vertex -0.570526 0.254770 1.154932
   vertex -0.590031 0.205298 1.101786
   vertex -0.590591 0.204190 1.156072
  endloop
 endfacet
 facet normal -0.929560 0.368626 -0.005722
  outer loop
   vertex -0.570526 0.254770 1.154932
   vertex -0.590591 0.204190 1.156072
   vertex -0.574162 0.246407 1.206847
  endloop
 endfacet
 facet normal -0.936911 0.349338 0.012693
  outer loop
   vertex -0.574162 0.246407 1.206847
   vertex -0.590591 0.204190 1.156072
   vertex -0.593915 0.193390 1.207956
  endloop
 endfacet
 facet normal -0.937009 0.348669 -0.021058
  outer loop
   vertex -0.593915 0.193390 1.207956
   vertex -0.586755 0.214709 1.242350
   vertex -0.574162 0.246407 1.206847
  endloop
 endfacet
 facet normal -0.919342 0.392695 0.024517
  outer loop
   vertex -0.574162 0.246407 1.206847
   vertex -0.586755 0.214709 1.242350
   vertex -0.562269 0.271738 1.247081
  endloop
 endfacet
 facet normal -0.398929 0.095628 0.911982
  outer loop
   vertex -0.562269 0.271738 1.247081
   vertex -0.586755 0.214709 1.242350
   vertex -0.566777 0.215224 1.251035
  endloop
 endfacet
 facet normal -0.901114 0.433533 -0.006582
  outer loop
   vertex -0.574162 0.246407 1.206847
   vertex -0.562269 0.271738 1.247081
   vertex -0.550417 0.295703 1.202970
  endloop
 endfacet
 facet normal -0.883724 0.467712 0.016659
  outer loop
   vertex -0.550417 0.295703 1.202970
   vertex -0.562269 0.271738 1.247081
   vertex -0.536953 0.319744 1.242240
  endloop
 endfacet
 facet normal -0.865701 0.500471 -0.009575
  outer loop
   vertex -0.550417 0.295703 1.202970
   vertex -0.536953 0.319744 1.242240
   vertex -0.533048 0.325852 1.208434
  endloop
 endfacet
 facet normal -0.866202 0.499680 -0.003620
  outer loop
   vertex -0.533048 0.325852 1.208434
   vertex -0.531867 0.327601 1.167266
   vertex -0.550417 0.295703 1.202970
  endloop
 endfacet
 facet normal -0.864395 0.502813 0.000118
  outer loop
   vertex -0.550417 0.295703 1.202970
   vertex -0.531867 0.327601 1.167266
   vertex -0.549852 0.296688 1.144360
  endloop
 endfacet
 facet normal -0.864717 0.502258 0.001119
  outer loop
   vertex -0.531867 0.327601 1.167266
   vertex -0.531184 0.328899 1.112459
   vertex -0.549852 0.296688 1.144360
  endloop
 endfacet
 facet normal -0.865688 0.500583 -0.001140
  outer loop
   vertex -0.549852 0.296688 1.144360
   vertex -0.531184 0.328899 1.112459
   vertex -0.549155 0.297768 1.089303
  endloop
 endfacet
 facet normal -0.866981 0.498332 0.002890
  outer loop
   vertex -0.531184 0.328899 1.112459
   vertex -0.531309 0.329000 1.057543
   vertex -0.549155 0.297768 1.089303
  endloop
 endfacet
 facet normal -0.866459 0.499232 0.004068
  outer loop
   vertex -0.549155 0.297768 1.089303
   vertex -0.531309 0.329000 1.057543
   vertex -0.549670 0.297317 1.034967
  endloop
 endfacet
 facet normal -0.865886 0.500237 0.002193
  outer loop
   vertex -0.531309 0.329000 1.057543
   vertex -0.531846 0.328309 1.003141
   vertex -0.549670 0.297317 1.034967
  endloop
 endfacet
 facet normal -0.866808 0.498642 0.000123
  outer loop
   vertex -0.549670 0.297317 1.034967
   vertex -0.531846 0.328309 1.003141
   vertex -0.549676 0.297320 0.980424
  endloop
 endfacet
 facet normal -0.866769 0.498710 0.000000
  outer loop
   vertex -0.531846 0.328309 1.003141
   vertex -0.531846 0.328309 0.948532
   vertex -0.549676 0.297320 0.980424
  endloop
 endfacet
 facet normal -0.866769 0.498710 0.000000
  outer loop
   vertex -0.549676 0.297320 0.980424
   vertex -0.531846 0.328309 0.948532
   vertex -0.549676 0.297320 0.925816
  endloop
 endfacet
 facet normal -0.866769 0.498710 0.000000
  outer loop
   vertex -0.531846 0.328309 0.948532
   vertex -0.531846 0.328309 0.893924
   vertex -0.549676 0.297320 0.925816
  endloop
 endfacet
 facet normal -0.866769 0.498710 0.000000
  outer loop
   vertex -0.549676 0.297320 0.925816
   vertex -0.531846 0.328309 0.893924
   vertex -0.549676 0.297320 0.871207
  endloop
 endfacet
 facet normal -0.866769 0.498710 0.000000
  outer loop
   vertex -0.531846 0.328309 0.893924
   vertex -0.531846 0.328309 0.839315
   vertex -0.549676 0.297320 0.871207
  endloop
 endfacet
 facet normal -0.866776 0.498697 -0.000016
  outer loop
   vertex -0.549676 0.297320 0.871207
   vertex -0.531846 0.328309 0.839315
   vertex -0.549675 0.297320 0.816599
  endloop
 endfacet
 facet normal -0.866781 0.498688 0.000000
  outer loop
   vertex -0.531846 0.328309 0.839315
   vertex -0.531846 0.328309 0.784707
   vertex -0.549675 0.297320 0.816599
  endloop
 endfacet
 facet normal -0.866781 0.498688 0.000000
  outer loop
   vertex -0.549675 0.297320 0.816599
   vertex -0.531846 0.328309 0.784707
   vertex -0.549675 0.297320 0.761991
  endloop
 endfacet
 facet normal -0.866781 0.498688 0.000000
  outer loop
   vertex -0.531846 0.328309 0.784707
   vertex -0.531846 0.328309 0.730099
   vertex -0.549675 0.297320 0.761991
  endloop
 endfacet
 facet normal -0.866781 0.498688 0.000000
  outer loop
   vertex -0.549675 0.297320 0.761991
   vertex -0.531846 0.328309 0.730099
   vertex -0.549675 0.297320 0.707382
  endloop
 endfacet
 facet normal -0.866781 0.498688 0.000000
  outer loop
   vertex -0.531846 0.328309 0.730099
   vertex -0.531846 0.328309 0.675490
   vertex -0.549675 0.297320 0.707382
  endloop
 endfacet
 facet normal -0.866781 0.498688 0.000000
  outer loop
   vertex -0.549675 0.297320 0.707382
   vertex -0.531846 0.328309 0.675490
   vertex -0.549675 0.297320 0.652773
  endloop
 endfacet
 facet normal -0.866781 0.498688 0.000000
  outer loop
   vertex -0.531846 0.328309 0.675490
   vertex -0.531846 0.328309 0.620882
   vertex -0.549675 0.297320 0.652773
  endloop
 endfacet
 facet normal -0.866781 0.498688 0.000000
  outer loop
   vertex -0.549675 0.297320 0.652773
   vertex -0.531846 0.328309 0.620882
   vertex -0.549675 0.297320 0.598165
  endloop
 endfacet
 facet normal -0.866781 0.498688 0.000000
  outer loop
   vertex -0.531846 0.328309 0.620882
   vertex -0.531846 0.328309 0.566273
   vertex -0.549675 0.297320 0.598165
  endloop
 endfacet
 facet normal -0.866781 0.498688 0.000000
  outer loop
   vertex -0.549675 0.297320 0.598165
   vertex -0.531846 0.328309 0.566273
   vertex -0.549675 0.297320 0.543556
  endloop
 endfacet
 facet normal -0.866781 0.498688 0.000000
  outer loop
   vertex -0.531846 0.328309 0.566273
   vertex -0.531846 0.328309 0.511665
   vertex -0.549675 0.297320 0.543556
  endloop
 endfacet
 facet normal -0.866781 0.498688 0.000000
  outer loop
   vertex -0.549675 0.297320 0.543556
   vertex -0.531846 0.328309 0.511665
   vertex -0.549675 0.297320 0.488948
  endloop
 endfacet
 facet normal -0.866781 0.498688 0.000000
  outer loop
   vertex -0.531846 0.328309 0.511665
   vertex -0.531846 0.328309 0.457056
   vertex -0.549675 0.297320 0.488948
  endloop
 endfacet
 facet normal -0.866781 0.498688 0.000000
  outer loop
   vertex -0.549675 0.297320 0.488948
   vertex -0.531846 0.328309 0.457056
   vertex -0.549675 0.297320 0.434340
  endloop
 endfacet
 facet normal -0.866781 0.498688 0.000000
  outer loop
   vertex -0.531846 0.328309 0.457056
   vertex -0.531846 0.328309 0.402448
   vertex -0.549675 0.297320 0.434340
  endloop
 endfacet
 facet normal -0.866781 0.498688 0.000000
  outer loop
   vertex -0.549675 0.297320 0.434340
   vertex -0.531846 0.328309 0.402448
   vertex -0.549675 0.297320 0.379731
  endloop
 endfacet
 facet normal -0.866781 0.498688 0.000000
  outer loop
   vertex -0.531846 0.328309 0.402448
   vertex -0.531846 0.328309 0.347839
   vertex -0.549675 0.297320 0.379731
  endloop
 endfacet
 facet normal -0.866781 0.498688 0.000000
  outer loop
   vertex -0.549675 0.297320 0.379731
   vertex -0.531846 0.328309 0.347839
   vertex -0.549675 0.297320 0.325123
  endloop
 endfacet
 facet normal -0.866778 0.498695 -0.000011
  outer loop
   vertex -0.531846 0.328309 0.347839
   vertex -0.531847 0.328306 0.293233
   vertex -0.549675 0.297320 0.325123
  endloop
 endfacet
 facet normal -0.833805 0.552058 -0.000515
  outer loop
   vertex -0.517917 0.349313 0.208095
   vertex -0.529374 0.332035 0.236230
   vertex -0.510981 0.359798 0.218018
  endloop
 endfacet
 facet normal -0.884195 0.418796 -0.206903
  outer loop
   vertex -0.506233 0.366213 0.210712
   vertex -0.510815 0.360022 0.217762
   vertex -0.510981 0.359798 0.218018
  endloop
 endfacet
 facet normal -0.802804 0.596241 0.001797
  outer loop
   vertex -0.489570 0.388564 0.238834
   vertex -0.506233 0.366213 0.210712
   vertex -0.510981 0.359798 0.218018
  endloop
 endfacet
 facet normal -0.804963 0.593318 -0.002825
  outer loop
   vertex -0.510815 0.360022 0.217762
   vertex -0.511769 0.358667 0.205000
   vertex -0.510981 0.359798 0.218018
  endloop
 endfacet
 facet normal -0.801802 0.597590 0.000141
  outer loop
   vertex -0.489468 0.388688 0.293288
   vertex -0.489570 0.388564 0.238834
   vertex -0.510646 0.360278 0.271897
  endloop
 endfacet
 facet normal -0.802067 0.597234 -0.000333
  outer loop
   vertex -0.510646 0.360278 0.271897
   vertex -0.489570 0.388564 0.238834
   vertex -0.510981 0.359798 0.218018
  endloop
 endfacet
 facet normal -0.801739 0.597674 -0.000007
  outer loop
   vertex -0.489467 0.388690 0.347894
   vertex -0.489468 0.388688 0.293288
   vertex -0.510636 0.360293 0.326488
  endloop
 endfacet
 facet normal -0.801745 0.597667 -0.000017
  outer loop
   vertex -0.510636 0.360293 0.326488
   vertex -0.489468 0.388688 0.293288
   vertex -0.510646 0.360278 0.271897
  endloop
 endfacet
 facet normal -0.801742 0.597671 0.000000
  outer loop
   vertex -0.489467 0.388690 0.402502
   vertex -0.489467 0.388690 0.347894
   vertex -0.510636 0.360293 0.381096
  endloop
 endfacet
 facet normal -0.801742 0.597671 0.000000
  outer loop
   vertex -0.510636 0.360293 0.381096
   vertex -0.489467 0.388690 0.347894
   vertex -0.510636 0.360293 0.326488
  endloop
 endfacet
 facet normal -0.801742 0.597671 0.000000
  outer loop
   vertex -0.489467 0.388690 0.457111
   vertex -0.489467 0.388690 0.402502
   vertex -0.510636 0.360293 0.435704
  endloop
 endfacet
 facet normal -0.801742 0.597671 0.000000
  outer loop
   vertex -0.510636 0.360293 0.435704
   vertex -0.489467 0.388690 0.402502
   vertex -0.510636 0.360293 0.381096
  endloop
 endfacet
 facet normal -0.801742 0.597671 0.000000
  outer loop
   vertex -0.489467 0.388690 0.511720
   vertex -0.489467 0.388690 0.457111
   vertex -0.510636 0.360293 0.490313
  endloop
 endfacet
 facet normal -0.801742 0.597671 0.000000
  outer loop
   vertex -0.510636 0.360293 0.490313
   vertex -0.489467 0.388690 0.457111
   vertex -0.510636 0.360293 0.435704
  endloop
 endfacet
 facet normal -0.801742 0.597671 0.000000
  outer loop
   vertex -0.489467 0.388690 0.566328
   vertex -0.489467 0.388690 0.511720
   vertex -0.510636 0.360293 0.544922
  endloop
 endfacet
 facet normal -0.801742 0.597671 0.000000
  outer loop
   vertex -0.510636 0.360293 0.544922
   vertex -0.489467 0.388690 0.511720
   vertex -0.510636 0.360293 0.490313
  endloop
 endfacet
 facet normal -0.801742 0.597671 0.000000
  outer loop
   vertex -0.489467 0.388690 0.620936
   vertex -0.489467 0.388690 0.566328
   vertex -0.510636 0.360293 0.599530
  endloop
 endfacet
 facet normal -0.801742 0.597671 0.000000
  outer loop
   vertex -0.510636 0.360293 0.599530
   vertex -0.489467 0.388690 0.566328
   vertex -0.510636 0.360293 0.544922
  endloop
 endfacet
 facet normal -0.801742 0.597671 0.000000
  outer loop
   vertex -0.489467 0.388690 0.675545
   vertex -0.489467 0.388690 0.620936
   vertex -0.510636 0.360293 0.654139
  endloop
 endfacet
 facet normal -0.801742 0.597671 0.000000
  outer loop
   vertex -0.510636 0.360293 0.654139
   vertex -0.489467 0.388690 0.620936
   vertex -0.510636 0.360293 0.599530
  endloop
 endfacet
 facet normal -0.801742 0.597671 0.000000
  outer loop
   vertex -0.489467 0.388690 0.730153
   vertex -0.489467 0.388690 0.675545
   vertex -0.510636 0.360293 0.708747
  endloop
 endfacet
 facet normal -0.801742 0.597671 0.000000
  outer loop
   vertex -0.510636 0.360293 0.708747
   vertex -0.489467 0.388690 0.675545
   vertex -0.510636 0.360293 0.654139
  endloop
 endfacet
 facet normal -0.801742 0.597671 0.000000
  outer loop
   vertex -0.489467 0.388690 0.784761
   vertex -0.489467 0.388690 0.730153
   vertex -0.510636 0.360293 0.763355
  endloop
 endfacet
 facet normal -0.801742 0.597671 0.000000
  outer loop
   vertex -0.510636 0.360293 0.763355
   vertex -0.489467 0.388690 0.730153
   vertex -0.510636 0.360293 0.708747
  endloop
 endfacet
 facet normal -0.801742 0.597671 0.000000
  outer loop
   vertex -0.489467 0.388690 0.839370
   vertex -0.489467 0.388690 0.784761
   vertex -0.510636 0.360293 0.817964
  endloop
 endfacet
 facet normal -0.801742 0.597671 0.000000
  outer loop
   vertex -0.510636 0.360293 0.817964
   vertex -0.489467 0.388690 0.784761
   vertex -0.510636 0.360293 0.763355
  endloop
 endfacet
 facet normal -0.801742 0.597671 0.000000
  outer loop
   vertex -0.489467 0.388690 0.893979
   vertex -0.489467 0.388690 0.839370
   vertex -0.510636 0.360293 0.872572
  endloop
 endfacet
 facet normal -0.801742 0.597671 0.000000
  outer loop
   vertex -0.510636 0.360293 0.872572
   vertex -0.489467 0.388690 0.839370
   vertex -0.510636 0.360293 0.817964
  endloop
 endfacet
 facet normal -0.801742 0.597671 0.000000
  outer loop
   vertex -0.489467 0.388690 0.948587
   vertex -0.489467 0.388690 0.893979
   vertex -0.510636 0.360293 0.927180
  endloop
 endfacet
 facet normal -0.801742 0.597671 0.000000
  outer loop
   vertex -0.510636 0.360293 0.927180
   vertex -0.489467 0.388690 0.893979
   vertex -0.510636 0.360293 0.872572
  endloop
 endfacet
 facet normal -0.801742 0.597671 0.000000
  outer loop
   vertex -0.489467 0.388690 1.003196
   vertex -0.489467 0.388690 0.948587
   vertex -0.510636 0.360293 0.981790
  endloop
 endfacet
 facet normal -0.801742 0.597671 0.000000
  outer loop
   vertex -0.510636 0.360293 0.981790
   vertex -0.489467 0.388690 0.948587
   vertex -0.510636 0.360293 0.927180
  endloop
 endfacet
 facet normal -0.802503 0.596648 0.000000
  outer loop
   vertex -0.489467 0.388690 1.057804
   vertex -0.489467 0.388690 1.003196
   vertex -0.510599 0.360267 1.036121
  endloop
 endfacet
 facet normal -0.802042 0.597268 0.000831
  outer loop
   vertex -0.510599 0.360267 1.036121
   vertex -0.489467 0.388690 1.003196
   vertex -0.510636 0.360293 0.981790
  endloop
 endfacet
 facet normal -0.809597 0.586986 0.000019
  outer loop
   vertex -0.489473 0.388680 1.112424
   vertex -0.489467 0.388690 1.057804
   vertex -0.510332 0.359911 1.090817
  endloop
 endfacet
 facet normal -0.805315 0.592796 0.007790
  outer loop
   vertex -0.510332 0.359911 1.090817
   vertex -0.489467 0.388690 1.057804
   vertex -0.510599 0.360267 1.036121
  endloop
 endfacet
 facet normal -0.802889 0.596127 0.001258
  outer loop
   vertex -0.489420 0.388636 1.167118
   vertex -0.489473 0.388680 1.112424
   vertex -0.510808 0.359874 1.146143
  endloop
 endfacet
 facet normal -0.807229 0.590202 -0.006551
  outer loop
   vertex -0.510808 0.359874 1.146143
   vertex -0.489473 0.388680 1.112424
   vertex -0.510332 0.359911 1.090817
  endloop
 endfacet
 facet normal -0.801771 0.597573 0.008322
  outer loop
   vertex -0.489083 0.388323 1.222060
   vertex -0.489420 0.388636 1.167118
   vertex -0.513234 0.356159 1.204845
  endloop
 endfacet
 facet normal -0.803979 0.594642 0.004406
  outer loop
   vertex -0.513234 0.356159 1.204845
   vertex -0.489420 0.388636 1.167118
   vertex -0.510808 0.359874 1.146143
  endloop
 endfacet
 facet normal -0.798216 0.602330 -0.007120
  outer loop
   vertex -0.490466 0.386966 1.262308
   vertex -0.489083 0.388323 1.222060
   vertex -0.508850 0.362536 1.256617
  endloop
 endfacet
 facet normal -0.797930 0.602713 -0.006671
  outer loop
   vertex -0.508850 0.362536 1.256617
   vertex -0.489083 0.388323 1.222060
   vertex -0.513234 0.356159 1.204845
  endloop
 endfacet
 facet normal -0.800163 0.599690 0.010501
  outer loop
   vertex -0.508850 0.362536 1.256617
   vertex -0.494178 0.381396 1.297548
   vertex -0.490466 0.386966 1.262308
  endloop
 endfacet
 facet normal -0.945256 0.227398 0.234053
  outer loop
   vertex -0.515653 0.330780 1.259995
   vertex -0.494178 0.381396 1.297548
   vertex -0.508850 0.362536 1.256617
  endloop
 endfacet
 facet normal -0.342806 -0.633216 0.693917
  outer loop
   vertex -0.453850 0.372099 1.308987
   vertex -0.494178 0.381396 1.297548
   vertex -0.460295 0.331826 1.269053
  endloop
 endfacet
 facet normal -0.123872 -0.556818 0.821346
  outer loop
   vertex -0.460295 0.331826 1.269053
   vertex -0.494178 0.381396 1.297548
   vertex -0.515653 0.330780 1.259995
  endloop
 endfacet
 facet normal -0.321658 -0.826213 0.462501
  outer loop
   vertex -0.453850 0.372099 1.308987
   vertex -0.446855 0.388704 1.343515
   vertex -0.494178 0.381396 1.297548
  endloop
 endfacet
 facet normal -0.692216 0.268236 0.669990
  outer loop
   vertex -0.494178 0.381396 1.297548
   vertex -0.446855 0.388704 1.343515
   vertex -0.461021 0.421872 1.315600
  endloop
 endfacet
 facet normal -0.905462 -0.030432 0.423335
  outer loop
   vertex -0.461021 0.421872 1.315600
   vertex -0.446855 0.388704 1.343515
   vertex -0.441934 0.441294 1.357821
  endloop
 endfacet
 facet normal -0.720704 0.693208 0.006930
  outer loop
   vertex -0.461021 0.421872 1.315600
   vertex -0.441934 0.441294 1.357821
   vertex -0.439160 0.444561 1.319511
  endloop
 endfacet
 facet normal -0.720147 0.693821 0.000266
  outer loop
   vertex -0.439160 0.444561 1.319511
   vertex -0.437973 0.445809 1.277926
   vertex -0.461021 0.421872 1.315600
  endloop
 endfacet
 facet normal -0.723601 0.690206 -0.004143
  outer loop
   vertex -0.461021 0.421872 1.315600
   vertex -0.437973 0.445809 1.277926
   vertex -0.467351 0.414902 1.260008
  endloop
 endfacet
 facet normal -0.724855 0.688901 0.000162
  outer loop
   vertex -0.437973 0.445809 1.277926
   vertex -0.437951 0.445845 1.223327
   vertex -0.467351 0.414902 1.260008
  endloop
 endfacet
 facet normal -0.724276 0.689509 0.001139
  outer loop
   vertex -0.467351 0.414902 1.260008
   vertex -0.437951 0.445845 1.223327
   vertex -0.464035 0.418483 1.200816
  endloop
 endfacet
 facet normal -0.723827 0.689981 0.000046
  outer loop
   vertex -0.437951 0.445845 1.223327
   vertex -0.437557 0.446262 1.168400
   vertex -0.464035 0.418483 1.200816
  endloop
 endfacet
 facet normal -0.731659 0.681535 -0.013589
  outer loop
   vertex -0.464035 0.418483 1.200816
   vertex -0.437557 0.446262 1.168400
   vertex -0.463434 0.418025 1.145486
  endloop
 endfacet
 facet normal -0.737241 0.675630 -0.000008
  outer loop
   vertex -0.437557 0.446262 1.168400
   vertex -0.437550 0.446269 1.113778
   vertex -0.463434 0.418025 1.145486
  endloop
 endfacet
 facet normal -0.728321 0.685057 0.015671
  outer loop
   vertex -0.463434 0.418025 1.145486
   vertex -0.437550 0.446269 1.113778
   vertex -0.464067 0.418597 1.091061
  endloop
 endfacet
 facet normal -0.722014 0.691878 0.000000
  outer loop
   vertex -0.437550 0.446269 1.113778
   vertex -0.437550 0.446269 1.059170
   vertex -0.464067 0.418597 1.091061
  endloop
 endfacet
 facet normal -0.722014 0.691878 0.000000
  outer loop
   vertex -0.464067 0.418597 1.091061
   vertex -0.437550 0.446269 1.059170
   vertex -0.464067 0.418597 1.036452
  endloop
 endfacet
 facet normal -0.722014 0.691878 0.000000
  outer loop
   vertex -0.437550 0.446269 1.059170
   vertex -0.437550 0.446269 1.004560
   vertex -0.464067 0.418597 1.036452
  endloop
 endfacet
 facet normal -0.722014 0.691878 0.000000
  outer loop
   vertex -0.464067 0.418597 1.036452
   vertex -0.437550 0.446269 1.004560
   vertex -0.464067 0.418597 0.981844
  endloop
 endfacet
 facet normal -0.722014 0.691878 0.000000
  outer loop
   vertex -0.437550 0.446269 1.004560
   vertex -0.437550 0.446269 0.949952
   vertex -0.464067 0.418597 0.981844
  endloop
 endfacet
 facet normal -0.722014 0.691878 0.000000
  outer loop
   vertex -0.464067 0.418597 0.981844
   vertex -0.437550 0.446269 0.949952
   vertex -0.464067 0.418597 0.927236
  endloop
 endfacet
 facet normal -0.722014 0.691878 0.000000
  outer loop
   vertex -0.437550 0.446269 0.949952
   vertex -0.437550 0.446269 0.895344
   vertex -0.464067 0.418597 0.927236
  endloop
 endfacet
 facet normal -0.722014 0.691878 0.000000
  outer loop
   vertex -0.464067 0.418597 0.927236
   vertex -0.437550 0.446269 0.895344
   vertex -0.464067 0.418597 0.872626
  endloop
 endfacet
 facet normal -0.722014 0.691878 0.000000
  outer loop
   vertex -0.437550 0.446269 0.895344
   vertex -0.437550 0.446269 0.840735
   vertex -0.464067 0.418597 0.872626
  endloop
 endfacet
 facet normal -0.722014 0.691878 0.000000
  outer loop
   vertex -0.464067 0.418597 0.872626
   vertex -0.437550 0.446269 0.840735
   vertex -0.464067 0.418597 0.818018
  endloop
 endfacet
 facet normal -0.722014 0.691878 0.000000
  outer loop
   vertex -0.437550 0.446269 0.840735
   vertex -0.437550 0.446269 0.786127
   vertex -0.464067 0.418597 0.818018
  endloop
 endfacet
 facet normal -0.722014 0.691878 0.000000
  outer loop
   vertex -0.464067 0.418597 0.818018
   vertex -0.437550 0.446269 0.786127
   vertex -0.464067 0.418597 0.763410
  endloop
 endfacet
 facet normal -0.722014 0.691878 0.000000
  outer loop
   vertex -0.437550 0.446269 0.786127
   vertex -0.437550 0.446269 0.731519
   vertex -0.464067 0.418597 0.763410
  endloop
 endfacet
 facet normal -0.722014 0.691878 0.000000
  outer loop
   vertex -0.464067 0.418597 0.763410
   vertex -0.437550 0.446269 0.731519
   vertex -0.464067 0.418597 0.708801
  endloop
 endfacet
 facet normal -0.722014 0.691878 0.000000
  outer loop
   vertex -0.437550 0.446269 0.731519
   vertex -0.437550 0.446269 0.676909
   vertex -0.464067 0.418597 0.708801
  endloop
 endfacet
 facet normal -0.722014 0.691878 0.000000
  outer loop
   vertex -0.464067 0.418597 0.708801
   vertex -0.437550 0.446269 0.676909
   vertex -0.464067 0.418597 0.654193
  endloop
 endfacet
 facet normal -0.722019 0.691873 0.000013
  outer loop
   vertex -0.437550 0.446269 0.676909
   vertex -0.437551 0.446269 0.622301
   vertex -0.464067 0.418597 0.654193
  endloop
 endfacet
 facet normal -0.722027 0.691865 0.000000
  outer loop
   vertex -0.464067 0.418597 0.654193
   vertex -0.437551 0.446269 0.622301
   vertex -0.464067 0.418597 0.599585
  endloop
 endfacet
 facet normal -0.722027 0.691865 0.000000
  outer loop
   vertex -0.437551 0.446269 0.622301
   vertex -0.437551 0.446269 0.567693
   vertex -0.464067 0.418597 0.599585
  endloop
 endfacet
 facet normal -0.722027 0.691865 0.000000
  outer loop
   vertex -0.464067 0.418597 0.599585
   vertex -0.437551 0.446269 0.567693
   vertex -0.464067 0.418597 0.544976
  endloop
 endfacet
 facet normal -0.722022 0.691871 -0.000013
  outer loop
   vertex -0.437551 0.446269 0.567693
   vertex -0.437550 0.446269 0.513084
   vertex -0.464067 0.418597 0.544976
  endloop
 endfacet
 facet normal -0.722014 0.691878 0.000000
  outer loop
   vertex -0.464067 0.418597 0.544976
   vertex -0.437550 0.446269 0.513084
   vertex -0.464067 0.418597 0.490368
  endloop
 endfacet
 facet normal -0.722014 0.691878 0.000000
  outer loop
   vertex -0.437550 0.446269 0.513084
   vertex -0.437550 0.446269 0.458476
   vertex -0.464067 0.418597 0.490368
  endloop
 endfacet
 facet normal -0.722014 0.691878 0.000000
  outer loop
   vertex -0.464067 0.418597 0.490368
   vertex -0.437550 0.446269 0.458476
   vertex -0.464067 0.418597 0.435759
  endloop
 endfacet
 facet normal -0.722019 0.691873 0.000013
  outer loop
   vertex -0.437550 0.446269 0.458476
   vertex -0.437551 0.446269 0.403868
   vertex -0.464067 0.418597 0.435759
  endloop
 endfacet
 facet normal -0.722027 0.691865 0.000000
  outer loop
   vertex -0.464067 0.418597 0.435759
   vertex -0.437551 0.446269 0.403868
   vertex -0.464067 0.418597 0.381150
  endloop
 endfacet
 facet normal -0.722022 0.691871 -0.000013
  outer loop
   vertex -0.437551 0.446269 0.403868
   vertex -0.437550 0.446269 0.349259
   vertex -0.464067 0.418597 0.381150
  endloop
 endfacet
 facet normal -0.722014 0.691878 0.000000
  outer loop
   vertex -0.464067 0.418597 0.381150
   vertex -0.437550 0.446269 0.349259
   vertex -0.464067 0.418597 0.326542
  endloop
 endfacet
 facet normal -0.722015 0.691878 0.000001
  outer loop
   vertex -0.437550 0.446269 0.349259
   vertex -0.437552 0.446267 0.294654
   vertex -0.464067 0.418597 0.326542
  endloop
 endfacet
 facet normal -0.722019 0.691873 -0.000007
  outer loop
   vertex -0.464067 0.418597 0.326542
   vertex -0.437552 0.446267 0.294654
   vertex -0.464079 0.418584 0.271955
  endloop
 endfacet
 facet normal -0.714532 0.697914 -0.048575
  outer loop
   vertex -0.448205 0.432835 0.150377
   vertex -0.448524 0.432415 0.149035
   vertex -0.449547 0.431458 0.150333
  endloop
 endfacet
 facet normal -0.714547 0.697919 -0.048281
  outer loop
   vertex -0.448205 0.432835 0.150377
   vertex -0.449547 0.431458 0.150333
   vertex -0.447107 0.434279 0.155000
  endloop
 endfacet
 facet normal -0.668524 0.743690 0.000009
  outer loop
   vertex -0.397678 0.482111 0.283955
   vertex -0.437552 0.446267 0.294654
   vertex -0.397675 0.482113 0.338556
  endloop
 endfacet
 facet normal -0.668517 0.743697 -0.000003
  outer loop
   vertex -0.397675 0.482113 0.338556
   vertex -0.437552 0.446267 0.294654
   vertex -0.437550 0.446269 0.349259
  endloop
 endfacet
 facet normal -0.668516 0.743697 0.000000
  outer loop
   vertex -0.397675 0.482113 0.338556
   vertex -0.437550 0.446269 0.349259
   vertex -0.397675 0.482113 0.393165
  endloop
 endfacet
 facet normal -0.668509 0.743704 -0.000012
  outer loop
   vertex -0.397675 0.482113 0.393165
   vertex -0.437550 0.446269 0.349259
   vertex -0.437551 0.446269 0.403868
  endloop
 endfacet
 facet normal -0.668507 0.743706 0.000000
  outer loop
   vertex -0.397675 0.482113 0.393165
   vertex -0.437551 0.446269 0.403868
   vertex -0.397675 0.482113 0.447773
  endloop
 endfacet
 facet normal -0.668515 0.743699 0.000012
  outer loop
   vertex -0.397675 0.482113 0.447773
   vertex -0.437551 0.446269 0.403868
   vertex -0.437550 0.446269 0.458476
  endloop
 endfacet
 facet normal -0.668516 0.743697 0.000000
  outer loop
   vertex -0.397675 0.482113 0.447773
   vertex -0.437550 0.446269 0.458476
   vertex -0.397675 0.482113 0.502381
  endloop
 endfacet
 facet normal -0.668516 0.743697 0.000000
  outer loop
   vertex -0.397675 0.482113 0.502381
   vertex -0.437550 0.446269 0.458476
   vertex -0.437550 0.446269 0.513084
  endloop
 endfacet
 facet normal -0.668516 0.743697 0.000000
  outer loop
   vertex -0.397675 0.482113 0.502381
   vertex -0.437550 0.446269 0.513084
   vertex -0.397675 0.482113 0.556990
  endloop
 endfacet
 facet normal -0.668509 0.743704 -0.000012
  outer loop
   vertex -0.397675 0.482113 0.556990
   vertex -0.437550 0.446269 0.513084
   vertex -0.437551 0.446269 0.567693
  endloop
 endfacet
 facet normal -0.668507 0.743706 0.000000
  outer loop
   vertex -0.397675 0.482113 0.556990
   vertex -0.437551 0.446269 0.567693
   vertex -0.397675 0.482113 0.611598
  endloop
 endfacet
 facet normal -0.668507 0.743706 0.000000
  outer loop
   vertex -0.397675 0.482113 0.611598
   vertex -0.437551 0.446269 0.567693
   vertex -0.437551 0.446269 0.622301
  endloop
 endfacet
 facet normal -0.668507 0.743706 0.000000
  outer loop
   vertex -0.397675 0.482113 0.611598
   vertex -0.437551 0.446269 0.622301
   vertex -0.397675 0.482113 0.666207
  endloop
 endfacet
 facet normal -0.668515 0.743699 0.000012
  outer loop
   vertex -0.397675 0.482113 0.666207
   vertex -0.437551 0.446269 0.622301
   vertex -0.437550 0.446269 0.676909
  endloop
 endfacet
 facet normal -0.668516 0.743697 0.000000
  outer loop
   vertex -0.397675 0.482113 0.666207
   vertex -0.437550 0.446269 0.676909
   vertex -0.397675 0.482113 0.720816
  endloop
 endfacet
 facet normal -0.668516 0.743697 0.000000
  outer loop
   vertex -0.397675 0.482113 0.720816
   vertex -0.437550 0.446269 0.676909
   vertex -0.437550 0.446269 0.731519
  endloop
 endfacet
 facet normal -0.668516 0.743697 0.000000
  outer loop
   vertex -0.397675 0.482113 0.720816
   vertex -0.437550 0.446269 0.731519
   vertex -0.397675 0.482113 0.775424
  endloop
 endfacet
 facet normal -0.668516 0.743697 0.000000
  outer loop
   vertex -0.397675 0.482113 0.775424
   vertex -0.437550 0.446269 0.731519
   vertex -0.437550 0.446269 0.786127
  endloop
 endfacet
 facet normal -0.668516 0.743697 0.000000
  outer loop
   vertex -0.397675 0.482113 0.775424
   vertex -0.437550 0.446269 0.786127
   vertex -0.397675 0.482113 0.830032
  endloop
 endfacet
 facet normal -0.668516 0.743697 0.000000
  outer loop
   vertex -0.397675 0.482113 0.830032
   vertex -0.437550 0.446269 0.786127
   vertex -0.437550 0.446269 0.840735
  endloop
 endfacet
 facet normal -0.668516 0.743697 0.000000
  outer loop
   vertex -0.397675 0.482113 0.830032
   vertex -0.437550 0.446269 0.840735
   vertex -0.397675 0.482113 0.884641
  endloop
 endfacet
 facet normal -0.668516 0.743697 0.000000
  outer loop
   vertex -0.397675 0.482113 0.884641
   vertex -0.437550 0.446269 0.840735
   vertex -0.437550 0.446269 0.895344
  endloop
 endfacet
 facet normal -0.668516 0.743697 0.000000
  outer loop
   vertex -0.397675 0.482113 0.884641
   vertex -0.437550 0.446269 0.895344
   vertex -0.397675 0.482113 0.939249
  endloop
 endfacet
 facet normal -0.668516 0.743697 0.000000
  outer loop
   vertex -0.397675 0.482113 0.939249
   vertex -0.437550 0.446269 0.895344
   vertex -0.437550 0.446269 0.949952
  endloop
 endfacet
 facet normal -0.668516 0.743697 0.000000
  outer loop
   vertex -0.397675 0.482113 0.939249
   vertex -0.437550 0.446269 0.949952
   vertex -0.397675 0.482113 0.993858
  endloop
 endfacet
 facet normal -0.668516 0.743697 0.000000
  outer loop
   vertex -0.397675 0.482113 0.993858
   vertex -0.437550 0.446269 0.949952
   vertex -0.437550 0.446269 1.004560
  endloop
 endfacet
 facet normal -0.668516 0.743697 0.000000
  outer loop
   vertex -0.397675 0.482113 0.993858
   vertex -0.437550 0.446269 1.004560
   vertex -0.397675 0.482113 1.048467
  endloop
 endfacet
 facet normal -0.668516 0.743697 0.000000
  outer loop
   vertex -0.397675 0.482113 1.048467
   vertex -0.437550 0.446269 1.004560
   vertex -0.437550 0.446269 1.059170
  endloop
 endfacet
 facet normal -0.668516 0.743697 0.000000
  outer loop
   vertex -0.397675 0.482113 1.048467
   vertex -0.437550 0.446269 1.059170
   vertex -0.397675 0.482113 1.103075
  endloop
 endfacet
 facet normal -0.668516 0.743697 0.000000
  outer loop
   vertex -0.397675 0.482113 1.103075
   vertex -0.437550 0.446269 1.059170
   vertex -0.437550 0.446269 1.113778
  endloop
 endfacet
 facet normal -0.668516 0.743697 0.000000
  outer loop
   vertex -0.397675 0.482113 1.103075
   vertex -0.437550 0.446269 1.113778
   vertex -0.397675 0.482113 1.157683
  endloop
 endfacet
 facet normal -0.668522 0.743692 0.000010
  outer loop
   vertex -0.397675 0.482113 1.157683
   vertex -0.437550 0.446269 1.113778
   vertex -0.437557 0.446262 1.168400
  endloop
 endfacet
 facet normal -0.668260 0.743925 0.001764
  outer loop
   vertex -0.397675 0.482113 1.157683
   vertex -0.437557 0.446262 1.168400
   vertex -0.397462 0.482175 1.212231
  endloop
 endfacet
 facet normal -0.667715 0.744417 0.000862
  outer loop
   vertex -0.397462 0.482175 1.212231
   vertex -0.437557 0.446262 1.168400
   vertex -0.437951 0.445845 1.223327
  endloop
 endfacet
 facet normal -0.667812 0.744330 0.000221
  outer loop
   vertex -0.397462 0.482175 1.212231
   vertex -0.437951 0.445845 1.223327
   vertex -0.397825 0.481833 1.267133
  endloop
 endfacet
 facet normal -0.667813 0.744329 0.000222
  outer loop
   vertex -0.397825 0.481833 1.267133
   vertex -0.437951 0.445845 1.223327
   vertex -0.437973 0.445809 1.277926
  endloop
 endfacet
 facet normal -0.668380 0.743811 -0.003622
  outer loop
   vertex -0.397825 0.481833 1.267133
   vertex -0.437973 0.445809 1.277926
   vertex -0.402166 0.478213 1.324794
  endloop
 endfacet
 facet normal -0.673134 0.739515 0.002980
  outer loop
   vertex -0.402166 0.478213 1.324794
   vertex -0.437973 0.445809 1.277926
   vertex -0.439160 0.444561 1.319511
  endloop
 endfacet
 facet normal -0.673944 0.738646 0.014190
  outer loop
   vertex -0.439160 0.444561 1.319511
   vertex -0.441934 0.441294 1.357821
   vertex -0.402166 0.478213 1.324794
  endloop
 endfacet
 facet normal -0.675412 0.737359 0.010984
  outer loop
   vertex -0.402166 0.478213 1.324794
   vertex -0.441934 0.441294 1.357821
   vertex -0.392358 0.486378 1.379773
  endloop
 endfacet
 facet normal -0.150776 -0.265805 0.952163
  outer loop
   vertex -0.515653 0.330780 1.259995
   vertex -0.515978 0.265783 1.241799
   vertex -0.460295 0.331826 1.269053
  endloop
 endfacet
 facet normal 0.000590 -0.381891 0.924207
  outer loop
   vertex -0.460295 0.331826 1.269053
   vertex -0.515978 0.265783 1.241799
   vertex -0.454555 0.275171 1.245639
  endloop
 endfacet
 facet normal -0.068210 0.038504 0.996928
  outer loop
   vertex -0.515978 0.265783 1.241799
   vertex -0.515884 0.210827 1.243928
   vertex -0.454555 0.275171 1.245639
  endloop
 endfacet
 facet normal 0.127010 -0.147142 0.980927
  outer loop
   vertex -0.454555 0.275171 1.245639
   vertex -0.515884 0.210827 1.243928
   vertex -0.460385 0.211087 1.236781
  endloop
 endfacet
 facet normal 0.127463 0.037048 0.991151
  outer loop
   vertex -0.515884 0.210827 1.243928
   vertex -0.515451 0.161046 1.245733
   vertex -0.460385 0.211087 1.236781
  endloop
 endfacet
 facet normal 0.004896 0.170873 0.985281
  outer loop
   vertex -0.460385 0.211087 1.236781
   vertex -0.515451 0.161046 1.245733
   vertex -0.459956 0.155074 1.246493
  endloop
 endfacet
 facet normal -0.028692 -0.140685 0.989639
  outer loop
   vertex -0.515451 0.161046 1.245733
   vertex -0.516319 0.107297 1.238067
   vertex -0.459956 0.155074 1.246493
  endloop
 endfacet
 facet normal -0.003385 -0.169805 0.985472
  outer loop
   vertex -0.459956 0.155074 1.246493
   vertex -0.516319 0.107297 1.238067
   vertex -0.459226 0.090785 1.235418
  endloop
 endfacet
 facet normal 0.051061 0.016349 0.998562
  outer loop
   vertex -0.516319 0.107297 1.238067
   vertex -0.507525 0.050454 1.238548
   vertex -0.459226 0.090785 1.235418
  endloop
 endfacet
 facet normal 0.007359 0.068612 0.997616
  outer loop
   vertex -0.459226 0.090785 1.235418
   vertex -0.507525 0.050454 1.238548
   vertex -0.445607 0.057976 1.237574
  endloop
 endfacet
 facet normal 0.057503 -0.352378 0.934089
  outer loop
   vertex -0.445607 0.057976 1.237574
   vertex -0.507525 0.050454 1.238548
   vertex -0.464417 0.021623 1.225018
  endloop
 endfacet
 facet normal 0.077260 -0.326556 0.942015
  outer loop
   vertex -0.464417 0.021623 1.225018
   vertex -0.507525 0.050454 1.238548
   vertex -0.511800 -0.007340 1.218864
  endloop
 endfacet
 facet normal 0.022306 -0.242572 0.969877
  outer loop
   vertex -0.464417 0.021623 1.225018
   vertex -0.511800 -0.007340 1.218864
   vertex -0.455398 -0.014228 1.215844
  endloop
 endfacet
 facet normal -0.029051 -0.591246 0.805968
  outer loop
   vertex -0.511800 -0.007340 1.218864
   vertex -0.502282 -0.054980 1.184259
   vertex -0.455398 -0.014228 1.215844
  endloop
 endfacet
 facet normal -0.034708 -0.586978 0.808858
  outer loop
   vertex -0.455398 -0.014228 1.215844
   vertex -0.502282 -0.054980 1.184259
   vertex -0.445500 -0.057056 1.185189
  endloop
 endfacet
 facet normal -0.032813 -0.513359 0.857547
  outer loop
   vertex -0.445500 -0.057056 1.185189
   vertex -0.502282 -0.054980 1.184259
   vertex -0.468564 -0.109521 1.152899
  endloop
 endfacet
 facet normal 0.069028 -0.464856 0.882691
  outer loop
   vertex -0.468564 -0.109521 1.152899
   vertex -0.502282 -0.054980 1.184259
   vertex -0.523863 -0.107961 1.158045
  endloop
 endfacet
 facet normal 0.063020 -0.538294 0.840398
  outer loop
   vertex -0.523863 -0.107961 1.158045
   vertex -0.506588 -0.155520 1.126287
   vertex -0.468564 -0.109521 1.152899
  endloop
 endfacet
 facet normal 0.186308 -0.602838 0.775806
  outer loop
   vertex -0.468564 -0.109521 1.152899
   vertex -0.506588 -0.155520 1.126287
   vertex -0.456650 -0.163255 1.108284
  endloop
 endfacet
 facet normal 0.111645 -0.762490 0.637295
  outer loop
   vertex -0.456650 -0.163255 1.108284
   vertex -0.506588 -0.155520 1.126287
   vertex -0.516815 -0.196124 1.079498
  endloop
 endfacet
 facet normal -0.001332 -0.657454 0.753493
  outer loop
   vertex -0.456650 -0.163255 1.108284
   vertex -0.516815 -0.196124 1.079498
   vertex -0.445627 -0.214845 1.063289
  endloop
 endfacet
 facet normal 0.074660 -0.475179 0.876716
  outer loop
   vertex -0.445627 -0.214845 1.063289
   vertex -0.516815 -0.196124 1.079498
   vertex -0.471354 -0.271284 1.034890
  endloop
 endfacet
 facet normal -0.125577 -0.561415 0.817951
  outer loop
   vertex -0.471354 -0.271284 1.034890
   vertex -0.516815 -0.196124 1.079498
   vertex -0.516870 -0.257079 1.037652
  endloop
 endfacet
 facet normal -0.031228 -0.286261 0.957643
  outer loop
   vertex -0.516870 -0.257079 1.037652
   vertex -0.512319 -0.284034 1.029743
   vertex -0.471354 -0.271284 1.034890
  endloop
 endfacet
 facet normal 0.002855 -0.382214 0.924070
  outer loop
   vertex -0.512319 -0.284034 1.029743
   vertex -0.507435 -0.326505 1.012161
   vertex -0.471354 -0.271284 1.034890
  endloop
 endfacet
 facet normal -0.036841 -0.359684 0.932347
  outer loop
   vertex -0.471354 -0.271284 1.034890
   vertex -0.507435 -0.326505 1.012161
   vertex -0.450926 -0.323021 1.015738
  endloop
 endfacet
 facet normal -0.064337 0.019136 0.997745
  outer loop
   vertex -0.450926 -0.323021 1.015738
   vertex -0.507435 -0.326505 1.012161
   vertex -0.450206 -0.376857 1.016817
  endloop
 endfacet
 facet normal -0.513825 -0.520976 0.681592
  outer loop
   vertex -0.450206 -0.376857 1.016817
   vertex -0.507435 -0.326505 1.012161
   vertex -0.494440 -0.381912 0.979607
  endloop
 endfacet
 facet normal -0.749053 -0.662362 0.013969
  outer loop
   vertex -0.444061 -0.438824 0.982483
   vertex -0.494440 -0.381912 0.979607
   vertex -0.454305 -0.428332 0.930668
  endloop
 endfacet
 facet normal -0.769607 -0.637988 -0.026007
  outer loop
   vertex -0.454305 -0.428332 0.930668
   vertex -0.494440 -0.381912 0.979607
   vertex -0.507004 -0.364974 0.935892
  endloop
 endfacet
 facet normal -0.768215 -0.640057 0.013121
  outer loop
   vertex -0.507004 -0.364974 0.935892
   vertex -0.498624 -0.376107 0.883448
   vertex -0.454305 -0.428332 0.930668
  endloop
 endfacet
 facet normal -0.762200 -0.647341 -0.000580
  outer loop
   vertex -0.454305 -0.428332 0.930668
   vertex -0.498624 -0.376107 0.883448
   vertex -0.449694 -0.433707 0.870296
  endloop
 endfacet
 facet normal -0.761938 -0.647647 0.001736
  outer loop
   vertex -0.498624 -0.376107 0.883448
   vertex -0.497594 -0.377466 0.828515
   vertex -0.449694 -0.433707 0.870296
  endloop
 endfacet
 facet normal -0.761357 -0.648333 0.000146
  outer loop
   vertex -0.449694 -0.433707 0.870296
   vertex -0.497594 -0.377466 0.828515
   vertex -0.449415 -0.434047 0.815244
  endloop
 endfacet
 facet normal -0.760882 -0.648876 0.004185
  outer loop
   vertex -0.497594 -0.377466 0.828515
   vertex -0.497937 -0.377415 0.774058
   vertex -0.449415 -0.434047 0.815244
  endloop
 endfacet
 facet normal -0.759450 -0.650565 0.000176
  outer loop
   vertex -0.449415 -0.434047 0.815244
   vertex -0.497937 -0.377415 0.774058
   vertex -0.449503 -0.433959 0.760679
  endloop
 endfacet
 facet normal -0.759471 -0.650541 0.000000
  outer loop
   vertex -0.497937 -0.377415 0.774058
   vertex -0.497937 -0.377415 0.719450
   vertex -0.449503 -0.433959 0.760679
  endloop
 endfacet
 facet normal -0.759471 -0.650541 0.000000
  outer loop
   vertex -0.449503 -0.433959 0.760679
   vertex -0.497937 -0.377415 0.719450
   vertex -0.449503 -0.433959 0.706071
  endloop
 endfacet
 facet normal -0.759471 -0.650541 0.000000
  outer loop
   vertex -0.497937 -0.377415 0.719450
   vertex -0.497937 -0.377415 0.664842
   vertex -0.449503 -0.433959 0.706071
  endloop
 endfacet
 facet normal -0.759471 -0.650541 0.000000
  outer loop
   vertex -0.449503 -0.433959 0.706071
   vertex -0.497937 -0.377415 0.664842
   vertex -0.449503 -0.433959 0.651463
  endloop
 endfacet
 facet normal -0.759471 -0.650541 0.000000
  outer loop
   vertex -0.497937 -0.377415 0.664842
   vertex -0.497937 -0.377415 0.610233
   vertex -0.449503 -0.433959 0.651463
  endloop
 endfacet
 facet normal -0.759471 -0.650541 0.000000
  outer loop
   vertex -0.449503 -0.433959 0.651463
   vertex -0.497937 -0.377415 0.610233
   vertex -0.449503 -0.433959 0.596854
  endloop
 endfacet
 facet normal -0.759471 -0.650541 0.000000
  outer loop
   vertex -0.497937 -0.377415 0.610233
   vertex -0.497937 -0.377415 0.555625
   vertex -0.449503 -0.433959 0.596854
  endloop
 endfacet
 facet normal -0.759471 -0.650541 0.000000
  outer loop
   vertex -0.449503 -0.433959 0.596854
   vertex -0.497937 -0.377415 0.555625
   vertex -0.449503 -0.433959 0.542246
  endloop
 endfacet
 facet normal -0.759471 -0.650541 0.000000
  outer loop
   vertex -0.497937 -0.377415 0.555625
   vertex -0.497937 -0.377415 0.501017
   vertex -0.449503 -0.433959 0.542246
  endloop
 endfacet
 facet normal -0.759471 -0.650541 0.000000
  outer loop
   vertex -0.449503 -0.433959 0.542246
   vertex -0.497937 -0.377415 0.501017
   vertex -0.449503 -0.433959 0.487638
  endloop
 endfacet
 facet normal -0.759471 -0.650541 0.000000
  outer loop
   vertex -0.497937 -0.377415 0.501017
   vertex -0.497937 -0.377415 0.446407
   vertex -0.449503 -0.433959 0.487638
  endloop
 endfacet
 facet normal -0.759471 -0.650541 0.000000
  outer loop
   vertex -0.449503 -0.433959 0.487638
   vertex -0.497937 -0.377415 0.446407
   vertex -0.449503 -0.433959 0.433029
  endloop
 endfacet
 facet normal -0.759471 -0.650541 0.000000
  outer loop
   vertex -0.497937 -0.377415 0.446407
   vertex -0.497937 -0.377415 0.391799
   vertex -0.449503 -0.433959 0.433029
  endloop
 endfacet
 facet normal -0.759471 -0.650541 0.000000
  outer loop
   vertex -0.449503 -0.433959 0.433029
   vertex -0.497937 -0.377415 0.391799
   vertex -0.449503 -0.433959 0.378420
  endloop
 endfacet
 facet normal -0.759471 -0.650541 0.000000
  outer loop
   vertex -0.497937 -0.377415 0.391799
   vertex -0.497937 -0.377415 0.337188
   vertex -0.449503 -0.433959 0.378420
  endloop
 endfacet
 facet normal -0.828996 -0.559255 0.000010
  outer loop
   vertex -0.536697 -0.319960 0.405178
   vertex -0.536697 -0.319961 0.350570
   vertex -0.497937 -0.377415 0.391799
  endloop
 endfacet
 facet normal -0.828992 -0.559260 0.000000
  outer loop
   vertex -0.497937 -0.377415 0.391799
   vertex -0.536697 -0.319961 0.350570
   vertex -0.497937 -0.377415 0.337188
  endloop
 endfacet
 facet normal -0.828993 -0.559258 -0.000010
  outer loop
   vertex -0.536697 -0.319961 0.459786
   vertex -0.536697 -0.319960 0.405178
   vertex -0.497937 -0.377415 0.446407
  endloop
 endfacet
 facet normal -0.828997 -0.559253 0.000000
  outer loop
   vertex -0.497937 -0.377415 0.446407
   vertex -0.536697 -0.319960 0.405178
   vertex -0.497937 -0.377415 0.391799
  endloop
 endfacet
 facet normal -0.828992 -0.559260 0.000000
  outer loop
   vertex -0.536697 -0.319961 0.514395
   vertex -0.536697 -0.319961 0.459786
   vertex -0.497937 -0.377415 0.501017
  endloop
 endfacet
 facet normal -0.828992 -0.559260 0.000000
  outer loop
   vertex -0.497937 -0.377415 0.501017
   vertex -0.536697 -0.319961 0.459786
   vertex -0.497937 -0.377415 0.446407
  endloop
 endfacet
 facet normal -0.828992 -0.559260 0.000000
  outer loop
   vertex -0.536697 -0.319961 0.569003
   vertex -0.536697 -0.319961 0.514395
   vertex -0.497937 -0.377415 0.555625
  endloop
 endfacet
 facet normal -0.828992 -0.559260 0.000000
  outer loop
   vertex -0.497937 -0.377415 0.555625
   vertex -0.536697 -0.319961 0.514395
   vertex -0.497937 -0.377415 0.501017
  endloop
 endfacet
 facet normal -0.828996 -0.559255 0.000010
  outer loop
   vertex -0.536697 -0.319960 0.623612
   vertex -0.536697 -0.319961 0.569003
   vertex -0.497937 -0.377415 0.610233
  endloop
 endfacet
 facet normal -0.828992 -0.559260 0.000000
  outer loop
   vertex -0.497937 -0.377415 0.610233
   vertex -0.536697 -0.319961 0.569003
   vertex -0.497937 -0.377415 0.555625
  endloop
 endfacet
 facet normal -0.828997 -0.559253 0.000000
  outer loop
   vertex -0.536697 -0.319960 0.678221
   vertex -0.536697 -0.319960 0.623612
   vertex -0.497937 -0.377415 0.664842
  endloop
 endfacet
 facet normal -0.828997 -0.559253 0.000000
  outer loop
   vertex -0.497937 -0.377415 0.664842
   vertex -0.536697 -0.319960 0.623612
   vertex -0.497937 -0.377415 0.610233
  endloop
 endfacet
 facet normal -0.828993 -0.559258 -0.000010
  outer loop
   vertex -0.536697 -0.319961 0.732829
   vertex -0.536697 -0.319960 0.678221
   vertex -0.497937 -0.377415 0.719450
  endloop
 endfacet
 facet normal -0.828997 -0.559253 0.000000
  outer loop
   vertex -0.497937 -0.377415 0.719450
   vertex -0.536697 -0.319960 0.678221
   vertex -0.497937 -0.377415 0.664842
  endloop
 endfacet
 facet normal -0.828996 -0.559255 0.000010
  outer loop
   vertex -0.536697 -0.319960 0.787437
   vertex -0.536697 -0.319961 0.732829
   vertex -0.497937 -0.377415 0.774058
  endloop
 endfacet
 facet normal -0.828992 -0.559260 0.000000
  outer loop
   vertex -0.497937 -0.377415 0.774058
   vertex -0.536697 -0.319961 0.732829
   vertex -0.497937 -0.377415 0.719450
  endloop
 endfacet
 facet normal -0.828070 -0.560614 0.003441
  outer loop
   vertex -0.536929 -0.319283 0.841899
   vertex -0.536697 -0.319960 0.787437
   vertex -0.497594 -0.377466 0.828515
  endloop
 endfacet
 facet normal -0.828481 -0.559998 0.004694
  outer loop
   vertex -0.497594 -0.377466 0.828515
   vertex -0.536697 -0.319960 0.787437
   vertex -0.497937 -0.377415 0.774058
  endloop
 endfacet
 facet normal -0.828918 -0.559370 -0.000817
  outer loop
   vertex -0.537276 -0.318848 0.896175
   vertex -0.536929 -0.319283 0.841899
   vertex -0.498624 -0.376107 0.883448
  endloop
 endfacet
 facet normal -0.828621 -0.559807 -0.001688
  outer loop
   vertex -0.498624 -0.376107 0.883448
   vertex -0.536929 -0.319283 0.841899
   vertex -0.497594 -0.377466 0.828515
  endloop
 endfacet
 facet normal -0.836928 -0.547308 0.002275
  outer loop
   vertex -0.537248 -0.318720 0.937267
   vertex -0.537276 -0.318848 0.896175
   vertex -0.507004 -0.364974 0.935892
  endloop
 endfacet
 facet normal -0.830226 -0.557241 -0.014369
  outer loop
   vertex -0.507004 -0.364974 0.935892
   vertex -0.537276 -0.318848 0.896175
   vertex -0.498624 -0.376107 0.883448
  endloop
 endfacet
 facet normal -0.880036 -0.474873 0.005598
  outer loop
   vertex -0.537248 -0.318720 0.937267
   vertex -0.534670 -0.323054 0.974899
   vertex -0.562336 -0.272150 0.943783
  endloop
 endfacet
 facet normal -0.879740 -0.475435 0.004416
  outer loop
   vertex -0.562336 -0.272150 0.943783
   vertex -0.534670 -0.323054 0.974899
   vertex -0.561113 -0.273835 1.006024
  endloop
 endfacet
 facet normal -0.906833 -0.357164 0.223805
  outer loop
   vertex -0.587596 -0.211526 0.998155
   vertex -0.561113 -0.273835 1.006024
   vertex -0.569795 -0.226213 1.046844
  endloop
 endfacet
 facet normal -0.772332 -0.628402 0.092812
  outer loop
   vertex -0.592957 -0.196179 1.057453
   vertex -0.587596 -0.211526 0.998155
   vertex -0.569795 -0.226213 1.046844
  endloop
 endfacet
 facet normal -0.098331 -0.986208 0.133131
  outer loop
   vertex -0.595126 -0.190645 1.096846
   vertex -0.592957 -0.196179 1.057453
   vertex -0.576844 -0.193149 1.091800
  endloop
 endfacet
 facet normal -0.667771 -0.645761 0.370236
  outer loop
   vertex -0.576844 -0.193149 1.091800
   vertex -0.592957 -0.196179 1.057453
   vertex -0.569795 -0.226213 1.046844
  endloop
 endfacet
 facet normal -0.195824 -0.734188 0.650092
  outer loop
   vertex -0.556115 -0.164555 1.130337
   vertex -0.604166 -0.158045 1.123215
   vertex -0.576844 -0.193149 1.091800
  endloop
 endfacet
 facet normal 0.135398 -0.600130 0.788360
  outer loop
   vertex -0.576844 -0.193149 1.091800
   vertex -0.604166 -0.158045 1.123215
   vertex -0.595126 -0.190645 1.096846
  endloop
 endfacet
 facet normal -0.661994 -0.292988 0.689871
  outer loop
   vertex -0.615927 -0.104325 1.134744
   vertex -0.604166 -0.158045 1.123215
   vertex -0.583023 -0.108995 1.164335
  endloop
 endfacet
 facet normal -0.195758 -0.579086 0.791416
  outer loop
   vertex -0.583023 -0.108995 1.164335
   vertex -0.604166 -0.158045 1.123215
   vertex -0.556115 -0.164555 1.130337
  endloop
 endfacet
 facet normal -0.533029 -0.694631 0.483082
  outer loop
   vertex -0.618546 -0.085605 1.158772
   vertex -0.615927 -0.104325 1.134744
   vertex -0.583023 -0.108995 1.164335
  endloop
 endfacet
 facet normal -0.172514 -0.471738 0.864697
  outer loop
   vertex -0.561626 -0.047789 1.201995
   vertex -0.622842 -0.046986 1.190220
   vertex -0.583023 -0.108995 1.164335
  endloop
 endfacet
 facet normal -0.486167 -0.583676 0.650356
  outer loop
   vertex -0.583023 -0.108995 1.164335
   vertex -0.622842 -0.046986 1.190220
   vertex -0.618546 -0.085605 1.158772
  endloop
 endfacet
 facet normal 0.027101 -0.514963 0.856784
  outer loop
   vertex -0.559618 0.004734 1.233500
   vertex -0.609537 0.003032 1.234056
   vertex -0.561626 -0.047789 1.201995
  endloop
 endfacet
 facet normal -0.155003 -0.627496 0.763035
  outer loop
   vertex -0.561626 -0.047789 1.201995
   vertex -0.609537 0.003032 1.234056
   vertex -0.622842 -0.046986 1.190220
  endloop
 endfacet
 facet normal 0.053331 -0.184658 0.981355
  outer loop
   vertex -0.613927 0.059750 1.244967
   vertex -0.609537 0.003032 1.234056
   vertex -0.569702 0.053497 1.241387
  endloop
 endfacet
 facet normal 0.016330 -0.156353 0.987566
  outer loop
   vertex -0.569702 0.053497 1.241387
   vertex -0.609537 0.003032 1.234056
   vertex -0.559618 0.004734 1.233500
  endloop
 endfacet
 facet normal 0.050893 0.037394 0.998004
  outer loop
   vertex -0.613256 0.118993 1.242713
   vertex -0.613927 0.059750 1.244967
   vertex -0.569513 0.102907 1.241085
  endloop
 endfacet
 facet normal 0.081496 0.005779 0.996657
  outer loop
   vertex -0.569513 0.102907 1.241085
   vertex -0.613927 0.059750 1.244967
   vertex -0.569702 0.053497 1.241387
  endloop
 endfacet
 facet normal -0.028000 -0.062985 0.997622
  outer loop
   vertex -0.601254 0.167938 1.246140
   vertex -0.613256 0.118993 1.242713
   vertex -0.565831 0.159477 1.246600
  endloop
 endfacet
 facet normal 0.001327 -0.097115 0.995272
  outer loop
   vertex -0.565831 0.159477 1.246600
   vertex -0.613256 0.118993 1.242713
   vertex -0.569513 0.102907 1.241085
  endloop
 endfacet
 facet normal -0.982342 0.186600 -0.013597
  outer loop
   vertex -0.618644 0.088158 1.208814
   vertex -0.613256 0.118993 1.242713
   vertex -0.608929 0.139296 1.208732
  endloop
 endfacet
 facet normal -0.971360 0.236939 0.017878
  outer loop
   vertex -0.608929 0.139296 1.208732
   vertex -0.613256 0.118993 1.242713
   vertex -0.601254 0.167938 1.246140
  endloop
 endfacet
 facet normal -0.980042 0.198672 -0.006820
  outer loop
   vertex -0.606431 0.149791 1.155496
   vertex -0.617023 0.097564 1.156165
   vertex -0.608929 0.139296 1.208732
  endloop
 endfacet
 facet normal -0.982423 0.186642 0.003097
  outer loop
   vertex -0.608929 0.139296 1.208732
   vertex -0.617023 0.097564 1.156165
   vertex -0.618644 0.088158 1.208814
  endloop
 endfacet
 facet normal -0.979469 0.201567 -0.003345
  outer loop
   vertex -0.606141 0.150319 1.102386
   vertex -0.616786 0.098582 1.101798
   vertex -0.606431 0.149791 1.155496
  endloop
 endfacet
 facet normal -0.980049 0.198753 -0.000550
  outer loop
   vertex -0.606431 0.149791 1.155496
   vertex -0.616786 0.098582 1.101798
   vertex -0.617023 0.097564 1.156165
  endloop
 endfacet
 facet normal -0.979753 0.200098 0.006739
  outer loop
   vertex -0.606495 0.150462 1.046666
   vertex -0.617069 0.098681 1.046873
   vertex -0.606141 0.150319 1.102386
  endloop
 endfacet
 facet normal -0.979480 0.201469 0.005410
  outer loop
   vertex -0.606141 0.150319 1.102386
   vertex -0.617069 0.098681 1.046873
   vertex -0.616786 0.098582 1.101798
  endloop
 endfacet
 facet normal -0.979942 0.199274 0.002071
  outer loop
   vertex -0.606773 0.149658 0.992493
   vertex -0.617275 0.098014 0.992493
   vertex -0.606495 0.150462 1.046666
  endloop
 endfacet
 facet normal -0.979778 0.200082 0.001257
  outer loop
   vertex -0.606495 0.150462 1.046666
   vertex -0.617275 0.098014 0.992493
   vertex -0.617069 0.098681 1.046873
  endloop
 endfacet
 facet normal -0.979944 0.199271 0.000004
  outer loop
   vertex -0.606773 0.149659 0.937884
   vertex -0.617275 0.098014 0.937884
   vertex -0.606773 0.149658 0.992493
  endloop
 endfacet
 facet normal -0.979944 0.199275 0.000000
  outer loop
   vertex -0.606773 0.149658 0.992493
   vertex -0.617275 0.098014 0.937884
   vertex -0.617275 0.098014 0.992493
  endloop
 endfacet
 facet normal -0.979944 0.199271 0.000000
  outer loop
   vertex -0.606773 0.149659 0.883275
   vertex -0.617275 0.098014 0.883275
   vertex -0.606773 0.149659 0.937884
  endloop
 endfacet
 facet normal -0.979944 0.199271 0.000000
  outer loop
   vertex -0.606773 0.149659 0.937884
   vertex -0.617275 0.098014 0.883275
   vertex -0.617275 0.098014 0.937884
  endloop
 endfacet
 facet normal -0.979944 0.199271 0.000000
  outer loop
   vertex -0.606773 0.149659 0.828667
   vertex -0.617275 0.098014 0.828667
   vertex -0.606773 0.149659 0.883275
  endloop
 endfacet
 facet normal -0.979944 0.199271 0.000000
  outer loop
   vertex -0.606773 0.149659 0.883275
   vertex -0.617275 0.098014 0.828667
   vertex -0.617275 0.098014 0.883275
  endloop
 endfacet
 facet normal -0.979944 0.199275 -0.000004
  outer loop
   vertex -0.606773 0.149658 0.774058
   vertex -0.617275 0.098014 0.774058
   vertex -0.606773 0.149659 0.828667
  endloop
 endfacet
 facet normal -0.979944 0.199271 0.000000
  outer loop
   vertex -0.606773 0.149659 0.828667
   vertex -0.617275 0.098014 0.774058
   vertex -0.617275 0.098014 0.828667
  endloop
 endfacet
 facet normal -0.979944 0.199271 0.000004
  outer loop
   vertex -0.606773 0.149659 0.719450
   vertex -0.617275 0.098014 0.719450
   vertex -0.606773 0.149658 0.774058
  endloop
 endfacet
 facet normal -0.979944 0.199275 0.000000
  outer loop
   vertex -0.606773 0.149658 0.774058
   vertex -0.617275 0.098014 0.719450
   vertex -0.617275 0.098014 0.774058
  endloop
 endfacet
 facet normal -0.979944 0.199271 0.000000
  outer loop
   vertex -0.606773 0.149659 0.664842
   vertex -0.617275 0.098014 0.664842
   vertex -0.606773 0.149659 0.719450
  endloop
 endfacet
 facet normal -0.979944 0.199271 0.000000
  outer loop
   vertex -0.606773 0.149659 0.719450
   vertex -0.617275 0.098014 0.664842
   vertex -0.617275 0.098014 0.719450
  endloop
 endfacet
 facet normal -0.979944 0.199271 0.000000
  outer loop
   vertex -0.606773 0.149659 0.610233
   vertex -0.617275 0.098014 0.610233
   vertex -0.606773 0.149659 0.664842
  endloop
 endfacet
 facet normal -0.979944 0.199271 0.000000
  outer loop
   vertex -0.606773 0.149659 0.664842
   vertex -0.617275 0.098014 0.610233
   vertex -0.617275 0.098014 0.664842
  endloop
 endfacet
 facet normal -0.979944 0.199271 0.000000
  outer loop
   vertex -0.606773 0.149659 0.555624
   vertex -0.617275 0.098014 0.555624
   vertex -0.606773 0.149659 0.610233
  endloop
 endfacet
 facet normal -0.979944 0.199271 0.000000
  outer loop
   vertex -0.606773 0.149659 0.610233
   vertex -0.617275 0.098014 0.555624
   vertex -0.617275 0.098014 0.610233
  endloop
 endfacet
 facet normal -0.979944 0.199271 0.000000
  outer loop
   vertex -0.606773 0.149659 0.501017
   vertex -0.617275 0.098014 0.501017
   vertex -0.606773 0.149659 0.555624
  endloop
 endfacet
 facet normal -0.979944 0.199271 0.000000
  outer loop
   vertex -0.606773 0.149659 0.555624
   vertex -0.617275 0.098014 0.501017
   vertex -0.617275 0.098014 0.555624
  endloop
 endfacet
 facet normal -0.979944 0.199271 0.000000
  outer loop
   vertex -0.606773 0.149659 0.446407
   vertex -0.617275 0.098014 0.446407
   vertex -0.606773 0.149659 0.501017
  endloop
 endfacet
 facet normal -0.979944 0.199271 0.000000
  outer loop
   vertex -0.606773 0.149659 0.501017
   vertex -0.617275 0.098014 0.446407
   vertex -0.617275 0.098014 0.501017
  endloop
 endfacet
 facet normal -0.979944 0.199271 0.000000
  outer loop
   vertex -0.606773 0.149659 0.391799
   vertex -0.617275 0.098014 0.391799
   vertex -0.606773 0.149659 0.446407
  endloop
 endfacet
 facet normal -0.979944 0.199271 0.000000
  outer loop
   vertex -0.606773 0.149659 0.446407
   vertex -0.617275 0.098014 0.391799
   vertex -0.617275 0.098014 0.446407
  endloop
 endfacet
 facet normal -0.979944 0.199271 0.000000
  outer loop
   vertex -0.606773 0.149659 0.337191
   vertex -0.617275 0.098014 0.337191
   vertex -0.606773 0.149659 0.391799
  endloop
 endfacet
 facet normal -0.979944 0.199271 0.000000
  outer loop
   vertex -0.606773 0.149659 0.391799
   vertex -0.617275 0.098014 0.337191
   vertex -0.617275 0.098014 0.391799
  endloop
 endfacet
 facet normal -0.979942 0.199282 -0.000011
  outer loop
   vertex -0.606771 0.149666 0.282591
   vertex -0.617274 0.098019 0.282591
   vertex -0.606773 0.149659 0.337191
  endloop
 endfacet
 facet normal -0.979944 0.199271 0.000000
  outer loop
   vertex -0.606773 0.149659 0.337191
   vertex -0.617274 0.098019 0.282591
   vertex -0.617275 0.098014 0.337191
  endloop
 endfacet
 facet normal -0.999117 0.042002 -0.000646
  outer loop
   vertex -0.623152 0.047691 0.228234
   vertex -0.623132 0.047810 0.205000
   vertex -0.623155 0.047619 0.228162
  endloop
 endfacet
 facet normal -0.999434 0.033627 -0.000689
  outer loop
   vertex -0.623114 0.048345 0.205000
   vertex -0.623132 0.047810 0.205000
   vertex -0.623152 0.047691 0.228234
  endloop
 endfacet
 facet normal -0.999383 0.035121 -0.000686
  outer loop
   vertex -0.623463 0.038403 0.205000
   vertex -0.623946 0.024658 0.205000
   vertex -0.623223 0.045645 0.226170
  endloop
 endfacet
 facet normal -0.999383 0.035125 -0.000687
  outer loop
   vertex -0.623155 0.047619 0.228162
   vertex -0.623463 0.038403 0.205000
   vertex -0.623223 0.045645 0.226170
  endloop
 endfacet
 facet normal -0.999447 0.033217 0.001187
  outer loop
   vertex -0.623152 0.047691 0.228234
   vertex -0.624319 0.013408 0.205000
   vertex -0.624292 0.013390 0.228234
  endloop
 endfacet
 facet normal -0.999567 0.018563 0.022815
  outer loop
   vertex -0.623155 0.047619 0.228162
   vertex -0.624319 0.013408 0.205000
   vertex -0.623152 0.047691 0.228234
  endloop
 endfacet
 facet normal -0.999450 0.033135 0.001287
  outer loop
   vertex -0.623223 0.045645 0.226170
   vertex -0.624319 0.013408 0.205000
   vertex -0.623155 0.047619 0.228162
  endloop
 endfacet
 facet normal -0.999450 0.033138 0.001282
  outer loop
   vertex -0.623946 0.024658 0.205000
   vertex -0.624319 0.013408 0.205000
   vertex -0.623223 0.045645 0.226170
  endloop
 endfacet
 facet normal -0.999446 0.033259 0.001178
  outer loop
   vertex -0.624292 0.013390 0.228234
   vertex -0.624907 -0.004268 0.205000
   vertex -0.624897 -0.004790 0.228234
  endloop
 endfacet
 facet normal -0.999448 0.033231 -0.000048
  outer loop
   vertex -0.623152 0.047691 0.228234
   vertex -0.624897 -0.004790 0.228234
   vertex -0.623158 0.047591 0.282591
  endloop
 endfacet
 facet normal 0.000000 -0.000000 -1.000000
  outer loop
   vertex -0.624292 0.013390 0.228234
   vertex -0.624897 -0.004790 0.228234
   vertex -0.623152 0.047691 0.228234
  endloop
 endfacet
 facet normal -0.999451 0.033137 0.000042
  outer loop
   vertex -0.623158 0.047591 0.282591
   vertex -0.624897 -0.004790 0.228234
   vertex -0.624896 -0.004829 0.282591
  endloop
 endfacet
 facet normal -0.999451 0.033137 0.000001
  outer loop
   vertex -0.623158 0.047591 0.282591
   vertex -0.624896 -0.004829 0.282591
   vertex -0.623158 0.047589 0.337191
  endloop
 endfacet
 facet normal -0.999451 0.033139 0.000000
  outer loop
   vertex -0.623158 0.047589 0.337191
   vertex -0.624896 -0.004829 0.282591
   vertex -0.624896 -0.004829 0.337191
  endloop
 endfacet
 facet normal -0.999451 0.033139 0.000000
  outer loop
   vertex -0.623158 0.047589 0.337191
   vertex -0.624896 -0.004829 0.337191
   vertex -0.623158 0.047589 0.391799
  endloop
 endfacet
 facet normal -0.999451 0.033139 0.000000
  outer loop
   vertex -0.623158 0.047589 0.391799
   vertex -0.624896 -0.004829 0.337191
   vertex -0.624896 -0.004829 0.391799
  endloop
 endfacet
 facet normal -0.999451 0.033139 0.000000
  outer loop
   vertex -0.623158 0.047589 0.391799
   vertex -0.624896 -0.004829 0.391799
   vertex -0.623158 0.047589 0.446407
  endloop
 endfacet
 facet normal -0.999451 0.033139 0.000000
  outer loop
   vertex -0.623158 0.047589 0.446407
   vertex -0.624896 -0.004829 0.391799
   vertex -0.624896 -0.004829 0.446407
  endloop
 endfacet
 facet normal -0.999451 0.033139 0.000000
  outer loop
   vertex -0.623158 0.047589 0.446407
   vertex -0.624896 -0.004829 0.446407
   vertex -0.623158 0.047589 0.501017
  endloop
 endfacet
 facet normal -0.999451 0.033139 0.000000
  outer loop
   vertex -0.623158 0.047589 0.501017
   vertex -0.624896 -0.004829 0.446407
   vertex -0.624896 -0.004829 0.501017
  endloop
 endfacet
 facet normal -0.999451 0.033139 0.000000
  outer loop
   vertex -0.623158 0.047589 0.501017
   vertex -0.624896 -0.004829 0.501017
   vertex -0.623158 0.047589 0.555625
  endloop
 endfacet
 facet normal -0.999451 0.033139 0.000000
  outer loop
   vertex -0.623158 0.047589 0.555625
   vertex -0.624896 -0.004829 0.501017
   vertex -0.624896 -0.004829 0.555625
  endloop
 endfacet
 facet normal -0.999451 0.033139 0.000000
  outer loop
   vertex -0.623158 0.047589 0.555625
   vertex -0.624896 -0.004829 0.555625
   vertex -0.623158 0.047589 0.610233
  endloop
 endfacet
 facet normal -0.999451 0.033139 0.000000
  outer loop
   vertex -0.623158 0.047589 0.610233
   vertex -0.624896 -0.004829 0.555625
   vertex -0.624896 -0.004829 0.610233
  endloop
 endfacet
 facet normal -0.999451 0.033139 0.000000
  outer loop
   vertex -0.623158 0.047589 0.610233
   vertex -0.624896 -0.004829 0.610233
   vertex -0.623158 0.047589 0.664842
  endloop
 endfacet
 facet normal -0.999451 0.033139 0.000000
  outer loop
   vertex -0.623158 0.047589 0.664842
   vertex -0.624896 -0.004829 0.610233
   vertex -0.624896 -0.004829 0.664842
  endloop
 endfacet
 facet normal -0.999451 0.033139 0.000000
  outer loop
   vertex -0.623158 0.047589 0.664842
   vertex -0.624896 -0.004829 0.664842
   vertex -0.623158 0.047589 0.719450
  endloop
 endfacet
 facet normal -0.999451 0.033139 0.000000
  outer loop
   vertex -0.623158 0.047589 0.719450
   vertex -0.624896 -0.004829 0.664842
   vertex -0.624896 -0.004829 0.719450
  endloop
 endfacet
 facet normal -0.999451 0.033139 0.000000
  outer loop
   vertex -0.623158 0.047589 0.719450
   vertex -0.624896 -0.004829 0.719450
   vertex -0.623158 0.047589 0.774058
  endloop
 endfacet
 facet normal -0.999451 0.033139 0.000000
  outer loop
   vertex -0.623158 0.047589 0.774058
   vertex -0.624896 -0.004829 0.719450
   vertex -0.624896 -0.004829 0.774058
  endloop
 endfacet
 facet normal -0.999451 0.033139 0.000000
  outer loop
   vertex -0.623158 0.047589 0.774058
   vertex -0.624896 -0.004829 0.774058
   vertex -0.623158 0.047589 0.828667
  endloop
 endfacet
 facet normal -0.999451 0.033139 0.000000
  outer loop
   vertex -0.623158 0.047589 0.828667
   vertex -0.624896 -0.004829 0.774058
   vertex -0.624896 -0.004829 0.828667
  endloop
 endfacet
 facet normal -0.999451 0.033139 0.000000
  outer loop
   vertex -0.623158 0.047589 0.828667
   vertex -0.624896 -0.004829 0.828667
   vertex -0.623158 0.047589 0.883275
  endloop
 endfacet
 facet normal -0.999451 0.033139 0.000000
  outer loop
   vertex -0.623158 0.047589 0.883275
   vertex -0.624896 -0.004829 0.828667
   vertex -0.624896 -0.004829 0.883275
  endloop
 endfacet
 facet normal -0.999451 0.033139 0.000000
  outer loop
   vertex -0.623158 0.047589 0.883275
   vertex -0.624896 -0.004829 0.883275
   vertex -0.623158 0.047589 0.937884
  endloop
 endfacet
 facet normal -0.999451 0.033139 0.000000
  outer loop
   vertex -0.623158 0.047589 0.937884
   vertex -0.624896 -0.004829 0.883275
   vertex -0.624896 -0.004829 0.937884
  endloop
 endfacet
 facet normal -0.999451 0.033139 0.000000
  outer loop
   vertex -0.623158 0.047589 0.937884
   vertex -0.624896 -0.004829 0.937884
   vertex -0.623158 0.047589 0.992493
  endloop
 endfacet
 facet normal -0.999451 0.033139 0.000000
  outer loop
   vertex -0.623158 0.047589 0.992493
   vertex -0.624896 -0.004829 0.937884
   vertex -0.624896 -0.004829 0.992493
  endloop
 endfacet
 facet normal -0.999450 0.033139 0.001043
  outer loop
   vertex -0.623158 0.047589 0.992493
   vertex -0.624896 -0.004829 0.992493
   vertex -0.623124 0.046902 1.046865
  endloop
 endfacet
 facet normal -0.999432 0.033694 0.000514
  outer loop
   vertex -0.623124 0.046902 1.046865
   vertex -0.624896 -0.004829 0.992493
   vertex -0.624886 -0.005362 1.046931
  endloop
 endfacet
 facet normal -0.999410 0.033701 0.006606
  outer loop
   vertex -0.623124 0.046902 1.046865
   vertex -0.624886 -0.005362 1.046931
   vertex -0.622764 0.046805 1.101824
  endloop
 endfacet
 facet normal -0.999403 0.033958 0.006362
  outer loop
   vertex -0.622764 0.046805 1.101824
   vertex -0.624886 -0.005362 1.046931
   vertex -0.624556 -0.006033 1.102347
  endloop
 endfacet
 facet normal -0.999416 0.033850 -0.004634
  outer loop
   vertex -0.622764 0.046805 1.101824
   vertex -0.624556 -0.006033 1.102347
   vertex -0.623067 0.045333 1.156428
  endloop
 endfacet
 facet normal -0.999606 0.028064 0.000867
  outer loop
   vertex -0.623067 0.045333 1.156428
   vertex -0.624556 -0.006033 1.102347
   vertex -0.624602 -0.009441 1.159625
  endloop
 endfacet
 facet normal -0.999608 0.027845 -0.002879
  outer loop
   vertex -0.623067 0.045333 1.156428
   vertex -0.624602 -0.009441 1.159625
   vertex -0.623449 0.036918 1.207677
  endloop
 endfacet
 facet normal -0.999338 0.035037 -0.009824
  outer loop
   vertex -0.623449 0.036918 1.207677
   vertex -0.624602 -0.009441 1.159625
   vertex -0.624873 -0.004292 1.205552
  endloop
 endfacet
 facet normal -0.998316 -0.057849 -0.004244
  outer loop
   vertex -0.624556 -0.006033 1.102347
   vertex -0.621246 -0.063361 1.105149
   vertex -0.624602 -0.009441 1.159625
  endloop
 endfacet
 facet normal -0.998608 -0.051720 -0.010328
  outer loop
   vertex -0.624602 -0.009441 1.159625
   vertex -0.621246 -0.063361 1.105149
   vertex -0.621857 -0.061053 1.152670
  endloop
 endfacet
 facet normal -0.998547 -0.053626 0.005296
  outer loop
   vertex -0.624886 -0.005362 1.046931
   vertex -0.622068 -0.057829 1.046985
   vertex -0.624556 -0.006033 1.102347
  endloop
 endfacet
 facet normal -0.998324 -0.057218 0.008667
  outer loop
   vertex -0.624556 -0.006033 1.102347
   vertex -0.622068 -0.057829 1.046985
   vertex -0.621246 -0.063361 1.105149
  endloop
 endfacet
 facet normal -0.990851 -0.134955 0.001168
  outer loop
   vertex -0.622068 -0.057829 1.046985
   vertex -0.615037 -0.109452 1.046856
   vertex -0.621246 -0.063361 1.105149
  endloop
 endfacet
 facet normal -0.989973 -0.141126 0.006140
  outer loop
   vertex -0.621246 -0.063361 1.105149
   vertex -0.615037 -0.109452 1.046856
   vertex -0.613372 -0.119001 1.095827
  endloop
 endfacet
 facet normal -0.991120 -0.132959 0.001717
  outer loop
   vertex -0.622263 -0.057079 0.992496
   vertex -0.615450 -0.107864 0.992600
   vertex -0.622068 -0.057829 1.046985
  endloop
 endfacet
 facet normal -0.990844 -0.134960 0.003592
  outer loop
   vertex -0.622068 -0.057829 1.046985
   vertex -0.615450 -0.107864 0.992600
   vertex -0.615037 -0.109452 1.046856
  endloop
 endfacet
 facet normal -0.991089 -0.133198 0.000004
  outer loop
   vertex -0.622264 -0.057073 0.937884
   vertex -0.615442 -0.107834 0.937821
   vertex -0.622263 -0.057079 0.992496
  endloop
 endfacet
 facet normal -0.991121 -0.132963 -0.000218
  outer loop
   vertex -0.622263 -0.057079 0.992496
   vertex -0.615442 -0.107834 0.937821
   vertex -0.615450 -0.107864 0.992600
  endloop
 endfacet
 facet normal -0.991154 -0.132714 0.000000
  outer loop
   vertex -0.622264 -0.057073 0.883275
   vertex -0.615424 -0.108157 0.883275
   vertex -0.622264 -0.057073 0.937884
  endloop
 endfacet
 facet normal -0.991089 -0.133199 0.000462
  outer loop
   vertex -0.622264 -0.057073 0.937884
   vertex -0.615424 -0.108157 0.883275
   vertex -0.615442 -0.107834 0.937821
  endloop
 endfacet
 facet normal -0.991154 -0.132714 0.000000
  outer loop
   vertex -0.622264 -0.057073 0.828667
   vertex -0.615424 -0.108157 0.828667
   vertex -0.622264 -0.057073 0.883275
  endloop
 endfacet
 facet normal -0.991154 -0.132714 -0.000000
  outer loop
   vertex -0.622264 -0.057073 0.883275
   vertex -0.615424 -0.108157 0.828667
   vertex -0.615424 -0.108157 0.883275
  endloop
 endfacet
 facet normal -0.991154 -0.132714 0.000000
  outer loop
   vertex -0.622264 -0.057073 0.774058
   vertex -0.615424 -0.108157 0.774058
   vertex -0.622264 -0.057073 0.828667
  endloop
 endfacet
 facet normal -0.991154 -0.132714 -0.000000
  outer loop
   vertex -0.622264 -0.057073 0.828667
   vertex -0.615424 -0.108157 0.774058
   vertex -0.615424 -0.108157 0.828667
  endloop
 endfacet
 facet normal -0.991154 -0.132714 0.000000
  outer loop
   vertex -0.622264 -0.057073 0.719450
   vertex -0.615424 -0.108157 0.719450
   vertex -0.622264 -0.057073 0.774058
  endloop
 endfacet
 facet normal -0.991154 -0.132714 -0.000000
  outer loop
   vertex -0.622264 -0.057073 0.774058
   vertex -0.615424 -0.108157 0.719450
   vertex -0.615424 -0.108157 0.774058
  endloop
 endfacet
 facet normal -0.991154 -0.132714 0.000000
  outer loop
   vertex -0.622264 -0.057073 0.664842
   vertex -0.615424 -0.108157 0.664842
   vertex -0.622264 -0.057073 0.719450
  endloop
 endfacet
 facet normal -0.991154 -0.132714 -0.000000
  outer loop
   vertex -0.622264 -0.057073 0.719450
   vertex -0.615424 -0.108157 0.664842
   vertex -0.615424 -0.108157 0.719450
  endloop
 endfacet
 facet normal -0.991154 -0.132714 0.000000
  outer loop
   vertex -0.622264 -0.057073 0.610233
   vertex -0.615424 -0.108157 0.610233
   vertex -0.622264 -0.057073 0.664842
  endloop
 endfacet
 facet normal -0.991154 -0.132714 -0.000000
  outer loop
   vertex -0.622264 -0.057073 0.664842
   vertex -0.615424 -0.108157 0.610233
   vertex -0.615424 -0.108157 0.664842
  endloop
 endfacet
 facet normal -0.991154 -0.132714 0.000000
  outer loop
   vertex -0.622264 -0.057073 0.555625
   vertex -0.615424 -0.108157 0.555625
   vertex -0.622264 -0.057073 0.610233
  endloop
 endfacet
 facet normal -0.991154 -0.132714 -0.000000
  outer loop
   vertex -0.622264 -0.057073 0.610233
   vertex -0.615424 -0.108157 0.555625
   vertex -0.615424 -0.108157 0.610233
  endloop
 endfacet
 facet normal -0.991154 -0.132714 0.000000
  outer loop
   vertex -0.622264 -0.057073 0.501017
   vertex -0.615424 -0.108157 0.501017
   vertex -0.622264 -0.057073 0.555625
  endloop
 endfacet
 facet normal -0.991154 -0.132714 -0.000000
  outer loop
   vertex -0.622264 -0.057073 0.555625
   vertex -0.615424 -0.108157 0.501017
   vertex -0.615424 -0.108157 0.555625
  endloop
 endfacet
 facet normal -0.991154 -0.132714 0.000000
  outer loop
   vertex -0.622264 -0.057073 0.446408
   vertex -0.615424 -0.108157 0.446408
   vertex -0.622264 -0.057073 0.501017
  endloop
 endfacet
 facet normal -0.991154 -0.132714 -0.000000
  outer loop
   vertex -0.622264 -0.057073 0.501017
   vertex -0.615424 -0.108157 0.446408
   vertex -0.615424 -0.108157 0.501017
  endloop
 endfacet
 facet normal -0.991154 -0.132714 0.000000
  outer loop
   vertex -0.622264 -0.057073 0.391799
   vertex -0.615424 -0.108157 0.391799
   vertex -0.622264 -0.057073 0.446408
  endloop
 endfacet
 facet normal -0.991154 -0.132714 -0.000000
  outer loop
   vertex -0.622264 -0.057073 0.446408
   vertex -0.615424 -0.108157 0.391799
   vertex -0.615424 -0.108157 0.446408
  endloop
 endfacet
 facet normal -0.991154 -0.132714 0.000000
  outer loop
   vertex -0.622264 -0.057073 0.337191
   vertex -0.615424 -0.108157 0.337191
   vertex -0.622264 -0.057073 0.391799
  endloop
 endfacet
 facet normal -0.991154 -0.132714 -0.000000
  outer loop
   vertex -0.622264 -0.057073 0.391799
   vertex -0.615424 -0.108157 0.337191
   vertex -0.615424 -0.108157 0.391799
  endloop
 endfacet
 facet normal -0.991156 -0.132705 0.000005
  outer loop
   vertex -0.622265 -0.057068 0.282598
   vertex -0.615427 -0.108140 0.282601
   vertex -0.622264 -0.057073 0.337191
  endloop
 endfacet
 facet normal -0.991154 -0.132714 0.000014
  outer loop
   vertex -0.622264 -0.057073 0.337191
   vertex -0.615427 -0.108140 0.282601
   vertex -0.615424 -0.108157 0.337191
  endloop
 endfacet
 facet normal -0.957684 -0.287808 -0.002956
  outer loop
   vertex -0.600035 -0.171857 0.155000
   vertex -0.601281 -0.167711 0.155000
   vertex -0.600704 -0.169619 0.153842
  endloop
 endfacet
 facet normal -0.955387 -0.295357 0.000000
  outer loop
   vertex -0.604489 -0.158191 0.337191
   vertex -0.588106 -0.211185 0.337244
   vertex -0.604489 -0.158191 0.391799
  endloop
 endfacet
 facet normal -0.955387 -0.295357 -0.000000
  outer loop
   vertex -0.604489 -0.158191 0.391799
   vertex -0.588106 -0.211185 0.337244
   vertex -0.588106 -0.211185 0.391853
  endloop
 endfacet
 facet normal -0.955387 -0.295357 0.000000
  outer loop
   vertex -0.604489 -0.158191 0.391799
   vertex -0.588106 -0.211185 0.391853
   vertex -0.604489 -0.158191 0.446407
  endloop
 endfacet
 facet normal -0.955387 -0.295357 -0.000000
  outer loop
   vertex -0.604489 -0.158191 0.446407
   vertex -0.588106 -0.211185 0.391853
   vertex -0.588106 -0.211185 0.446463
  endloop
 endfacet
 facet normal -0.955387 -0.295357 0.000000
  outer loop
   vertex -0.604489 -0.158191 0.446407
   vertex -0.588106 -0.211185 0.446463
   vertex -0.604489 -0.158191 0.501017
  endloop
 endfacet
 facet normal -0.955387 -0.295357 -0.000000
  outer loop
   vertex -0.604489 -0.158191 0.501017
   vertex -0.588106 -0.211185 0.446463
   vertex -0.588106 -0.211185 0.501071
  endloop
 endfacet
 facet normal -0.955387 -0.295357 0.000000
  outer loop
   vertex -0.604489 -0.158191 0.501017
   vertex -0.588106 -0.211185 0.501071
   vertex -0.604489 -0.158191 0.555625
  endloop
 endfacet
 facet normal -0.955387 -0.295357 -0.000000
  outer loop
   vertex -0.604489 -0.158191 0.555625
   vertex -0.588106 -0.211185 0.501071
   vertex -0.588106 -0.211185 0.555679
  endloop
 endfacet
 facet normal -0.955387 -0.295357 0.000000
  outer loop
   vertex -0.604489 -0.158191 0.555625
   vertex -0.588106 -0.211185 0.555679
   vertex -0.604489 -0.158191 0.610233
  endloop
 endfacet
 facet normal -0.955387 -0.295357 -0.000000
  outer loop
   vertex -0.604489 -0.158191 0.610233
   vertex -0.588106 -0.211185 0.555679
   vertex -0.588106 -0.211185 0.610288
  endloop
 endfacet
 facet normal -0.955387 -0.295357 0.000000
  outer loop
   vertex -0.604489 -0.158191 0.610233
   vertex -0.588106 -0.211185 0.610288
   vertex -0.604489 -0.158191 0.664842
  endloop
 endfacet
 facet normal -0.955387 -0.295357 -0.000000
  outer loop
   vertex -0.604489 -0.158191 0.664842
   vertex -0.588106 -0.211185 0.610288
   vertex -0.588106 -0.211185 0.664896
  endloop
 endfacet
 facet normal -0.955387 -0.295357 0.000000
  outer loop
   vertex -0.604489 -0.158191 0.664842
   vertex -0.588106 -0.211185 0.664896
   vertex -0.604489 -0.158191 0.719450
  endloop
 endfacet
 facet normal -0.955387 -0.295357 -0.000000
  outer loop
   vertex -0.604489 -0.158191 0.719450
   vertex -0.588106 -0.211185 0.664896
   vertex -0.588106 -0.211185 0.719504
  endloop
 endfacet
 facet normal -0.955387 -0.295357 0.000000
  outer loop
   vertex -0.604489 -0.158191 0.719450
   vertex -0.588106 -0.211185 0.719504
   vertex -0.604489 -0.158191 0.774058
  endloop
 endfacet
 facet normal -0.955387 -0.295357 -0.000000
  outer loop
   vertex -0.604489 -0.158191 0.774058
   vertex -0.588106 -0.211185 0.719504
   vertex -0.588106 -0.211185 0.774113
  endloop
 endfacet
 facet normal -0.955387 -0.295357 0.000000
  outer loop
   vertex -0.604489 -0.158191 0.774058
   vertex -0.588106 -0.211185 0.774113
   vertex -0.604489 -0.158191 0.828667
  endloop
 endfacet
 facet normal -0.955387 -0.295357 -0.000000
  outer loop
   vertex -0.604489 -0.158191 0.828667
   vertex -0.588106 -0.211185 0.774113
   vertex -0.588106 -0.211185 0.828721
  endloop
 endfacet
 facet normal -0.955387 -0.295357 0.000000
  outer loop
   vertex -0.604489 -0.158191 0.828667
   vertex -0.588106 -0.211185 0.828721
   vertex -0.604489 -0.158191 0.883275
  endloop
 endfacet
 facet normal -0.955488 -0.295029 -0.000349
  outer loop
   vertex -0.604489 -0.158191 0.883275
   vertex -0.588106 -0.211185 0.828721
   vertex -0.588455 -0.210119 0.883153
  endloop
 endfacet
 facet normal -0.955488 -0.295030 0.000001
  outer loop
   vertex -0.604489 -0.158191 0.883275
   vertex -0.588455 -0.210119 0.883153
   vertex -0.604485 -0.158204 0.937901
  endloop
 endfacet
 facet normal -0.954641 -0.297747 0.002826
  outer loop
   vertex -0.604485 -0.158204 0.937901
   vertex -0.588455 -0.210119 0.883153
   vertex -0.588047 -0.210902 0.938484
  endloop
 endfacet
 facet normal -0.954634 -0.297781 -0.000368
  outer loop
   vertex -0.604485 -0.158204 0.937901
   vertex -0.588047 -0.210902 0.938484
   vertex -0.604256 -0.159006 0.992849
  endloop
 endfacet
 facet normal -0.953303 -0.301990 0.004048
  outer loop
   vertex -0.604256 -0.159006 0.992849
   vertex -0.588047 -0.210902 0.938484
   vertex -0.587596 -0.211526 0.998155
  endloop
 endfacet
 facet normal -0.923385 -0.383873 0.001376
  outer loop
   vertex -0.588455 -0.210119 0.883153
   vertex -0.565088 -0.266321 0.884867
   vertex -0.588047 -0.210902 0.938484
  endloop
 endfacet
 facet normal -0.922191 -0.386705 0.004816
  outer loop
   vertex -0.588047 -0.210902 0.938484
   vertex -0.565088 -0.266321 0.884867
   vertex -0.562336 -0.272150 0.943783
  endloop
 endfacet
 facet normal -0.923997 -0.382398 0.001564
  outer loop
   vertex -0.588106 -0.211185 0.828721
   vertex -0.565389 -0.266071 0.830092
   vertex -0.588455 -0.210119 0.883153
  endloop
 endfacet
 facet normal -0.923402 -0.383820 0.003322
  outer loop
   vertex -0.588455 -0.210119 0.883153
   vertex -0.565389 -0.266071 0.830092
   vertex -0.565088 -0.266321 0.884867
  endloop
 endfacet
 facet normal -0.923993 -0.382410 0.000000
  outer loop
   vertex -0.588106 -0.211185 0.774113
   vertex -0.565393 -0.266065 0.775478
   vertex -0.588106 -0.211185 0.828721
  endloop
 endfacet
 facet normal -0.923984 -0.382431 0.000026
  outer loop
   vertex -0.588106 -0.211185 0.828721
   vertex -0.565393 -0.266065 0.775478
   vertex -0.565389 -0.266071 0.830092
  endloop
 endfacet
 facet normal -0.923993 -0.382410 0.000000
  outer loop
   vertex -0.588106 -0.211185 0.719504
   vertex -0.565393 -0.266065 0.720870
   vertex -0.588106 -0.211185 0.774113
  endloop
 endfacet
 facet normal -0.923993 -0.382410 -0.000000
  outer loop
   vertex -0.588106 -0.211185 0.774113
   vertex -0.565393 -0.266065 0.720870
   vertex -0.565393 -0.266065 0.775478
  endloop
 endfacet
 facet normal -0.923993 -0.382410 0.000000
  outer loop
   vertex -0.588106 -0.211185 0.664896
   vertex -0.565393 -0.266065 0.666262
   vertex -0.588106 -0.211185 0.719504
  endloop
 endfacet
 facet normal -0.923993 -0.382410 -0.000000
  outer loop
   vertex -0.588106 -0.211185 0.719504
   vertex -0.565393 -0.266065 0.666262
   vertex -0.565393 -0.266065 0.720870
  endloop
 endfacet
 facet normal -0.923993 -0.382410 0.000000
  outer loop
   vertex -0.588106 -0.211185 0.610288
   vertex -0.565393 -0.266065 0.611652
   vertex -0.588106 -0.211185 0.664896
  endloop
 endfacet
 facet normal -0.923993 -0.382410 -0.000000
  outer loop
   vertex -0.588106 -0.211185 0.664896
   vertex -0.565393 -0.266065 0.611652
   vertex -0.565393 -0.266065 0.666262
  endloop
 endfacet
 facet normal -0.923993 -0.382410 0.000000
  outer loop
   vertex -0.588106 -0.211185 0.555679
   vertex -0.565393 -0.266065 0.557044
   vertex -0.588106 -0.211185 0.610288
  endloop
 endfacet
 facet normal -0.923993 -0.382410 -0.000000
  outer loop
   vertex -0.588106 -0.211185 0.610288
   vertex -0.565393 -0.266065 0.557044
   vertex -0.565393 -0.266065 0.611652
  endloop
 endfacet
 facet normal -0.923993 -0.382410 0.000000
  outer loop
   vertex -0.588106 -0.211185 0.501071
   vertex -0.565393 -0.266065 0.502436
   vertex -0.588106 -0.211185 0.555679
  endloop
 endfacet
 facet normal -0.923993 -0.382410 -0.000000
  outer loop
   vertex -0.588106 -0.211185 0.555679
   vertex -0.565393 -0.266065 0.502436
   vertex -0.565393 -0.266065 0.557044
  endloop
 endfacet
 facet normal -0.923993 -0.382410 0.000000
  outer loop
   vertex -0.588106 -0.211185 0.446463
   vertex -0.565393 -0.266065 0.447827
   vertex -0.588106 -0.211185 0.501071
  endloop
 endfacet
 facet normal -0.923993 -0.382410 -0.000000
  outer loop
   vertex -0.588106 -0.211185 0.501071
   vertex -0.565393 -0.266065 0.447827
   vertex -0.565393 -0.266065 0.502436
  endloop
 endfacet
 facet normal -0.923993 -0.382410 0.000000
  outer loop
   vertex -0.588106 -0.211185 0.391853
   vertex -0.565393 -0.266065 0.393219
   vertex -0.588106 -0.211185 0.446463
  endloop
 endfacet
 facet normal -0.923993 -0.382410 -0.000000
  outer loop
   vertex -0.588106 -0.211185 0.446463
   vertex -0.565393 -0.266065 0.393219
   vertex -0.565393 -0.266065 0.447827
  endloop
 endfacet
 facet normal -0.923993 -0.382410 0.000000
  outer loop
   vertex -0.588106 -0.211185 0.337244
   vertex -0.565393 -0.266065 0.338609
   vertex -0.588106 -0.211185 0.391853
  endloop
 endfacet
 facet normal -0.923993 -0.382410 -0.000000
  outer loop
   vertex -0.588106 -0.211185 0.391853
   vertex -0.565393 -0.266065 0.338609
   vertex -0.565393 -0.266065 0.393219
  endloop
 endfacet
 facet normal -0.882683 -0.469969 0.000000
  outer loop
   vertex -0.565393 -0.266065 0.338609
   vertex -0.536697 -0.319961 0.350570
   vertex -0.565393 -0.266065 0.393219
  endloop
 endfacet
 facet normal -0.882680 -0.469975 0.000009
  outer loop
   vertex -0.565393 -0.266065 0.393219
   vertex -0.536697 -0.319961 0.350570
   vertex -0.536697 -0.319960 0.405178
  endloop
 endfacet
 facet normal -0.882679 -0.469976 0.000000
  outer loop
   vertex -0.565393 -0.266065 0.393219
   vertex -0.536697 -0.319960 0.405178
   vertex -0.565393 -0.266065 0.447827
  endloop
 endfacet
 facet normal -0.882682 -0.469971 -0.000009
  outer loop
   vertex -0.565393 -0.266065 0.447827
   vertex -0.536697 -0.319960 0.405178
   vertex -0.536697 -0.319961 0.459786
  endloop
 endfacet
 facet normal -0.882683 -0.469969 0.000000
  outer loop
   vertex -0.565393 -0.266065 0.447827
   vertex -0.536697 -0.319961 0.459786
   vertex -0.565393 -0.266065 0.502436
  endloop
 endfacet
 facet normal -0.882683 -0.469969 -0.000000
  outer loop
   vertex -0.565393 -0.266065 0.502436
   vertex -0.536697 -0.319961 0.459786
   vertex -0.536697 -0.319961 0.514395
  endloop
 endfacet
 facet normal -0.882683 -0.469969 0.000000
  outer loop
   vertex -0.565393 -0.266065 0.502436
   vertex -0.536697 -0.319961 0.514395
   vertex -0.565393 -0.266065 0.557044
  endloop
 endfacet
 facet normal -0.882683 -0.469969 -0.000000
  outer loop
   vertex -0.565393 -0.266065 0.557044
   vertex -0.536697 -0.319961 0.514395
   vertex -0.536697 -0.319961 0.569003
  endloop
 endfacet
 facet normal -0.882683 -0.469969 0.000000
  outer loop
   vertex -0.565393 -0.266065 0.557044
   vertex -0.536697 -0.319961 0.569003
   vertex -0.565393 -0.266065 0.611652
  endloop
 endfacet
 facet normal -0.882680 -0.469975 0.000009
  outer loop
   vertex -0.565393 -0.266065 0.611652
   vertex -0.536697 -0.319961 0.569003
   vertex -0.536697 -0.319960 0.623612
  endloop
 endfacet
 facet normal -0.882679 -0.469976 0.000000
  outer loop
   vertex -0.565393 -0.266065 0.611652
   vertex -0.536697 -0.319960 0.623612
   vertex -0.565393 -0.266065 0.666262
  endloop
 endfacet
 facet normal -0.882679 -0.469976 -0.000000
  outer loop
   vertex -0.565393 -0.266065 0.666262
   vertex -0.536697 -0.319960 0.623612
   vertex -0.536697 -0.319960 0.678221
  endloop
 endfacet
 facet normal -0.882679 -0.469976 0.000000
  outer loop
   vertex -0.565393 -0.266065 0.666262
   vertex -0.536697 -0.319960 0.678221
   vertex -0.565393 -0.266065 0.720870
  endloop
 endfacet
 facet normal -0.882682 -0.469971 -0.000009
  outer loop
   vertex -0.565393 -0.266065 0.720870
   vertex -0.536697 -0.319960 0.678221
   vertex -0.536697 -0.319961 0.732829
  endloop
 endfacet
 facet normal -0.882683 -0.469969 0.000000
  outer loop
   vertex -0.565393 -0.266065 0.720870
   vertex -0.536697 -0.319961 0.732829
   vertex -0.565393 -0.266065 0.775478
  endloop
 endfacet
 facet normal -0.882680 -0.469975 0.000009
  outer loop
   vertex -0.565393 -0.266065 0.775478
   vertex -0.536697 -0.319961 0.732829
   vertex -0.536697 -0.319960 0.787437
  endloop
 endfacet
 facet normal -0.882680 -0.469974 0.000013
  outer loop
   vertex -0.565393 -0.266065 0.775478
   vertex -0.536697 -0.319960 0.787437
   vertex -0.565389 -0.266071 0.830092
  endloop
 endfacet
 facet normal -0.881992 -0.471260 0.002100
  outer loop
   vertex -0.565389 -0.266071 0.830092
   vertex -0.536697 -0.319960 0.787437
   vertex -0.536929 -0.319283 0.841899
  endloop
 endfacet
 facet normal -0.882046 -0.471156 0.002697
  outer loop
   vertex -0.565389 -0.266071 0.830092
   vertex -0.536929 -0.319283 0.841899
   vertex -0.565088 -0.266321 0.884867
  endloop
 endfacet
 facet normal -0.883593 -0.468252 -0.001897
  outer loop
   vertex -0.565088 -0.266321 0.884867
   vertex -0.536929 -0.319283 0.841899
   vertex -0.537276 -0.318848 0.896175
  endloop
 endfacet
 facet normal -0.976945 -0.213491 -0.000012
  outer loop
   vertex -0.615427 -0.108140 0.282601
   vertex -0.604494 -0.158170 0.282596
   vertex -0.615424 -0.108157 0.337191
  endloop
 endfacet
 facet normal -0.976941 -0.213511 0.000006
  outer loop
   vertex -0.615424 -0.108157 0.337191
   vertex -0.604494 -0.158170 0.282596
   vertex -0.604489 -0.158191 0.337191
  endloop
 endfacet
 facet normal -0.976941 -0.213511 0.000000
  outer loop
   vertex -0.615424 -0.108157 0.337191
   vertex -0.604489 -0.158191 0.337191
   vertex -0.615424 -0.108157 0.391799
  endloop
 endfacet
 facet normal -0.976941 -0.213511 -0.000000
  outer loop
   vertex -0.615424 -0.108157 0.391799
   vertex -0.604489 -0.158191 0.337191
   vertex -0.604489 -0.158191 0.391799
  endloop
 endfacet
 facet normal -0.976941 -0.213511 0.000000
  outer loop
   vertex -0.615424 -0.108157 0.391799
   vertex -0.604489 -0.158191 0.391799
   vertex -0.615424 -0.108157 0.446408
  endloop
 endfacet
 facet normal -0.976941 -0.213511 -0.000000
  outer loop
   vertex -0.615424 -0.108157 0.446408
   vertex -0.604489 -0.158191 0.391799
   vertex -0.604489 -0.158191 0.446407
  endloop
 endfacet
 facet normal -0.976941 -0.213511 0.000000
  outer loop
   vertex -0.615424 -0.108157 0.446408
   vertex -0.604489 -0.158191 0.446407
   vertex -0.615424 -0.108157 0.501017
  endloop
 endfacet
 facet normal -0.976941 -0.213511 -0.000000
  outer loop
   vertex -0.615424 -0.108157 0.501017
   vertex -0.604489 -0.158191 0.446407
   vertex -0.604489 -0.158191 0.501017
  endloop
 endfacet
 facet normal -0.976941 -0.213511 0.000000
  outer loop
   vertex -0.615424 -0.108157 0.501017
   vertex -0.604489 -0.158191 0.501017
   vertex -0.615424 -0.108157 0.555625
  endloop
 endfacet
 facet normal -0.976941 -0.213511 -0.000000
  outer loop
   vertex -0.615424 -0.108157 0.555625
   vertex -0.604489 -0.158191 0.501017
   vertex -0.604489 -0.158191 0.555625
  endloop
 endfacet
 facet normal -0.976941 -0.213511 0.000000
  outer loop
   vertex -0.615424 -0.108157 0.555625
   vertex -0.604489 -0.158191 0.555625
   vertex -0.615424 -0.108157 0.610233
  endloop
 endfacet
 facet normal -0.976941 -0.213511 -0.000000
  outer loop
   vertex -0.615424 -0.108157 0.610233
   vertex -0.604489 -0.158191 0.555625
   vertex -0.604489 -0.158191 0.610233
  endloop
 endfacet
 facet normal -0.976941 -0.213511 0.000000
  outer loop
   vertex -0.615424 -0.108157 0.610233
   vertex -0.604489 -0.158191 0.610233
   vertex -0.615424 -0.108157 0.664842
  endloop
 endfacet
 facet normal -0.976941 -0.213511 -0.000000
  outer loop
   vertex -0.615424 -0.108157 0.664842
   vertex -0.604489 -0.158191 0.610233
   vertex -0.604489 -0.158191 0.664842
  endloop
 endfacet
 facet normal -0.976941 -0.213511 0.000000
  outer loop
   vertex -0.615424 -0.108157 0.664842
   vertex -0.604489 -0.158191 0.664842
   vertex -0.615424 -0.108157 0.719450
  endloop
 endfacet
 facet normal -0.976941 -0.213511 -0.000000
  outer loop
   vertex -0.615424 -0.108157 0.719450
   vertex -0.604489 -0.158191 0.664842
   vertex -0.604489 -0.158191 0.719450
  endloop
 endfacet
 facet normal -0.976941 -0.213511 0.000000
  outer loop
   vertex -0.615424 -0.108157 0.719450
   vertex -0.604489 -0.158191 0.719450
   vertex -0.615424 -0.108157 0.774058
  endloop
 endfacet
 facet normal -0.976941 -0.213511 -0.000000
  outer loop
   vertex -0.615424 -0.108157 0.774058
   vertex -0.604489 -0.158191 0.719450
   vertex -0.604489 -0.158191 0.774058
  endloop
 endfacet
 facet normal -0.976941 -0.213511 0.000000
  outer loop
   vertex -0.615424 -0.108157 0.774058
   vertex -0.604489 -0.158191 0.774058
   vertex -0.615424 -0.108157 0.828667
  endloop
 endfacet
 facet normal -0.976941 -0.213511 -0.000000
  outer loop
   vertex -0.615424 -0.108157 0.828667
   vertex -0.604489 -0.158191 0.774058
   vertex -0.604489 -0.158191 0.828667
  endloop
 endfacet
 facet normal -0.976941 -0.213511 0.000000
  outer loop
   vertex -0.615424 -0.108157 0.828667
   vertex -0.604489 -0.158191 0.828667
   vertex -0.615424 -0.108157 0.883275
  endloop
 endfacet
 facet normal -0.976941 -0.213511 -0.000000
  outer loop
   vertex -0.615424 -0.108157 0.883275
   vertex -0.604489 -0.158191 0.828667
   vertex -0.604489 -0.158191 0.883275
  endloop
 endfacet
 facet normal -0.976940 -0.213511 0.000942
  outer loop
   vertex -0.615424 -0.108157 0.883275
   vertex -0.604489 -0.158191 0.883275
   vertex -0.615442 -0.107834 0.937821
  endloop
 endfacet
 facet normal -0.977148 -0.212559 0.000022
  outer loop
   vertex -0.615442 -0.107834 0.937821
   vertex -0.604489 -0.158191 0.883275
   vertex -0.604485 -0.158204 0.937901
  endloop
 endfacet
 facet normal -0.977148 -0.212560 -0.000260
  outer loop
   vertex -0.615442 -0.107834 0.937821
   vertex -0.604485 -0.158204 0.937901
   vertex -0.615450 -0.107864 0.992600
  endloop
 endfacet
 facet normal -0.976874 -0.213815 0.000950
  outer loop
   vertex -0.615450 -0.107864 0.992600
   vertex -0.604485 -0.158204 0.937901
   vertex -0.604256 -0.159006 0.992849
  endloop
 endfacet
 facet normal -0.976874 -0.213814 0.001178
  outer loop
   vertex -0.615450 -0.107864 0.992600
   vertex -0.604256 -0.159006 0.992849
   vertex -0.615037 -0.109452 1.046856
  endloop
 endfacet
 facet normal -0.977462 -0.211108 -0.001422
  outer loop
   vertex -0.615037 -0.109452 1.046856
   vertex -0.604256 -0.159006 0.992849
   vertex -0.604717 -0.157237 1.047128
  endloop
 endfacet
 facet normal -0.977424 -0.211137 -0.007938
  outer loop
   vertex -0.615037 -0.109452 1.046856
   vertex -0.604717 -0.157237 1.047128
   vertex -0.613372 -0.119001 1.095827
  endloop
 endfacet
 facet normal -0.973079 -0.230335 0.007908
  outer loop
   vertex -0.613372 -0.119001 1.095827
   vertex -0.604717 -0.157237 1.047128
   vertex -0.603144 -0.162376 1.091008
  endloop
 endfacet
 facet normal -0.998733 -0.050328 -0.000309
  outer loop
   vertex -0.624896 -0.004829 0.992493
   vertex -0.622263 -0.057079 0.992496
   vertex -0.624886 -0.005362 1.046931
  endloop
 endfacet
 facet normal -0.998557 -0.053629 0.002836
  outer loop
   vertex -0.624886 -0.005362 1.046931
   vertex -0.622263 -0.057079 0.992496
   vertex -0.622068 -0.057829 1.046985
  endloop
 endfacet
 facet normal -0.998733 -0.050314 0.000000
  outer loop
   vertex -0.624896 -0.004829 0.937884
   vertex -0.622264 -0.057073 0.937884
   vertex -0.624896 -0.004829 0.992493
  endloop
 endfacet
 facet normal -0.998733 -0.050328 0.000013
  outer loop
   vertex -0.624896 -0.004829 0.992493
   vertex -0.622264 -0.057073 0.937884
   vertex -0.622263 -0.057079 0.992496
  endloop
 endfacet
 facet normal -0.998733 -0.050314 0.000000
  outer loop
   vertex -0.624896 -0.004829 0.883275
   vertex -0.622264 -0.057073 0.883275
   vertex -0.624896 -0.004829 0.937884
  endloop
 endfacet
 facet normal -0.998733 -0.050314 -0.000000
  outer loop
   vertex -0.624896 -0.004829 0.937884
   vertex -0.622264 -0.057073 0.883275
   vertex -0.622264 -0.057073 0.937884
  endloop
 endfacet
 facet normal -0.998733 -0.050314 0.000000
  outer loop
   vertex -0.624896 -0.004829 0.828667
   vertex -0.622264 -0.057073 0.828667
   vertex -0.624896 -0.004829 0.883275
  endloop
 endfacet
 facet normal -0.998733 -0.050314 -0.000000
  outer loop
   vertex -0.624896 -0.004829 0.883275
   vertex -0.622264 -0.057073 0.828667
   vertex -0.622264 -0.057073 0.883275
  endloop
 endfacet
 facet normal -0.998733 -0.050314 0.000000
  outer loop
   vertex -0.624896 -0.004829 0.774058
   vertex -0.622264 -0.057073 0.774058
   vertex -0.624896 -0.004829 0.828667
  endloop
 endfacet
 facet normal -0.998733 -0.050314 -0.000000
  outer loop
   vertex -0.624896 -0.004829 0.828667
   vertex -0.622264 -0.057073 0.774058
   vertex -0.622264 -0.057073 0.828667
  endloop
 endfacet
 facet normal -0.998733 -0.050314 0.000000
  outer loop
   vertex -0.624896 -0.004829 0.719450
   vertex -0.622264 -0.057073 0.719450
   vertex -0.624896 -0.004829 0.774058
  endloop
 endfacet
 facet normal -0.998733 -0.050314 -0.000000
  outer loop
   vertex -0.624896 -0.004829 0.774058
   vertex -0.622264 -0.057073 0.719450
   vertex -0.622264 -0.057073 0.774058
  endloop
 endfacet
 facet normal -0.998733 -0.050314 0.000000
  outer loop
   vertex -0.624896 -0.004829 0.664842
   vertex -0.622264 -0.057073 0.664842
   vertex -0.624896 -0.004829 0.719450
  endloop
 endfacet
 facet normal -0.998733 -0.050314 -0.000000
  outer loop
   vertex -0.624896 -0.004829 0.719450
   vertex -0.622264 -0.057073 0.664842
   vertex -0.622264 -0.057073 0.719450
  endloop
 endfacet
 facet normal -0.998733 -0.050314 0.000000
  outer loop
   vertex -0.624896 -0.004829 0.610233
   vertex -0.622264 -0.057073 0.610233
   vertex -0.624896 -0.004829 0.664842
  endloop
 endfacet
 facet normal -0.998733 -0.050314 -0.000000
  outer loop
   vertex -0.624896 -0.004829 0.664842
   vertex -0.622264 -0.057073 0.610233
   vertex -0.622264 -0.057073 0.664842
  endloop
 endfacet
 facet normal -0.998733 -0.050314 0.000000
  outer loop
   vertex -0.624896 -0.004829 0.555625
   vertex -0.622264 -0.057073 0.555625
   vertex -0.624896 -0.004829 0.610233
  endloop
 endfacet
 facet normal -0.998733 -0.050314 -0.000000
  outer loop
   vertex -0.624896 -0.004829 0.610233
   vertex -0.622264 -0.057073 0.555625
   vertex -0.622264 -0.057073 0.610233
  endloop
 endfacet
 facet normal -0.998733 -0.050314 0.000000
  outer loop
   vertex -0.624896 -0.004829 0.501017
   vertex -0.622264 -0.057073 0.501017
   vertex -0.624896 -0.004829 0.555625
  endloop
 endfacet
 facet normal -0.998733 -0.050314 -0.000000
  outer loop
   vertex -0.624896 -0.004829 0.555625
   vertex -0.622264 -0.057073 0.501017
   vertex -0.622264 -0.057073 0.555625
  endloop
 endfacet
 facet normal -0.998733 -0.050314 0.000000
  outer loop
   vertex -0.624896 -0.004829 0.446407
   vertex -0.622264 -0.057073 0.446408
   vertex -0.624896 -0.004829 0.501017
  endloop
 endfacet
 facet normal -0.998733 -0.050314 -0.000000
  outer loop
   vertex -0.624896 -0.004829 0.501017
   vertex -0.622264 -0.057073 0.446408
   vertex -0.622264 -0.057073 0.501017
  endloop
 endfacet
 facet normal -0.998733 -0.050314 0.000000
  outer loop
   vertex -0.624896 -0.004829 0.391799
   vertex -0.622264 -0.057073 0.391799
   vertex -0.624896 -0.004829 0.446407
  endloop
 endfacet
 facet normal -0.998733 -0.050314 -0.000000
  outer loop
   vertex -0.624896 -0.004829 0.446407
   vertex -0.622264 -0.057073 0.391799
   vertex -0.622264 -0.057073 0.446408
  endloop
 endfacet
 facet normal -0.998733 -0.050314 0.000000
  outer loop
   vertex -0.624896 -0.004829 0.337191
   vertex -0.622264 -0.057073 0.337191
   vertex -0.624896 -0.004829 0.391799
  endloop
 endfacet
 facet normal -0.998733 -0.050314 -0.000000
  outer loop
   vertex -0.624896 -0.004829 0.391799
   vertex -0.622264 -0.057073 0.337191
   vertex -0.622264 -0.057073 0.391799
  endloop
 endfacet
 facet normal -0.998734 -0.050301 0.000000
  outer loop
   vertex -0.624896 -0.004829 0.282591
   vertex -0.622265 -0.057068 0.282598
   vertex -0.624896 -0.004829 0.337191
  endloop
 endfacet
 facet normal -0.998733 -0.050314 0.000013
  outer loop
   vertex -0.624896 -0.004829 0.337191
   vertex -0.622265 -0.057068 0.282598
   vertex -0.622264 -0.057073 0.337191
  endloop
 endfacet
 facet normal -0.998733 -0.050319 -0.000017
  outer loop
   vertex -0.624897 -0.004790 0.228234
   vertex -0.622262 -0.057090 0.228252
   vertex -0.624896 -0.004829 0.282591
  endloop
 endfacet
 facet normal -0.998734 -0.050301 -0.000034
  outer loop
   vertex -0.624896 -0.004829 0.282591
   vertex -0.622262 -0.057090 0.228252
   vertex -0.622265 -0.057068 0.282598
  endloop
 endfacet
 facet normal -0.993223 0.116209 0.001645
  outer loop
   vertex -0.621196 0.064409 0.228234
   vertex -0.623114 0.048345 0.205000
   vertex -0.623152 0.047691 0.228234
  endloop
 endfacet
 facet normal -0.993220 0.116242 0.001622
  outer loop
   vertex -0.617924 0.092451 0.222160
   vertex -0.623114 0.048345 0.205000
   vertex -0.621196 0.064409 0.228234
  endloop
 endfacet
 facet normal -0.958638 0.284630 0.000153
  outer loop
   vertex -0.590421 0.204733 0.282537
   vertex -0.606709 0.149904 0.228239
   vertex -0.606771 0.149666 0.282591
  endloop
 endfacet
 facet normal -0.993262 0.115895 0.000104
  outer loop
   vertex -0.617274 0.098019 0.282591
   vertex -0.623152 0.047691 0.228234
   vertex -0.623158 0.047591 0.282591
  endloop
 endfacet
 facet normal -0.958638 0.284630 0.000002
  outer loop
   vertex -0.590421 0.204733 0.282537
   vertex -0.606771 0.149666 0.282591
   vertex -0.590423 0.204726 0.337136
  endloop
 endfacet
 facet normal -0.958637 0.284631 0.000001
  outer loop
   vertex -0.590423 0.204726 0.337136
   vertex -0.606771 0.149666 0.282591
   vertex -0.606773 0.149659 0.337191
  endloop
 endfacet
 facet normal -0.993262 0.115895 -0.000008
  outer loop
   vertex -0.617274 0.098019 0.282591
   vertex -0.623158 0.047591 0.282591
   vertex -0.617275 0.098014 0.337191
  endloop
 endfacet
 facet normal -0.993263 0.115882 0.000004
  outer loop
   vertex -0.617275 0.098014 0.337191
   vertex -0.623158 0.047591 0.282591
   vertex -0.623158 0.047589 0.337191
  endloop
 endfacet
 facet normal -0.958637 0.284631 0.000000
  outer loop
   vertex -0.590423 0.204726 0.337136
   vertex -0.606773 0.149659 0.337191
   vertex -0.590423 0.204726 0.391745
  endloop
 endfacet
 facet normal -0.958637 0.284631 0.000000
  outer loop
   vertex -0.590423 0.204726 0.391745
   vertex -0.606773 0.149659 0.337191
   vertex -0.606773 0.149659 0.391799
  endloop
 endfacet
 facet normal -0.993263 0.115882 0.000000
  outer loop
   vertex -0.617275 0.098014 0.337191
   vertex -0.623158 0.047589 0.337191
   vertex -0.617275 0.098014 0.391799
  endloop
 endfacet
 facet normal -0.993263 0.115882 0.000000
  outer loop
   vertex -0.617275 0.098014 0.391799
   vertex -0.623158 0.047589 0.337191
   vertex -0.623158 0.047589 0.391799
  endloop
 endfacet
 facet normal -0.958637 0.284631 0.000000
  outer loop
   vertex -0.590423 0.204726 0.391745
   vertex -0.606773 0.149659 0.391799
   vertex -0.590423 0.204726 0.446353
  endloop
 endfacet
 facet normal -0.958637 0.284631 0.000000
  outer loop
   vertex -0.590423 0.204726 0.446353
   vertex -0.606773 0.149659 0.391799
   vertex -0.606773 0.149659 0.446407
  endloop
 endfacet
 facet normal -0.993263 0.115882 0.000000
  outer loop
   vertex -0.617275 0.098014 0.391799
   vertex -0.623158 0.047589 0.391799
   vertex -0.617275 0.098014 0.446407
  endloop
 endfacet
 facet normal -0.993263 0.115882 0.000000
  outer loop
   vertex -0.617275 0.098014 0.446407
   vertex -0.623158 0.047589 0.391799
   vertex -0.623158 0.047589 0.446407
  endloop
 endfacet
 facet normal -0.958637 0.284631 0.000000
  outer loop
   vertex -0.590423 0.204726 0.446353
   vertex -0.606773 0.149659 0.446407
   vertex -0.590423 0.204726 0.500961
  endloop
 endfacet
 facet normal -0.958637 0.284631 0.000000
  outer loop
   vertex -0.590423 0.204726 0.500961
   vertex -0.606773 0.149659 0.446407
   vertex -0.606773 0.149659 0.501017
  endloop
 endfacet
 facet normal -0.993263 0.115882 0.000000
  outer loop
   vertex -0.617275 0.098014 0.446407
   vertex -0.623158 0.047589 0.446407
   vertex -0.617275 0.098014 0.501017
  endloop
 endfacet
 facet normal -0.993263 0.115882 0.000000
  outer loop
   vertex -0.617275 0.098014 0.501017
   vertex -0.623158 0.047589 0.446407
   vertex -0.623158 0.047589 0.501017
  endloop
 endfacet
 facet normal -0.958637 0.284631 0.000000
  outer loop
   vertex -0.590423 0.204726 0.500961
   vertex -0.606773 0.149659 0.501017
   vertex -0.590423 0.204726 0.555570
  endloop
 endfacet
 facet normal -0.958637 0.284631 0.000000
  outer loop
   vertex -0.590423 0.204726 0.555570
   vertex -0.606773 0.149659 0.501017
   vertex -0.606773 0.149659 0.555624
  endloop
 endfacet
 facet normal -0.993263 0.115882 0.000000
  outer loop
   vertex -0.617275 0.098014 0.501017
   vertex -0.623158 0.047589 0.501017
   vertex -0.617275 0.098014 0.555624
  endloop
 endfacet
 facet normal -0.993263 0.115882 0.000000
  outer loop
   vertex -0.617275 0.098014 0.555624
   vertex -0.623158 0.047589 0.501017
   vertex -0.623158 0.047589 0.555625
  endloop
 endfacet
 facet normal -0.958637 0.284631 0.000000
  outer loop
   vertex -0.590423 0.204726 0.555570
   vertex -0.606773 0.149659 0.555624
   vertex -0.590423 0.204726 0.610178
  endloop
 endfacet
 facet normal -0.958637 0.284631 0.000000
  outer loop
   vertex -0.590423 0.204726 0.610178
   vertex -0.606773 0.149659 0.555624
   vertex -0.606773 0.149659 0.610233
  endloop
 endfacet
 facet normal -0.993263 0.115882 0.000000
  outer loop
   vertex -0.617275 0.098014 0.555624
   vertex -0.623158 0.047589 0.555625
   vertex -0.617275 0.098014 0.610233
  endloop
 endfacet
 facet normal -0.993263 0.115882 0.000000
  outer loop
   vertex -0.617275 0.098014 0.610233
   vertex -0.623158 0.047589 0.555625
   vertex -0.623158 0.047589 0.610233
  endloop
 endfacet
 facet normal -0.958637 0.284631 0.000000
  outer loop
   vertex -0.590423 0.204726 0.610178
   vertex -0.606773 0.149659 0.610233
   vertex -0.590423 0.204726 0.664787
  endloop
 endfacet
 facet normal -0.958637 0.284631 0.000000
  outer loop
   vertex -0.590423 0.204726 0.664787
   vertex -0.606773 0.149659 0.610233
   vertex -0.606773 0.149659 0.664842
  endloop
 endfacet
 facet normal -0.993263 0.115882 0.000000
  outer loop
   vertex -0.617275 0.098014 0.610233
   vertex -0.623158 0.047589 0.610233
   vertex -0.617275 0.098014 0.664842
  endloop
 endfacet
 facet normal -0.993263 0.115882 0.000000
  outer loop
   vertex -0.617275 0.098014 0.664842
   vertex -0.623158 0.047589 0.610233
   vertex -0.623158 0.047589 0.664842
  endloop
 endfacet
 facet normal -0.958637 0.284631 0.000000
  outer loop
   vertex -0.590423 0.204726 0.664787
   vertex -0.606773 0.149659 0.664842
   vertex -0.590423 0.204726 0.719396
  endloop
 endfacet
 facet normal -0.958637 0.284631 0.000000
  outer loop
   vertex -0.590423 0.204726 0.719396
   vertex -0.606773 0.149659 0.664842
   vertex -0.606773 0.149659 0.719450
  endloop
 endfacet
 facet normal -0.993263 0.115882 0.000000
  outer loop
   vertex -0.617275 0.098014 0.664842
   vertex -0.623158 0.047589 0.664842
   vertex -0.617275 0.098014 0.719450
  endloop
 endfacet
 facet normal -0.993263 0.115882 0.000000
  outer loop
   vertex -0.617275 0.098014 0.719450
   vertex -0.623158 0.047589 0.664842
   vertex -0.623158 0.047589 0.719450
  endloop
 endfacet
 facet normal -0.958637 0.284631 0.000000
  outer loop
   vertex -0.590423 0.204726 0.719396
   vertex -0.606773 0.149659 0.719450
   vertex -0.590423 0.204726 0.774004
  endloop
 endfacet
 facet normal -0.958639 0.284626 0.000005
  outer loop
   vertex -0.590423 0.204726 0.774004
   vertex -0.606773 0.149659 0.719450
   vertex -0.606773 0.149658 0.774058
  endloop
 endfacet
 facet normal -0.993263 0.115882 0.000000
  outer loop
   vertex -0.617275 0.098014 0.719450
   vertex -0.623158 0.047589 0.719450
   vertex -0.617275 0.098014 0.774058
  endloop
 endfacet
 facet normal -0.993263 0.115882 0.000000
  outer loop
   vertex -0.617275 0.098014 0.774058
   vertex -0.623158 0.047589 0.719450
   vertex -0.623158 0.047589 0.774058
  endloop
 endfacet
 facet normal -0.958639 0.284626 0.000000
  outer loop
   vertex -0.590423 0.204726 0.774004
   vertex -0.606773 0.149658 0.774058
   vertex -0.590423 0.204726 0.828612
  endloop
 endfacet
 facet normal -0.958637 0.284631 -0.000005
  outer loop
   vertex -0.590423 0.204726 0.828612
   vertex -0.606773 0.149658 0.774058
   vertex -0.606773 0.149659 0.828667
  endloop
 endfacet
 facet normal -0.993263 0.115882 0.000000
  outer loop
   vertex -0.617275 0.098014 0.774058
   vertex -0.623158 0.047589 0.774058
   vertex -0.617275 0.098014 0.828667
  endloop
 endfacet
 facet normal -0.993263 0.115882 0.000000
  outer loop
   vertex -0.617275 0.098014 0.828667
   vertex -0.623158 0.047589 0.774058
   vertex -0.623158 0.047589 0.828667
  endloop
 endfacet
 facet normal -0.958637 0.284631 0.000000
  outer loop
   vertex -0.590423 0.204726 0.828612
   vertex -0.606773 0.149659 0.828667
   vertex -0.590423 0.204726 0.883221
  endloop
 endfacet
 facet normal -0.958637 0.284631 0.000000
  outer loop
   vertex -0.590423 0.204726 0.883221
   vertex -0.606773 0.149659 0.828667
   vertex -0.606773 0.149659 0.883275
  endloop
 endfacet
 facet normal -0.993263 0.115882 0.000000
  outer loop
   vertex -0.617275 0.098014 0.828667
   vertex -0.623158 0.047589 0.828667
   vertex -0.617275 0.098014 0.883275
  endloop
 endfacet
 facet normal -0.993263 0.115882 0.000000
  outer loop
   vertex -0.617275 0.098014 0.883275
   vertex -0.623158 0.047589 0.828667
   vertex -0.623158 0.047589 0.883275
  endloop
 endfacet
 facet normal -0.958637 0.284631 0.000000
  outer loop
   vertex -0.590423 0.204726 0.883221
   vertex -0.606773 0.149659 0.883275
   vertex -0.590423 0.204726 0.937829
  endloop
 endfacet
 facet normal -0.958637 0.284631 0.000000
  outer loop
   vertex -0.590423 0.204726 0.937829
   vertex -0.606773 0.149659 0.883275
   vertex -0.606773 0.149659 0.937884
  endloop
 endfacet
 facet normal -0.993263 0.115882 0.000000
  outer loop
   vertex -0.617275 0.098014 0.883275
   vertex -0.623158 0.047589 0.883275
   vertex -0.617275 0.098014 0.937884
  endloop
 endfacet
 facet normal -0.993263 0.115882 0.000000
  outer loop
   vertex -0.617275 0.098014 0.937884
   vertex -0.623158 0.047589 0.883275
   vertex -0.623158 0.047589 0.937884
  endloop
 endfacet
 facet normal -0.958637 0.284631 0.000000
  outer loop
   vertex -0.590423 0.204726 0.937829
   vertex -0.606773 0.149659 0.937884
   vertex -0.590423 0.204726 0.992438
  endloop
 endfacet
 facet normal -0.958639 0.284626 0.000005
  outer loop
   vertex -0.590423 0.204726 0.992438
   vertex -0.606773 0.149659 0.937884
   vertex -0.606773 0.149658 0.992493
  endloop
 endfacet
 facet normal -0.993263 0.115882 0.000000
  outer loop
   vertex -0.617275 0.098014 0.937884
   vertex -0.623158 0.047589 0.937884
   vertex -0.617275 0.098014 0.992493
  endloop
 endfacet
 facet normal -0.993263 0.115882 0.000000
  outer loop
   vertex -0.617275 0.098014 0.992493
   vertex -0.623158 0.047589 0.937884
   vertex -0.623158 0.047589 0.992493
  endloop
 endfacet
 facet normal -0.958639 0.284626 0.000005
  outer loop
   vertex -0.590423 0.204726 0.992438
   vertex -0.606773 0.149658 0.992493
   vertex -0.590423 0.204725 1.047047
  endloop
 endfacet
 facet normal -0.958828 0.283988 0.000706
  outer loop
   vertex -0.590423 0.204725 1.047047
   vertex -0.606773 0.149658 0.992493
   vertex -0.606495 0.150462 1.046666
  endloop
 endfacet
 facet normal -0.993260 0.115882 0.002341
  outer loop
   vertex -0.617275 0.098014 0.992493
   vertex -0.623158 0.047589 0.992493
   vertex -0.617069 0.098681 1.046873
  endloop
 endfacet
 facet normal -0.993230 0.116147 0.002088
  outer loop
   vertex -0.617069 0.098681 1.046873
   vertex -0.623158 0.047589 0.992493
   vertex -0.623124 0.046902 1.046865
  endloop
 endfacet
 facet normal -0.958827 0.283965 0.003893
  outer loop
   vertex -0.590423 0.204725 1.047047
   vertex -0.606495 0.150462 1.046666
   vertex -0.590031 0.205298 1.101786
  endloop
 endfacet
 facet normal -0.959608 0.281259 0.006819
  outer loop
   vertex -0.590031 0.205298 1.101786
   vertex -0.606495 0.150462 1.046666
   vertex -0.606141 0.150319 1.102386
  endloop
 endfacet
 facet normal -0.993218 0.116145 0.005327
  outer loop
   vertex -0.617069 0.098681 1.046873
   vertex -0.623124 0.046902 1.046865
   vertex -0.616786 0.098582 1.101798
  endloop
 endfacet
 facet normal -0.993378 0.114695 0.006710
  outer loop
   vertex -0.616786 0.098582 1.101798
   vertex -0.623124 0.046902 1.046865
   vertex -0.622764 0.046805 1.101824
  endloop
 endfacet
 facet normal -0.959654 0.281152 -0.004161
  outer loop
   vertex -0.590031 0.205298 1.101786
   vertex -0.606141 0.150319 1.102386
   vertex -0.590591 0.204190 1.156072
  endloop
 endfacet
 facet normal -0.960115 0.279594 -0.002464
  outer loop
   vertex -0.590591 0.204190 1.156072
   vertex -0.606141 0.150319 1.102386
   vertex -0.606431 0.149791 1.155496
  endloop
 endfacet
 facet normal -0.993399 0.114693 -0.002183
  outer loop
   vertex -0.616786 0.098582 1.101798
   vertex -0.622764 0.046805 1.101824
   vertex -0.617023 0.097564 1.156165
  endloop
 endfacet
 facet normal -0.993370 0.114938 -0.002414
  outer loop
   vertex -0.617023 0.097564 1.156165
   vertex -0.622764 0.046805 1.101824
   vertex -0.623067 0.045333 1.156428
  endloop
 endfacet
 facet normal -0.960110 0.279602 -0.003309
  outer loop
   vertex -0.590591 0.204190 1.156072
   vertex -0.606431 0.149791 1.155496
   vertex -0.593915 0.193390 1.207956
  endloop
 endfacet
 facet normal -0.963518 0.267536 0.007532
  outer loop
   vertex -0.593915 0.193390 1.207956
   vertex -0.606431 0.149791 1.155496
   vertex -0.608929 0.139296 1.208732
  endloop
 endfacet
 facet normal -0.993327 0.114894 -0.010057
  outer loop
   vertex -0.617023 0.097564 1.156165
   vertex -0.623067 0.045333 1.156428
   vertex -0.618644 0.088158 1.208814
  endloop
 endfacet
 facet normal -0.995617 0.093189 0.007880
  outer loop
   vertex -0.618644 0.088158 1.208814
   vertex -0.623067 0.045333 1.156428
   vertex -0.623449 0.036918 1.207677
  endloop
 endfacet
 facet normal -0.963576 0.267344 -0.006999
  outer loop
   vertex -0.608929 0.139296 1.208732
   vertex -0.601254 0.167938 1.246140
   vertex -0.593915 0.193390 1.207956
  endloop
 endfacet
 facet normal -0.954722 0.297144 0.014566
  outer loop
   vertex -0.593915 0.193390 1.207956
   vertex -0.601254 0.167938 1.246140
   vertex -0.586755 0.214709 1.242350
  endloop
 endfacet
 facet normal -0.976718 0.087243 0.195988
  outer loop
   vertex -0.623449 0.036918 1.207677
   vertex -0.613927 0.059750 1.244967
   vertex -0.618644 0.088158 1.208814
  endloop
 endfacet
 facet normal -0.989700 0.016620 0.142189
  outer loop
   vertex -0.618644 0.088158 1.208814
   vertex -0.613927 0.059750 1.244967
   vertex -0.613256 0.118993 1.242713
  endloop
 endfacet
 facet normal -0.881265 0.006082 0.472583
  outer loop
   vertex -0.624873 -0.004292 1.205552
   vertex -0.609537 0.003032 1.234056
   vertex -0.623449 0.036918 1.207677
  endloop
 endfacet
 facet normal -0.937274 -0.134419 0.321636
  outer loop
   vertex -0.623449 0.036918 1.207677
   vertex -0.609537 0.003032 1.234056
   vertex -0.613927 0.059750 1.244967
  endloop
 endfacet
 facet normal 0.129879 -0.513680 0.848095
  outer loop
   vertex -0.511800 -0.007340 1.218864
   vertex -0.559618 0.004734 1.233500
   vertex -0.561626 -0.047789 1.201995
  endloop
 endfacet
 facet normal -0.833964 -0.221217 0.505537
  outer loop
   vertex -0.622842 -0.046986 1.190220
   vertex -0.609537 0.003032 1.234056
   vertex -0.624873 -0.004292 1.205552
  endloop
 endfacet
 facet normal -0.998614 -0.052218 -0.006634
  outer loop
   vertex -0.621857 -0.061053 1.152670
   vertex -0.622842 -0.046986 1.190220
   vertex -0.624602 -0.009441 1.159625
  endloop
 endfacet
 facet normal -0.998880 -0.047305 -0.000590
  outer loop
   vertex -0.624602 -0.009441 1.159625
   vertex -0.622842 -0.046986 1.190220
   vertex -0.624873 -0.004292 1.205552
  endloop
 endfacet
 facet normal -0.991499 -0.128234 0.022030
  outer loop
   vertex -0.618546 -0.085605 1.158772
   vertex -0.622842 -0.046986 1.190220
   vertex -0.621857 -0.061053 1.152670
  endloop
 endfacet
 facet normal -0.990351 -0.137975 -0.012986
  outer loop
   vertex -0.613372 -0.119001 1.095827
   vertex -0.615927 -0.104325 1.134744
   vertex -0.621246 -0.063361 1.105149
  endloop
 endfacet
 facet normal -0.991067 -0.133218 -0.006273
  outer loop
   vertex -0.621246 -0.063361 1.105149
   vertex -0.615927 -0.104325 1.134744
   vertex -0.621857 -0.061053 1.152670
  endloop
 endfacet
 facet normal -0.990916 -0.134442 -0.003266
  outer loop
   vertex -0.621857 -0.061053 1.152670
   vertex -0.615927 -0.104325 1.134744
   vertex -0.618546 -0.085605 1.158772
  endloop
 endfacet
 facet normal -0.973307 -0.229508 -0.000022
  outer loop
   vertex -0.603144 -0.162376 1.091008
   vertex -0.604166 -0.158045 1.123215
   vertex -0.613372 -0.119001 1.095827
  endloop
 endfacet
 facet normal -0.975893 -0.217508 0.017956
  outer loop
   vertex -0.613372 -0.119001 1.095827
   vertex -0.604166 -0.158045 1.123215
   vertex -0.615927 -0.104325 1.134744
  endloop
 endfacet
 facet normal -0.962358 -0.271717 0.006002
  outer loop
   vertex -0.595126 -0.190645 1.096846
   vertex -0.604166 -0.158045 1.123215
   vertex -0.603144 -0.162376 1.091008
  endloop
 endfacet
 facet normal -0.957336 -0.288977 0.000475
  outer loop
   vertex -0.604717 -0.157237 1.047128
   vertex -0.592957 -0.196179 1.057453
   vertex -0.603144 -0.162376 1.091008
  endloop
 endfacet
 facet normal -0.961180 -0.275557 -0.014211
  outer loop
   vertex -0.603144 -0.162376 1.091008
   vertex -0.592957 -0.196179 1.057453
   vertex -0.595126 -0.190645 1.096846
  endloop
 endfacet
 facet normal -0.953242 -0.302203 0.001752
  outer loop
   vertex -0.604256 -0.159006 0.992849
   vertex -0.587596 -0.211526 0.998155
   vertex -0.604717 -0.157237 1.047128
  endloop
 endfacet
 facet normal -0.956435 -0.291738 -0.010964
  outer loop
   vertex -0.604717 -0.157237 1.047128
   vertex -0.587596 -0.211526 0.998155
   vertex -0.592957 -0.196179 1.057453
  endloop
 endfacet
 facet normal -0.922139 -0.386847 0.002925
  outer loop
   vertex -0.588047 -0.210902 0.938484
   vertex -0.562336 -0.272150 0.943783
   vertex -0.587596 -0.211526 0.998155
  endloop
 endfacet
 facet normal -0.920638 -0.390346 0.007523
  outer loop
   vertex -0.587596 -0.211526 0.998155
   vertex -0.562336 -0.272150 0.943783
   vertex -0.561113 -0.273835 1.006024
  endloop
 endfacet
 facet normal -0.883295 -0.468789 -0.005122
  outer loop
   vertex -0.565088 -0.266321 0.884867
   vertex -0.537276 -0.318848 0.896175
   vertex -0.562336 -0.272150 0.943783
  endloop
 endfacet
 facet normal -0.880254 -0.474498 0.002078
  outer loop
   vertex -0.562336 -0.272150 0.943783
   vertex -0.537276 -0.318848 0.896175
   vertex -0.537248 -0.318720 0.937267
  endloop
 endfacet
 facet normal -0.826140 -0.563136 0.019244
  outer loop
   vertex -0.494440 -0.381912 0.979607
   vertex -0.534670 -0.323054 0.974899
   vertex -0.507004 -0.364974 0.935892
  endloop
 endfacet
 facet normal -0.837025 -0.547135 -0.005671
  outer loop
   vertex -0.507004 -0.364974 0.935892
   vertex -0.534670 -0.323054 0.974899
   vertex -0.537248 -0.318720 0.937267
  endloop
 endfacet
 facet normal -0.545395 -0.446956 0.709066
  outer loop
   vertex -0.444061 -0.438824 0.982483
   vertex -0.450206 -0.376857 1.016817
   vertex -0.494440 -0.381912 0.979607
  endloop
 endfacet
 facet normal -0.735433 -0.463109 0.494640
  outer loop
   vertex -0.494440 -0.381912 0.979607
   vertex -0.507435 -0.326505 1.012161
   vertex -0.534670 -0.323054 0.974899
  endloop
 endfacet
 facet normal -0.467367 -0.383499 0.796553
  outer loop
   vertex -0.512319 -0.284034 1.029743
   vertex -0.561113 -0.273835 1.006024
   vertex -0.507435 -0.326505 1.012161
  endloop
 endfacet
 facet normal -0.658596 -0.621821 0.423780
  outer loop
   vertex -0.507435 -0.326505 1.012161
   vertex -0.561113 -0.273835 1.006024
   vertex -0.534670 -0.323054 0.974899
  endloop
 endfacet
 facet normal -0.195945 -0.658535 0.726593
  outer loop
   vertex -0.569795 -0.226213 1.046844
   vertex -0.561113 -0.273835 1.006024
   vertex -0.540389 -0.236664 1.045302
  endloop
 endfacet
 facet normal -0.292874 -0.612524 0.734193
  outer loop
   vertex -0.540389 -0.236664 1.045302
   vertex -0.561113 -0.273835 1.006024
   vertex -0.516870 -0.257079 1.037652
  endloop
 endfacet
 facet normal -0.467476 -0.320645 0.823804
  outer loop
   vertex -0.516870 -0.257079 1.037652
   vertex -0.561113 -0.273835 1.006024
   vertex -0.512319 -0.284034 1.029743
  endloop
 endfacet
 facet normal -0.217624 -0.552274 0.804756
  outer loop
   vertex -0.516870 -0.257079 1.037652
   vertex -0.516815 -0.196124 1.079498
   vertex -0.540389 -0.236664 1.045302
  endloop
 endfacet
 facet normal 0.083253 -0.796510 0.598867
  outer loop
   vertex -0.576844 -0.193149 1.091800
   vertex -0.569795 -0.226213 1.046844
   vertex -0.516815 -0.196124 1.079498
  endloop
 endfacet
 facet normal -0.163772 -0.578683 0.798940
  outer loop
   vertex -0.516815 -0.196124 1.079498
   vertex -0.569795 -0.226213 1.046844
   vertex -0.540389 -0.236664 1.045302
  endloop
 endfacet
 facet normal 0.189618 -0.761698 0.619565
  outer loop
   vertex -0.506588 -0.155520 1.126287
   vertex -0.556115 -0.164555 1.130337
   vertex -0.516815 -0.196124 1.079498
  endloop
 endfacet
 facet normal 0.075688 -0.819826 0.567589
  outer loop
   vertex -0.516815 -0.196124 1.079498
   vertex -0.556115 -0.164555 1.130337
   vertex -0.576844 -0.193149 1.091800
  endloop
 endfacet
 facet normal 0.100907 -0.483273 0.869635
  outer loop
   vertex -0.583023 -0.108995 1.164335
   vertex -0.556115 -0.164555 1.130337
   vertex -0.523863 -0.107961 1.158045
  endloop
 endfacet
 facet normal 0.161688 -0.506733 0.846805
  outer loop
   vertex -0.523863 -0.107961 1.158045
   vertex -0.556115 -0.164555 1.130337
   vertex -0.506588 -0.155520 1.126287
  endloop
 endfacet
 facet normal 0.192625 -0.497076 0.846056
  outer loop
   vertex -0.502282 -0.054980 1.184259
   vertex -0.561626 -0.047789 1.201995
   vertex -0.523863 -0.107961 1.158045
  endloop
 endfacet
 facet normal 0.097998 -0.546149 0.831936
  outer loop
   vertex -0.523863 -0.107961 1.158045
   vertex -0.561626 -0.047789 1.201995
   vertex -0.583023 -0.108995 1.164335
  endloop
 endfacet
 facet normal 0.175641 -0.555353 0.812855
  outer loop
   vertex -0.511800 -0.007340 1.218864
   vertex -0.561626 -0.047789 1.201995
   vertex -0.502282 -0.054980 1.184259
  endloop
 endfacet
 facet normal 0.037659 -0.151959 0.987669
  outer loop
   vertex -0.569702 0.053497 1.241387
   vertex -0.559618 0.004734 1.233500
   vertex -0.507525 0.050454 1.238548
  endloop
 endfacet
 facet normal 0.199408 -0.329113 0.922996
  outer loop
   vertex -0.507525 0.050454 1.238548
   vertex -0.559618 0.004734 1.233500
   vertex -0.511800 -0.007340 1.218864
  endloop
 endfacet
 facet normal 0.056160 0.005887 0.998404
  outer loop
   vertex -0.569513 0.102907 1.241085
   vertex -0.569702 0.053497 1.241387
   vertex -0.516319 0.107297 1.238067
  endloop
 endfacet
 facet normal 0.046370 0.015626 0.998802
  outer loop
   vertex -0.516319 0.107297 1.238067
   vertex -0.569702 0.053497 1.241387
   vertex -0.507525 0.050454 1.238548
  endloop
 endfacet
 facet normal 0.020184 -0.098311 0.994951
  outer loop
   vertex -0.565831 0.159477 1.246600
   vertex -0.569513 0.102907 1.241085
   vertex -0.515451 0.161046 1.245733
  endloop
 endfacet
 facet normal 0.067744 -0.141945 0.987554
  outer loop
   vertex -0.515451 0.161046 1.245733
   vertex -0.569513 0.102907 1.241085
   vertex -0.516319 0.107297 1.238067
  endloop
 endfacet
 facet normal 0.131423 -0.076400 0.988378
  outer loop
   vertex -0.566777 0.215224 1.251035
   vertex -0.565831 0.159477 1.246600
   vertex -0.515884 0.210827 1.243928
  endloop
 endfacet
 facet normal 0.016063 0.036371 0.999209
  outer loop
   vertex -0.515884 0.210827 1.243928
   vertex -0.565831 0.159477 1.246600
   vertex -0.515451 0.161046 1.245733
  endloop
 endfacet
 facet normal -0.769500 0.638339 0.019840
  outer loop
   vertex -0.490466 0.386966 1.262308
   vertex -0.494178 0.381396 1.297548
   vertex -0.467351 0.414902 1.260008
  endloop
 endfacet
 facet normal -0.775548 0.631222 0.009167
  outer loop
   vertex -0.467351 0.414902 1.260008
   vertex -0.494178 0.381396 1.297548
   vertex -0.461021 0.421872 1.315600
  endloop
 endfacet
 facet normal -0.770890 0.636951 -0.004652
  outer loop
   vertex -0.464035 0.418483 1.200816
   vertex -0.489083 0.388323 1.222060
   vertex -0.467351 0.414902 1.260008
  endloop
 endfacet
 facet normal -0.770647 0.637243 -0.004996
  outer loop
   vertex -0.467351 0.414902 1.260008
   vertex -0.489083 0.388323 1.222060
   vertex -0.490466 0.386966 1.262308
  endloop
 endfacet
 facet normal -0.754034 0.656694 -0.013626
  outer loop
   vertex -0.463434 0.418025 1.145486
   vertex -0.489420 0.388636 1.167118
   vertex -0.464035 0.418483 1.200816
  endloop
 endfacet
 facet normal -0.766362 0.642355 0.008360
  outer loop
   vertex -0.464035 0.418483 1.200816
   vertex -0.489420 0.388636 1.167118
   vertex -0.489083 0.388323 1.222060
  endloop
 endfacet
 facet normal -0.756592 0.653699 0.015670
  outer loop
   vertex -0.464067 0.418597 1.091061
   vertex -0.489473 0.388680 1.112424
   vertex -0.463434 0.418025 1.145486
  endloop
 endfacet
 facet normal -0.748687 0.662922 0.001259
  outer loop
   vertex -0.463434 0.418025 1.145486
   vertex -0.489473 0.388680 1.112424
   vertex -0.489420 0.388636 1.167118
  endloop
 endfacet
 facet normal -0.762203 0.647338 0.000000
  outer loop
   vertex -0.464067 0.418597 1.036452
   vertex -0.489467 0.388690 1.057804
   vertex -0.464067 0.418597 1.091061
  endloop
 endfacet
 facet normal -0.762222 0.647316 0.000035
  outer loop
   vertex -0.464067 0.418597 1.091061
   vertex -0.489467 0.388690 1.057804
   vertex -0.489473 0.388680 1.112424
  endloop
 endfacet
 facet normal -0.762203 0.647338 0.000000
  outer loop
   vertex -0.464067 0.418597 0.981844
   vertex -0.489467 0.388690 1.003196
   vertex -0.464067 0.418597 1.036452
  endloop
 endfacet
 facet normal -0.762203 0.647338 0.000000
  outer loop
   vertex -0.464067 0.418597 1.036452
   vertex -0.489467 0.388690 1.003196
   vertex -0.489467 0.388690 1.057804
  endloop
 endfacet
 facet normal -0.762203 0.647338 0.000000
  outer loop
   vertex -0.464067 0.418597 0.927236
   vertex -0.489467 0.388690 0.948587
   vertex -0.464067 0.418597 0.981844
  endloop
 endfacet
 facet normal -0.762203 0.647338 0.000000
  outer loop
   vertex -0.464067 0.418597 0.981844
   vertex -0.489467 0.388690 0.948587
   vertex -0.489467 0.388690 1.003196
  endloop
 endfacet
 facet normal -0.762203 0.647338 0.000000
  outer loop
   vertex -0.464067 0.418597 0.872626
   vertex -0.489467 0.388690 0.893979
   vertex -0.464067 0.418597 0.927236
  endloop
 endfacet
 facet normal -0.762203 0.647338 0.000000
  outer loop
   vertex -0.464067 0.418597 0.927236
   vertex -0.489467 0.388690 0.893979
   vertex -0.489467 0.388690 0.948587
  endloop
 endfacet
 facet normal -0.762203 0.647338 0.000000
  outer loop
   vertex -0.464067 0.418597 0.818018
   vertex -0.489467 0.388690 0.839370
   vertex -0.464067 0.418597 0.872626
  endloop
 endfacet
 facet normal -0.762203 0.647338 0.000000
  outer loop
   vertex -0.464067 0.418597 0.872626
   vertex -0.489467 0.388690 0.839370
   vertex -0.489467 0.388690 0.893979
  endloop
 endfacet
 facet normal -0.762203 0.647338 0.000000
  outer loop
   vertex -0.464067 0.418597 0.763410
   vertex -0.489467 0.388690 0.784761
   vertex -0.464067 0.418597 0.818018
  endloop
 endfacet
 facet normal -0.762203 0.647338 0.000000
  outer loop
   vertex -0.464067 0.418597 0.818018
   vertex -0.489467 0.388690 0.784761
   vertex -0.489467 0.388690 0.839370
  endloop
 endfacet
 facet normal -0.762203 0.647338 0.000000
  outer loop
   vertex -0.464067 0.418597 0.708801
   vertex -0.489467 0.388690 0.730153
   vertex -0.464067 0.418597 0.763410
  endloop
 endfacet
 facet normal -0.762203 0.647338 0.000000
  outer loop
   vertex -0.464067 0.418597 0.763410
   vertex -0.489467 0.388690 0.730153
   vertex -0.489467 0.388690 0.784761
  endloop
 endfacet
 facet normal -0.762203 0.647338 0.000000
  outer loop
   vertex -0.464067 0.418597 0.654193
   vertex -0.489467 0.388690 0.675545
   vertex -0.464067 0.418597 0.708801
  endloop
 endfacet
 facet normal -0.762203 0.647338 0.000000
  outer loop
   vertex -0.464067 0.418597 0.708801
   vertex -0.489467 0.388690 0.675545
   vertex -0.489467 0.388690 0.730153
  endloop
 endfacet
 facet normal -0.762203 0.647338 0.000000
  outer loop
   vertex -0.464067 0.418597 0.599585
   vertex -0.489467 0.388690 0.620936
   vertex -0.464067 0.418597 0.654193
  endloop
 endfacet
 facet normal -0.762203 0.647338 0.000000
  outer loop
   vertex -0.464067 0.418597 0.654193
   vertex -0.489467 0.388690 0.620936
   vertex -0.489467 0.388690 0.675545
  endloop
 endfacet
 facet normal -0.762203 0.647338 0.000000
  outer loop
   vertex -0.464067 0.418597 0.544976
   vertex -0.489467 0.388690 0.566328
   vertex -0.464067 0.418597 0.599585
  endloop
 endfacet
 facet normal -0.762203 0.647338 0.000000
  outer loop
   vertex -0.464067 0.418597 0.599585
   vertex -0.489467 0.388690 0.566328
   vertex -0.489467 0.388690 0.620936
  endloop
 endfacet
 facet normal -0.762203 0.647338 0.000000
  outer loop
   vertex -0.464067 0.418597 0.490368
   vertex -0.489467 0.388690 0.511720
   vertex -0.464067 0.418597 0.544976
  endloop
 endfacet
 facet normal -0.762203 0.647338 0.000000
  outer loop
   vertex -0.464067 0.418597 0.544976
   vertex -0.489467 0.388690 0.511720
   vertex -0.489467 0.388690 0.566328
  endloop
 endfacet
 facet normal -0.762203 0.647338 0.000000
  outer loop
   vertex -0.464067 0.418597 0.435759
   vertex -0.489467 0.388690 0.457111
   vertex -0.464067 0.418597 0.490368
  endloop
 endfacet
 facet normal -0.762203 0.647338 0.000000
  outer loop
   vertex -0.464067 0.418597 0.490368
   vertex -0.489467 0.388690 0.457111
   vertex -0.489467 0.388690 0.511720
  endloop
 endfacet
 facet normal -0.762203 0.647338 0.000000
  outer loop
   vertex -0.464067 0.418597 0.381150
   vertex -0.489467 0.388690 0.402502
   vertex -0.464067 0.418597 0.435759
  endloop
 endfacet
 facet normal -0.762203 0.647338 0.000000
  outer loop
   vertex -0.464067 0.418597 0.435759
   vertex -0.489467 0.388690 0.402502
   vertex -0.489467 0.388690 0.457111
  endloop
 endfacet
 facet normal -0.762203 0.647338 0.000000
  outer loop
   vertex -0.464067 0.418597 0.326542
   vertex -0.489467 0.388690 0.347894
   vertex -0.464067 0.418597 0.381150
  endloop
 endfacet
 facet normal -0.762203 0.647338 0.000000
  outer loop
   vertex -0.464067 0.418597 0.381150
   vertex -0.489467 0.388690 0.347894
   vertex -0.489467 0.388690 0.402502
  endloop
 endfacet
 facet normal -0.762219 0.647319 0.000013
  outer loop
   vertex -0.464079 0.418584 0.271955
   vertex -0.489468 0.388688 0.293288
   vertex -0.464067 0.418597 0.326542
  endloop
 endfacet
 facet normal -0.762206 0.647334 -0.000010
  outer loop
   vertex -0.464067 0.418597 0.326542
   vertex -0.489468 0.388688 0.293288
   vertex -0.489467 0.388690 0.347894
  endloop
 endfacet
 facet normal -0.762240 0.647295 -0.000047
  outer loop
   vertex -0.464079 0.418584 0.271955
   vertex -0.489570 0.388564 0.238834
   vertex -0.489468 0.388688 0.293288
  endloop
 endfacet
 facet normal -0.833570 0.552413 0.000262
  outer loop
   vertex -0.510981 0.359798 0.218018
   vertex -0.531924 0.328186 0.238755
   vertex -0.510646 0.360278 0.271897
  endloop
 endfacet
 facet normal -0.873888 0.380385 -0.302699
  outer loop
   vertex -0.529374 0.332035 0.236230
   vertex -0.531924 0.328186 0.238755
   vertex -0.510981 0.359798 0.218018
  endloop
 endfacet
 facet normal -0.833427 0.552629 -0.000039
  outer loop
   vertex -0.510646 0.360278 0.271897
   vertex -0.531924 0.328186 0.238755
   vertex -0.531847 0.328306 0.293233
  endloop
 endfacet
 facet normal -0.833415 0.552648 0.000001
  outer loop
   vertex -0.510646 0.360278 0.271897
   vertex -0.531847 0.328306 0.293233
   vertex -0.510636 0.360293 0.326488
  endloop
 endfacet
 facet normal -0.833407 0.552659 -0.000015
  outer loop
   vertex -0.510636 0.360293 0.326488
   vertex -0.531847 0.328306 0.293233
   vertex -0.531846 0.328309 0.347839
  endloop
 endfacet
 facet normal -0.833403 0.552666 0.000000
  outer loop
   vertex -0.510636 0.360293 0.326488
   vertex -0.531846 0.328309 0.347839
   vertex -0.510636 0.360293 0.381096
  endloop
 endfacet
 facet normal -0.833403 0.552666 0.000000
  outer loop
   vertex -0.510636 0.360293 0.381096
   vertex -0.531846 0.328309 0.347839
   vertex -0.531846 0.328309 0.402448
  endloop
 endfacet
 facet normal -0.833403 0.552666 0.000000
  outer loop
   vertex -0.510636 0.360293 0.381096
   vertex -0.531846 0.328309 0.402448
   vertex -0.510636 0.360293 0.435704
  endloop
 endfacet
 facet normal -0.833403 0.552666 0.000000
  outer loop
   vertex -0.510636 0.360293 0.435704
   vertex -0.531846 0.328309 0.402448
   vertex -0.531846 0.328309 0.457056
  endloop
 endfacet
 facet normal -0.833403 0.552666 0.000000
  outer loop
   vertex -0.510636 0.360293 0.435704
   vertex -0.531846 0.328309 0.457056
   vertex -0.510636 0.360293 0.490313
  endloop
 endfacet
 facet normal -0.833403 0.552666 0.000000
  outer loop
   vertex -0.510636 0.360293 0.490313
   vertex -0.531846 0.328309 0.457056
   vertex -0.531846 0.328309 0.511665
  endloop
 endfacet
 facet normal -0.833403 0.552666 0.000000
  outer loop
   vertex -0.510636 0.360293 0.490313
   vertex -0.531846 0.328309 0.511665
   vertex -0.510636 0.360293 0.544922
  endloop
 endfacet
 facet normal -0.833403 0.552666 0.000000
  outer loop
   vertex -0.510636 0.360293 0.544922
   vertex -0.531846 0.328309 0.511665
   vertex -0.531846 0.328309 0.566273
  endloop
 endfacet
 facet normal -0.833403 0.552666 0.000000
  outer loop
   vertex -0.510636 0.360293 0.544922
   vertex -0.531846 0.328309 0.566273
   vertex -0.510636 0.360293 0.599530
  endloop
 endfacet
 facet normal -0.833403 0.552666 0.000000
  outer loop
   vertex -0.510636 0.360293 0.599530
   vertex -0.531846 0.328309 0.566273
   vertex -0.531846 0.328309 0.620882
  endloop
 endfacet
 facet normal -0.833403 0.552666 0.000000
  outer loop
   vertex -0.510636 0.360293 0.599530
   vertex -0.531846 0.328309 0.620882
   vertex -0.510636 0.360293 0.654139
  endloop
 endfacet
 facet normal -0.833403 0.552666 0.000000
  outer loop
   vertex -0.510636 0.360293 0.654139
   vertex -0.531846 0.328309 0.620882
   vertex -0.531846 0.328309 0.675490
  endloop
 endfacet
 facet normal -0.833403 0.552666 0.000000
  outer loop
   vertex -0.510636 0.360293 0.654139
   vertex -0.531846 0.328309 0.675490
   vertex -0.510636 0.360293 0.708747
  endloop
 endfacet
 facet normal -0.833403 0.552666 0.000000
  outer loop
   vertex -0.510636 0.360293 0.708747
   vertex -0.531846 0.328309 0.675490
   vertex -0.531846 0.328309 0.730099
  endloop
 endfacet
 facet normal -0.833403 0.552666 0.000000
  outer loop
   vertex -0.510636 0.360293 0.708747
   vertex -0.531846 0.328309 0.730099
   vertex -0.510636 0.360293 0.763355
  endloop
 endfacet
 facet normal -0.833403 0.552666 0.000000
  outer loop
   vertex -0.510636 0.360293 0.763355
   vertex -0.531846 0.328309 0.730099
   vertex -0.531846 0.328309 0.784707
  endloop
 endfacet
 facet normal -0.833403 0.552666 0.000000
  outer loop
   vertex -0.510636 0.360293 0.763355
   vertex -0.531846 0.328309 0.784707
   vertex -0.510636 0.360293 0.817964
  endloop
 endfacet
 facet normal -0.833403 0.552666 0.000000
  outer loop
   vertex -0.510636 0.360293 0.817964
   vertex -0.531846 0.328309 0.784707
   vertex -0.531846 0.328309 0.839315
  endloop
 endfacet
 facet normal -0.833403 0.552666 0.000000
  outer loop
   vertex -0.510636 0.360293 0.817964
   vertex -0.531846 0.328309 0.839315
   vertex -0.510636 0.360293 0.872572
  endloop
 endfacet
 facet normal -0.833403 0.552666 0.000000
  outer loop
   vertex -0.510636 0.360293 0.872572
   vertex -0.531846 0.328309 0.839315
   vertex -0.531846 0.328309 0.893924
  endloop
 endfacet
 facet normal -0.833403 0.552666 0.000000
  outer loop
   vertex -0.510636 0.360293 0.872572
   vertex -0.531846 0.328309 0.893924
   vertex -0.510636 0.360293 0.927180
  endloop
 endfacet
 facet normal -0.833403 0.552666 0.000000
  outer loop
   vertex -0.510636 0.360293 0.927180
   vertex -0.531846 0.328309 0.893924
   vertex -0.531846 0.328309 0.948532
  endloop
 endfacet
 facet normal -0.833403 0.552666 0.000000
  outer loop
   vertex -0.510636 0.360293 0.927180
   vertex -0.531846 0.328309 0.948532
   vertex -0.510636 0.360293 0.981790
  endloop
 endfacet
 facet normal -0.833403 0.552666 0.000000
  outer loop
   vertex -0.510636 0.360293 0.981790
   vertex -0.531846 0.328309 0.948532
   vertex -0.531846 0.328309 1.003141
  endloop
 endfacet
 facet normal -0.833147 0.553052 0.000831
  outer loop
   vertex -0.510636 0.360293 0.981790
   vertex -0.531846 0.328309 1.003141
   vertex -0.510599 0.360267 1.036121
  endloop
 endfacet
 facet normal -0.833323 0.552784 0.001204
  outer loop
   vertex -0.510599 0.360267 1.036121
   vertex -0.531846 0.328309 1.003141
   vertex -0.531309 0.329000 1.057543
  endloop
 endfacet
 facet normal -0.831250 0.555845 0.007676
  outer loop
   vertex -0.510599 0.360267 1.036121
   vertex -0.531309 0.329000 1.057543
   vertex -0.510332 0.359911 1.090817
  endloop
 endfacet
 facet normal -0.828907 0.559380 0.002915
  outer loop
   vertex -0.510332 0.359911 1.090817
   vertex -0.531309 0.329000 1.057543
   vertex -0.531184 0.328899 1.112459
  endloop
 endfacet
 facet normal -0.832021 0.554702 -0.006788
  outer loop
   vertex -0.510332 0.359911 1.090817
   vertex -0.531184 0.328899 1.112459
   vertex -0.510808 0.359874 1.146143
  endloop
 endfacet
 facet normal -0.836710 0.547641 0.002543
  outer loop
   vertex -0.510808 0.359874 1.146143
   vertex -0.531184 0.328899 1.112459
   vertex -0.531867 0.327601 1.167266
  endloop
 endfacet
 facet normal -0.837483 0.546463 -0.000028
  outer loop
   vertex -0.510808 0.359874 1.146143
   vertex -0.531867 0.327601 1.167266
   vertex -0.513234 0.356159 1.204845
  endloop
 endfacet
 facet normal -0.837038 0.547144 -0.000766
  outer loop
   vertex -0.513234 0.356159 1.204845
   vertex -0.531867 0.327601 1.167266
   vertex -0.533048 0.325852 1.208434
  endloop
 endfacet
 facet normal -0.836874 0.547391 0.002233
  outer loop
   vertex -0.533048 0.325852 1.208434
   vertex -0.536953 0.319744 1.242240
   vertex -0.513234 0.356159 1.204845
  endloop
 endfacet
 facet normal -0.836366 0.548161 0.003304
  outer loop
   vertex -0.513234 0.356159 1.204845
   vertex -0.536953 0.319744 1.242240
   vertex -0.508850 0.362536 1.256617
  endloop
 endfacet
 facet normal -0.689487 0.221078 0.689733
  outer loop
   vertex -0.508850 0.362536 1.256617
   vertex -0.536953 0.319744 1.242240
   vertex -0.515653 0.330780 1.259995
  endloop
 endfacet
 facet normal -0.699226 0.426589 0.573677
  outer loop
   vertex -0.536953 0.319744 1.242240
   vertex -0.562269 0.271738 1.247081
   vertex -0.515653 0.330780 1.259995
  endloop
 endfacet
 facet normal 0.074933 -0.269176 0.960172
  outer loop
   vertex -0.515653 0.330780 1.259995
   vertex -0.562269 0.271738 1.247081
   vertex -0.515978 0.265783 1.241799
  endloop
 endfacet
 facet normal -0.395239 0.195259 0.897586
  outer loop
   vertex -0.586755 0.214709 1.242350
   vertex -0.601254 0.167938 1.246140
   vertex -0.566777 0.215224 1.251035
  endloop
 endfacet
 facet normal -0.032000 -0.079803 0.996297
  outer loop
   vertex -0.566777 0.215224 1.251035
   vertex -0.601254 0.167938 1.246140
   vertex -0.565831 0.159477 1.246600
  endloop
 endfacet
 facet normal 0.120745 0.059695 0.990887
  outer loop
   vertex -0.562269 0.271738 1.247081
   vertex -0.566777 0.215224 1.251035
   vertex -0.515978 0.265783 1.241799
  endloop
 endfacet
 facet normal 0.141469 0.038563 0.989191
  outer loop
   vertex -0.515978 0.265783 1.241799
   vertex -0.566777 0.215224 1.251035
   vertex -0.515884 0.210827 1.243928
  endloop
 endfacet
 facet normal -0.896974 0.442082 -0.001217
  outer loop
   vertex -0.549852 0.296688 1.144360
   vertex -0.570526 0.254770 1.154932
   vertex -0.550417 0.295703 1.202970
  endloop
 endfacet
 facet normal -0.900698 0.434392 0.006894
  outer loop
   vertex -0.550417 0.295703 1.202970
   vertex -0.570526 0.254770 1.154932
   vertex -0.574162 0.246407 1.206847
  endloop
 endfacet
 facet normal -0.894620 0.446820 -0.002561
  outer loop
   vertex -0.549155 0.297768 1.089303
   vertex -0.569675 0.256747 1.100478
   vertex -0.549852 0.296688 1.144360
  endloop
 endfacet
 facet normal -0.896645 0.442746 0.002062
  outer loop
   vertex -0.549852 0.296688 1.144360
   vertex -0.569675 0.256747 1.100478
   vertex -0.570526 0.254770 1.154932
  endloop
 endfacet
 facet normal -0.895724 0.444584 0.004799
  outer loop
   vertex -0.549670 0.297317 1.034967
   vertex -0.569999 0.256243 1.045732
   vertex -0.549155 0.297768 1.089303
  endloop
 endfacet
 facet normal -0.894216 0.447635 0.001170
  outer loop
   vertex -0.549155 0.297768 1.089303
   vertex -0.569999 0.256243 1.045732
   vertex -0.569675 0.256747 1.100478
  endloop
 endfacet
 facet normal -0.896270 0.443509 0.000123
  outer loop
   vertex -0.549676 0.297320 0.980424
   vertex -0.570001 0.256243 0.991127
   vertex -0.549670 0.297317 1.034967
  endloop
 endfacet
 facet normal -0.896232 0.443586 0.000033
  outer loop
   vertex -0.549670 0.297317 1.034967
   vertex -0.570001 0.256243 0.991127
   vertex -0.569999 0.256243 1.045732
  endloop
 endfacet
 facet normal -0.896283 0.443483 0.000000
  outer loop
   vertex -0.549676 0.297320 0.925816
   vertex -0.570001 0.256243 0.936519
   vertex -0.549676 0.297320 0.980424
  endloop
 endfacet
 facet normal -0.896283 0.443483 0.000000
  outer loop
   vertex -0.549676 0.297320 0.980424
   vertex -0.570001 0.256243 0.936519
   vertex -0.570001 0.256243 0.991127
  endloop
 endfacet
 facet normal -0.896283 0.443483 0.000000
  outer loop
   vertex -0.549676 0.297320 0.871207
   vertex -0.570001 0.256243 0.881910
   vertex -0.549676 0.297320 0.925816
  endloop
 endfacet
 facet normal -0.896283 0.443483 0.000000
  outer loop
   vertex -0.549676 0.297320 0.925816
   vertex -0.570001 0.256243 0.881910
   vertex -0.570001 0.256243 0.936519
  endloop
 endfacet
 facet normal -0.896276 0.443497 -0.000017
  outer loop
   vertex -0.549675 0.297320 0.816599
   vertex -0.570001 0.256243 0.827302
   vertex -0.549676 0.297320 0.871207
  endloop
 endfacet
 facet normal -0.896283 0.443483 0.000000
  outer loop
   vertex -0.549676 0.297320 0.871207
   vertex -0.570001 0.256243 0.827302
   vertex -0.570001 0.256243 0.881910
  endloop
 endfacet
 facet normal -0.896274 0.443501 0.000000
  outer loop
   vertex -0.549675 0.297320 0.761991
   vertex -0.570001 0.256243 0.772693
   vertex -0.549675 0.297320 0.816599
  endloop
 endfacet
 facet normal -0.896274 0.443501 0.000000
  outer loop
   vertex -0.549675 0.297320 0.816599
   vertex -0.570001 0.256243 0.772693
   vertex -0.570001 0.256243 0.827302
  endloop
 endfacet
 facet normal -0.896274 0.443501 0.000000
  outer loop
   vertex -0.549675 0.297320 0.707382
   vertex -0.570001 0.256243 0.718084
   vertex -0.549675 0.297320 0.761991
  endloop
 endfacet
 facet normal -0.896274 0.443501 0.000000
  outer loop
   vertex -0.549675 0.297320 0.761991
   vertex -0.570001 0.256243 0.718084
   vertex -0.570001 0.256243 0.772693
  endloop
 endfacet
 facet normal -0.896274 0.443501 0.000000
  outer loop
   vertex -0.549675 0.297320 0.652773
   vertex -0.570001 0.256243 0.663476
   vertex -0.549675 0.297320 0.707382
  endloop
 endfacet
 facet normal -0.896274 0.443501 0.000000
  outer loop
   vertex -0.549675 0.297320 0.707382
   vertex -0.570001 0.256243 0.663476
   vertex -0.570001 0.256243 0.718084
  endloop
 endfacet
 facet normal -0.896274 0.443501 0.000000
  outer loop
   vertex -0.549675 0.297320 0.598165
   vertex -0.570001 0.256243 0.608868
   vertex -0.549675 0.297320 0.652773
  endloop
 endfacet
 facet normal -0.896274 0.443501 0.000000
  outer loop
   vertex -0.549675 0.297320 0.652773
   vertex -0.570001 0.256243 0.608868
   vertex -0.570001 0.256243 0.663476
  endloop
 endfacet
 facet normal -0.896274 0.443501 0.000000
  outer loop
   vertex -0.549675 0.297320 0.543556
   vertex -0.570001 0.256243 0.554259
   vertex -0.549675 0.297320 0.598165
  endloop
 endfacet
 facet normal -0.896274 0.443501 0.000000
  outer loop
   vertex -0.549675 0.297320 0.598165
   vertex -0.570001 0.256243 0.554259
   vertex -0.570001 0.256243 0.608868
  endloop
 endfacet
 facet normal -0.896274 0.443501 0.000000
  outer loop
   vertex -0.549675 0.297320 0.488948
   vertex -0.570001 0.256243 0.499651
   vertex -0.549675 0.297320 0.543556
  endloop
 endfacet
 facet normal -0.896274 0.443501 0.000000
  outer loop
   vertex -0.549675 0.297320 0.543556
   vertex -0.570001 0.256243 0.499651
   vertex -0.570001 0.256243 0.554259
  endloop
 endfacet
 facet normal -0.896274 0.443501 0.000000
  outer loop
   vertex -0.549675 0.297320 0.434340
   vertex -0.570001 0.256243 0.445043
   vertex -0.549675 0.297320 0.488948
  endloop
 endfacet
 facet normal -0.896274 0.443501 0.000000
  outer loop
   vertex -0.549675 0.297320 0.488948
   vertex -0.570001 0.256243 0.445043
   vertex -0.570001 0.256243 0.499651
  endloop
 endfacet
 facet normal -0.896274 0.443501 0.000000
  outer loop
   vertex -0.549675 0.297320 0.379731
   vertex -0.570001 0.256243 0.390433
   vertex -0.549675 0.297320 0.434340
  endloop
 endfacet
 facet normal -0.896274 0.443501 0.000000
  outer loop
   vertex -0.549675 0.297320 0.434340
   vertex -0.570001 0.256243 0.390433
   vertex -0.570001 0.256243 0.445043
  endloop
 endfacet
 facet normal -0.896274 0.443501 0.000000
  outer loop
   vertex -0.549675 0.297320 0.325123
   vertex -0.570001 0.256243 0.335825
   vertex -0.549675 0.297320 0.379731
  endloop
 endfacet
 facet normal -0.896274 0.443501 0.000000
  outer loop
   vertex -0.549675 0.297320 0.379731
   vertex -0.570001 0.256243 0.335825
   vertex -0.570001 0.256243 0.390433
  endloop
 endfacet
 facet normal -0.951089 0.308841 -0.006874
  outer loop
   vertex -0.591356 0.201070 0.150000
   vertex -0.586533 0.215943 0.150920
   vertex -0.586426 0.216252 0.150000
  endloop
 endfacet
 facet normal -0.627263 0.249052 -0.737912
  outer loop
   vertex -0.586533 0.215943 0.150920
   vertex -0.591356 0.201070 0.150000
   vertex -0.588437 0.210072 0.150557
  endloop
 endfacet
 facet normal 0.946539 -0.299571 -0.119670
  outer loop
   vertex -0.588297 0.210504 0.150583
   vertex -0.586533 0.215943 0.150920
   vertex -0.588437 0.210072 0.150557
  endloop
 endfacet
 facet normal -0.951097 0.308817 -0.006747
  outer loop
   vertex -0.591356 0.201070 0.150000
   vertex -0.601555 0.169659 0.150000
   vertex -0.588437 0.210072 0.150557
  endloop
 endfacet
 facet normal -0.951105 0.308784 -0.007193
  outer loop
   vertex -0.586533 0.215943 0.150920
   vertex -0.588517 0.209927 0.155000
   vertex -0.587008 0.214575 0.155000
  endloop
 endfacet
 facet normal -0.951072 0.308891 -0.007020
  outer loop
   vertex -0.588297 0.210504 0.150583
   vertex -0.588517 0.209927 0.155000
   vertex -0.586533 0.215943 0.150920
  endloop
 endfacet
 facet normal 0.990286 0.122725 0.065356
  outer loop
   vertex -0.588333 0.210410 0.151305
   vertex -0.588517 0.209927 0.155000
   vertex -0.588297 0.210504 0.150583
  endloop
 endfacet
 facet normal -0.772773 -0.458152 -0.439224
  outer loop
   vertex -0.576724 -0.211177 0.155000
   vertex -0.599792 -0.166439 0.148920
   vertex -0.566749 -0.214080 0.140478
  endloop
 endfacet
 facet normal -0.772695 -0.458133 -0.439382
  outer loop
   vertex -0.584561 -0.197959 0.155000
   vertex -0.599792 -0.166439 0.148920
   vertex -0.576724 -0.211177 0.155000
  endloop
 endfacet
 facet normal -0.772945 -0.458163 -0.438910
  outer loop
   vertex -0.588549 -0.191231 0.155000
   vertex -0.599792 -0.166439 0.148920
   vertex -0.584561 -0.197959 0.155000
  endloop
 endfacet
 facet normal -0.772803 -0.458161 -0.439163
  outer loop
   vertex -0.600035 -0.171857 0.155000
   vertex -0.599792 -0.166439 0.148920
   vertex -0.588549 -0.191231 0.155000
  endloop
 endfacet
 facet normal -0.772699 -0.458258 -0.439246
  outer loop
   vertex -0.600704 -0.169619 0.153842
   vertex -0.599792 -0.166439 0.148920
   vertex -0.600035 -0.171857 0.155000
  endloop
 endfacet
 facet normal -0.827380 -0.176973 -0.533031
  outer loop
   vertex -0.571638 -0.234949 0.155000
   vertex -0.560478 -0.264131 0.147366
   vertex -0.568944 -0.247544 0.155000
  endloop
 endfacet
 facet normal -0.827500 -0.177076 -0.532811
  outer loop
   vertex -0.573339 -0.227000 0.155000
   vertex -0.560478 -0.264131 0.147366
   vertex -0.571638 -0.234949 0.155000
  endloop
 endfacet
 facet normal -0.827402 -0.177006 -0.532987
  outer loop
   vertex -0.576724 -0.211177 0.155000
   vertex -0.560478 -0.264131 0.147366
   vertex -0.573339 -0.227000 0.155000
  endloop
 endfacet
 facet normal -0.827418 -0.177015 -0.532959
  outer loop
   vertex -0.566749 -0.214080 0.140478
   vertex -0.560478 -0.264131 0.147366
   vertex -0.576724 -0.211177 0.155000
  endloop
 endfacet
 facet normal -0.906956 -0.392246 -0.153539
  outer loop
   vertex -0.562189 -0.263163 0.155000
   vertex -0.568944 -0.247544 0.155000
   vertex -0.560478 -0.264131 0.147366
  endloop
 endfacet
 facet normal -0.753720 -0.314643 -0.576981
  outer loop
   vertex -0.520574 -0.284092 0.134097
   vertex -0.513415 -0.323593 0.146286
   vertex -0.526306 -0.293804 0.146881
  endloop
 endfacet
 facet normal -0.753744 -0.314652 -0.576944
  outer loop
   vertex -0.529946 -0.299971 0.155000
   vertex -0.513415 -0.323593 0.146286
   vertex -0.521066 -0.321243 0.155000
  endloop
 endfacet
 facet normal -0.753747 -0.314655 -0.576939
  outer loop
   vertex -0.526306 -0.293804 0.146881
   vertex -0.513415 -0.323593 0.146286
   vertex -0.529946 -0.299971 0.155000
  endloop
 endfacet
 facet normal -0.500907 -0.566122 -0.654674
  outer loop
   vertex -0.520574 -0.284092 0.134097
   vertex -0.526306 -0.293804 0.146881
   vertex -0.533253 -0.277749 0.138313
  endloop
 endfacet
 facet normal -0.500938 -0.566150 -0.654626
  outer loop
   vertex -0.532411 -0.297790 0.155000
   vertex -0.526306 -0.293804 0.146881
   vertex -0.529946 -0.299971 0.155000
  endloop
 endfacet
 facet normal -0.500940 -0.566149 -0.654626
  outer loop
   vertex -0.535962 -0.294648 0.155000
   vertex -0.526306 -0.293804 0.146881
   vertex -0.532411 -0.297790 0.155000
  endloop
 endfacet
 facet normal -0.500917 -0.566194 -0.654604
  outer loop
   vertex -0.554741 -0.278034 0.155000
   vertex -0.526306 -0.293804 0.146881
   vertex -0.535962 -0.294648 0.155000
  endloop
 endfacet
 facet normal -0.500907 -0.566155 -0.654646
  outer loop
   vertex -0.560478 -0.264131 0.147366
   vertex -0.526306 -0.293804 0.146881
   vertex -0.554741 -0.278034 0.155000
  endloop
 endfacet
 facet normal -0.500879 -0.566121 -0.654696
  outer loop
   vertex -0.533253 -0.277749 0.138313
   vertex -0.526306 -0.293804 0.146881
   vertex -0.560478 -0.264131 0.147366
  endloop
 endfacet
 facet normal -0.584665 -0.811275 0.000000
  outer loop
   vertex -0.394109 -0.484817 0.390434
   vertex -0.335414 -0.527117 0.393165
   vertex -0.394109 -0.484817 0.445043
  endloop
 endfacet
 facet normal -0.584665 -0.811275 -0.000000
  outer loop
   vertex -0.394109 -0.484817 0.445043
   vertex -0.335414 -0.527117 0.393165
   vertex -0.335414 -0.527117 0.447773
  endloop
 endfacet
 facet normal -0.676304 -0.736623 0.000000
  outer loop
   vertex -0.449503 -0.433959 0.378420
   vertex -0.394109 -0.484817 0.390434
   vertex -0.449503 -0.433959 0.433029
  endloop
 endfacet
 facet normal -0.676304 -0.736623 -0.000000
  outer loop
   vertex -0.449503 -0.433959 0.433029
   vertex -0.394109 -0.484817 0.390434
   vertex -0.394109 -0.484817 0.445043
  endloop
 endfacet
 facet normal -0.584665 -0.811275 0.000000
  outer loop
   vertex -0.394109 -0.484817 0.445043
   vertex -0.335414 -0.527117 0.447773
   vertex -0.394109 -0.484817 0.499651
  endloop
 endfacet
 facet normal -0.584665 -0.811275 -0.000000
  outer loop
   vertex -0.394109 -0.484817 0.499651
   vertex -0.335414 -0.527117 0.447773
   vertex -0.335414 -0.527117 0.502381
  endloop
 endfacet
 facet normal -0.676304 -0.736623 0.000000
  outer loop
   vertex -0.449503 -0.433959 0.433029
   vertex -0.394109 -0.484817 0.445043
   vertex -0.449503 -0.433959 0.487638
  endloop
 endfacet
 facet normal -0.676304 -0.736623 -0.000000
  outer loop
   vertex -0.449503 -0.433959 0.487638
   vertex -0.394109 -0.484817 0.445043
   vertex -0.394109 -0.484817 0.499651
  endloop
 endfacet
 facet normal -0.584665 -0.811275 0.000000
  outer loop
   vertex -0.394109 -0.484817 0.499651
   vertex -0.335414 -0.527117 0.502381
   vertex -0.394109 -0.484817 0.554259
  endloop
 endfacet
 facet normal -0.584665 -0.811275 -0.000000
  outer loop
   vertex -0.394109 -0.484817 0.554259
   vertex -0.335414 -0.527117 0.502381
   vertex -0.335414 -0.527117 0.556990
  endloop
 endfacet
 facet normal -0.676304 -0.736623 0.000000
  outer loop
   vertex -0.449503 -0.433959 0.487638
   vertex -0.394109 -0.484817 0.499651
   vertex -0.449503 -0.433959 0.542246
  endloop
 endfacet
 facet normal -0.676304 -0.736623 -0.000000
  outer loop
   vertex -0.449503 -0.433959 0.542246
   vertex -0.394109 -0.484817 0.499651
   vertex -0.394109 -0.484817 0.554259
  endloop
 endfacet
 facet normal -0.584665 -0.811275 0.000000
  outer loop
   vertex -0.394109 -0.484817 0.554259
   vertex -0.335414 -0.527117 0.556990
   vertex -0.394109 -0.484817 0.608868
  endloop
 endfacet
 facet normal -0.584665 -0.811275 -0.000000
  outer loop
   vertex -0.394109 -0.484817 0.608868
   vertex -0.335414 -0.527117 0.556990
   vertex -0.335414 -0.527117 0.611598
  endloop
 endfacet
 facet normal -0.676304 -0.736623 0.000000
  outer loop
   vertex -0.449503 -0.433959 0.542246
   vertex -0.394109 -0.484817 0.554259
   vertex -0.449503 -0.433959 0.596854
  endloop
 endfacet
 facet normal -0.676304 -0.736623 -0.000000
  outer loop
   vertex -0.449503 -0.433959 0.596854
   vertex -0.394109 -0.484817 0.554259
   vertex -0.394109 -0.484817 0.608868
  endloop
 endfacet
 facet normal -0.584665 -0.811275 0.000000
  outer loop
   vertex -0.394109 -0.484817 0.608868
   vertex -0.335414 -0.527117 0.611598
   vertex -0.394109 -0.484817 0.663476
  endloop
 endfacet
 facet normal -0.584665 -0.811275 -0.000000
  outer loop
   vertex -0.394109 -0.484817 0.663476
   vertex -0.335414 -0.527117 0.611598
   vertex -0.335414 -0.527117 0.666207
  endloop
 endfacet
 facet normal -0.676304 -0.736623 0.000000
  outer loop
   vertex -0.449503 -0.433959 0.596854
   vertex -0.394109 -0.484817 0.608868
   vertex -0.449503 -0.433959 0.651463
  endloop
 endfacet
 facet normal -0.676304 -0.736623 -0.000000
  outer loop
   vertex -0.449503 -0.433959 0.651463
   vertex -0.394109 -0.484817 0.608868
   vertex -0.394109 -0.484817 0.663476
  endloop
 endfacet
 facet normal -0.584665 -0.811275 0.000000
  outer loop
   vertex -0.394109 -0.484817 0.663476
   vertex -0.335414 -0.527117 0.666207
   vertex -0.394109 -0.484817 0.718085
  endloop
 endfacet
 facet normal -0.584665 -0.811275 -0.000000
  outer loop
   vertex -0.394109 -0.484817 0.718085
   vertex -0.335414 -0.527117 0.666207
   vertex -0.335414 -0.527117 0.720816
  endloop
 endfacet
 facet normal -0.676304 -0.736623 0.000000
  outer loop
   vertex -0.449503 -0.433959 0.651463
   vertex -0.394109 -0.484817 0.663476
   vertex -0.449503 -0.433959 0.706071
  endloop
 endfacet
 facet normal -0.676304 -0.736623 -0.000000
  outer loop
   vertex -0.449503 -0.433959 0.706071
   vertex -0.394109 -0.484817 0.663476
   vertex -0.394109 -0.484817 0.718085
  endloop
 endfacet
 facet normal -0.584665 -0.811275 0.000000
  outer loop
   vertex -0.394109 -0.484817 0.718085
   vertex -0.335414 -0.527117 0.720816
   vertex -0.394109 -0.484817 0.772694
  endloop
 endfacet
 facet normal -0.584665 -0.811275 -0.000000
  outer loop
   vertex -0.394109 -0.484817 0.772694
   vertex -0.335414 -0.527117 0.720816
   vertex -0.335414 -0.527117 0.775424
  endloop
 endfacet
 facet normal -0.676304 -0.736623 0.000000
  outer loop
   vertex -0.449503 -0.433959 0.706071
   vertex -0.394109 -0.484817 0.718085
   vertex -0.449503 -0.433959 0.760679
  endloop
 endfacet
 facet normal -0.676304 -0.736623 -0.000000
  outer loop
   vertex -0.449503 -0.433959 0.760679
   vertex -0.394109 -0.484817 0.718085
   vertex -0.394109 -0.484817 0.772694
  endloop
 endfacet
 facet normal -0.584666 -0.811274 0.000024
  outer loop
   vertex -0.394109 -0.484817 0.772694
   vertex -0.335414 -0.527117 0.775424
   vertex -0.394122 -0.484806 0.827316
  endloop
 endfacet
 facet normal -0.584689 -0.811257 -0.000016
  outer loop
   vertex -0.394122 -0.484806 0.827316
   vertex -0.335414 -0.527117 0.775424
   vertex -0.335421 -0.527113 0.830039
  endloop
 endfacet
 facet normal -0.676292 -0.736633 -0.000097
  outer loop
   vertex -0.449503 -0.433959 0.760679
   vertex -0.394109 -0.484817 0.772694
   vertex -0.449415 -0.434047 0.815244
  endloop
 endfacet
 facet normal -0.676257 -0.736666 -0.000013
  outer loop
   vertex -0.449415 -0.434047 0.815244
   vertex -0.394109 -0.484817 0.772694
   vertex -0.394122 -0.484806 0.827316
  endloop
 endfacet
 facet normal -0.584704 -0.811247 0.000462
  outer loop
   vertex -0.394122 -0.484806 0.827316
   vertex -0.335421 -0.527113 0.830039
   vertex -0.394431 -0.484552 0.882270
  endloop
 endfacet
 facet normal -0.583652 -0.812001 0.002265
  outer loop
   vertex -0.394431 -0.484552 0.882270
   vertex -0.335421 -0.527113 0.830039
   vertex -0.335159 -0.527149 0.884638
  endloop
 endfacet
 facet normal -0.676391 -0.736542 0.001121
  outer loop
   vertex -0.449415 -0.434047 0.815244
   vertex -0.394122 -0.484806 0.827316
   vertex -0.449694 -0.433707 0.870296
  endloop
 endfacet
 facet normal -0.677031 -0.735955 -0.000405
  outer loop
   vertex -0.449694 -0.433707 0.870296
   vertex -0.394122 -0.484806 0.827316
   vertex -0.394431 -0.484552 0.882270
  endloop
 endfacet
 facet normal -0.583748 -0.811910 0.006317
  outer loop
   vertex -0.394431 -0.484552 0.882270
   vertex -0.335159 -0.527149 0.884638
   vertex -0.393792 -0.484588 0.936690
  endloop
 endfacet
 facet normal -0.587262 -0.809397 0.000303
  outer loop
   vertex -0.393792 -0.484588 0.936690
   vertex -0.335159 -0.527149 0.884638
   vertex -0.334887 -0.527326 0.939020
  endloop
 endfacet
 facet normal -0.678605 -0.734378 0.013553
  outer loop
   vertex -0.449694 -0.433707 0.870296
   vertex -0.394431 -0.484552 0.882270
   vertex -0.454305 -0.428332 0.930668
  endloop
 endfacet
 facet normal -0.681258 -0.732005 0.007515
  outer loop
   vertex -0.454305 -0.428332 0.930668
   vertex -0.394431 -0.484552 0.882270
   vertex -0.393792 -0.484588 0.936690
  endloop
 endfacet
 facet normal -0.586970 -0.809549 -0.009888
  outer loop
   vertex -0.393792 -0.484588 0.936690
   vertex -0.334887 -0.527326 0.939020
   vertex -0.389344 -0.488431 0.987283
  endloop
 endfacet
 facet normal -0.580363 -0.814357 0.001441
  outer loop
   vertex -0.389344 -0.488431 0.987283
   vertex -0.334887 -0.527326 0.939020
   vertex -0.333824 -0.527989 0.992449
  endloop
 endfacet
 facet normal -0.680063 -0.733021 -0.013979
  outer loop
   vertex -0.454305 -0.428332 0.930668
   vertex -0.393792 -0.484588 0.936690
   vertex -0.444061 -0.438824 0.982483
  endloop
 endfacet
 facet normal -0.671798 -0.740729 0.002797
  outer loop
   vertex -0.444061 -0.438824 0.982483
   vertex -0.393792 -0.484588 0.936690
   vertex -0.389344 -0.488431 0.987283
  endloop
 endfacet
 facet normal -0.579199 -0.815025 -0.016182
  outer loop
   vertex -0.389344 -0.488431 0.987283
   vertex -0.333824 -0.527989 0.992449
   vertex -0.375930 -0.498870 1.032930
  endloop
 endfacet
 facet normal -0.563737 -0.825918 0.007737
  outer loop
   vertex -0.375930 -0.498870 1.032930
   vertex -0.333824 -0.527989 0.992449
   vertex -0.327003 -0.532165 1.043656
  endloop
 endfacet
 facet normal -0.572992 -0.575562 0.583445
  outer loop
   vertex -0.389344 -0.488431 0.987283
   vertex -0.400362 -0.428374 1.035708
   vertex -0.444061 -0.438824 0.982483
  endloop
 endfacet
 facet normal -0.087422 0.267310 0.959637
  outer loop
   vertex -0.396008 -0.378848 1.022309
   vertex -0.450206 -0.376857 1.016817
   vertex -0.400362 -0.428374 1.035708
  endloop
 endfacet
 facet normal -0.662859 -0.412100 0.625134
  outer loop
   vertex -0.400362 -0.428374 1.035708
   vertex -0.450206 -0.376857 1.016817
   vertex -0.444061 -0.438824 0.982483
  endloop
 endfacet
 facet normal 0.014917 0.020235 0.999684
  outer loop
   vertex -0.450926 -0.323021 1.015738
   vertex -0.450206 -0.376857 1.016817
   vertex -0.402252 -0.331287 1.015179
  endloop
 endfacet
 facet normal -0.094963 0.135380 0.986232
  outer loop
   vertex -0.402252 -0.331287 1.015179
   vertex -0.450206 -0.376857 1.016817
   vertex -0.396008 -0.378848 1.022309
  endloop
 endfacet
 facet normal -0.084013 -0.374936 0.923236
  outer loop
   vertex -0.471354 -0.271284 1.034890
   vertex -0.450926 -0.323021 1.015738
   vertex -0.409111 -0.273222 1.039767
  endloop
 endfacet
 facet normal -0.056545 -0.394969 0.916953
  outer loop
   vertex -0.409111 -0.273222 1.039767
   vertex -0.450926 -0.323021 1.015738
   vertex -0.402252 -0.331287 1.015179
  endloop
 endfacet
 facet normal 0.099708 -0.317585 0.942973
  outer loop
   vertex -0.392177 -0.216859 1.056959
   vertex -0.445627 -0.214845 1.063289
   vertex -0.409111 -0.273222 1.039767
  endloop
 endfacet
 facet normal -0.083895 -0.417121 0.904971
  outer loop
   vertex -0.409111 -0.273222 1.039767
   vertex -0.445627 -0.214845 1.063289
   vertex -0.471354 -0.271284 1.034890
  endloop
 endfacet
 facet normal 0.933308 0.347172 -0.091694
  outer loop
   vertex -0.361312 -0.176102 1.070819
   vertex -0.346404 -0.222875 1.045468
   vertex -0.360238 -0.189682 1.030334
  endloop
 endfacet
 facet normal 0.908058 0.412239 0.074096
  outer loop
   vertex -0.346404 -0.222875 1.045468
   vertex -0.332734 -0.242868 0.989173
   vertex -0.360238 -0.189682 1.030334
  endloop
 endfacet
 facet normal 0.905075 0.420860 0.060964
  outer loop
   vertex -0.360238 -0.189682 1.030334
   vertex -0.332734 -0.242868 0.989173
   vertex -0.359712 -0.183387 0.979068
  endloop
 endfacet
 facet normal 0.908457 0.416969 0.029035
  outer loop
   vertex -0.359712 -0.183387 0.979068
   vertex -0.332734 -0.242868 0.989173
   vertex -0.355267 -0.189704 0.930708
  endloop
 endfacet
 facet normal 0.894519 0.443216 0.058273
  outer loop
   vertex -0.355267 -0.189704 0.930708
   vertex -0.332734 -0.242868 0.989173
   vertex -0.321675 -0.257403 0.929963
  endloop
 endfacet
 facet normal 0.893427 0.444061 -0.067812
  outer loop
   vertex -0.321675 -0.257403 0.929963
   vertex -0.330179 -0.246944 0.886412
   vertex -0.355267 -0.189704 0.930708
  endloop
 endfacet
 facet normal 0.888756 0.451365 -0.079895
  outer loop
   vertex -0.355267 -0.189704 0.930708
   vertex -0.330179 -0.246944 0.886412
   vertex -0.358805 -0.189789 0.890871
  endloop
 endfacet
 facet normal 0.104919 -0.640839 0.760472
  outer loop
   vertex -0.456650 -0.163255 1.108284
   vertex -0.445627 -0.214845 1.063289
   vertex -0.401981 -0.169583 1.095409
  endloop
 endfacet
 facet normal 0.069091 -0.620800 0.780918
  outer loop
   vertex -0.401981 -0.169583 1.095409
   vertex -0.445627 -0.214845 1.063289
   vertex -0.392177 -0.216859 1.056959
  endloop
 endfacet
 facet normal 0.137863 -0.614432 0.776832
  outer loop
   vertex -0.468564 -0.109521 1.152899
   vertex -0.456650 -0.163255 1.108284
   vertex -0.408097 -0.110348 1.141514
  endloop
 endfacet
 facet normal 0.116204 -0.602556 0.789571
  outer loop
   vertex -0.408097 -0.110348 1.141514
   vertex -0.456650 -0.163255 1.108284
   vertex -0.401981 -0.169583 1.095409
  endloop
 endfacet
 facet normal 0.033533 -0.619328 0.784416
  outer loop
   vertex -0.390247 -0.055721 1.183881
   vertex -0.445500 -0.057056 1.185189
   vertex -0.408097 -0.110348 1.141514
  endloop
 endfacet
 facet normal 0.145323 -0.564128 0.812798
  outer loop
   vertex -0.408097 -0.110348 1.141514
   vertex -0.445500 -0.057056 1.185189
   vertex -0.468564 -0.109521 1.152899
  endloop
 endfacet
 facet normal 0.188427 -0.542445 0.818687
  outer loop
   vertex -0.455398 -0.014228 1.215844
   vertex -0.445500 -0.057056 1.185189
   vertex -0.403819 -0.011111 1.206038
  endloop
 endfacet
 facet normal 0.031835 -0.436823 0.898984
  outer loop
   vertex -0.403819 -0.011111 1.206038
   vertex -0.445500 -0.057056 1.185189
   vertex -0.390247 -0.055721 1.183881
  endloop
 endfacet
 facet normal 0.102704 -0.222266 0.969562
  outer loop
   vertex -0.464417 0.021623 1.225018
   vertex -0.455398 -0.014228 1.215844
   vertex -0.414741 0.021392 1.219703
  endloop
 endfacet
 facet normal 0.195560 -0.323510 0.925796
  outer loop
   vertex -0.414741 0.021392 1.219703
   vertex -0.455398 -0.014228 1.215844
   vertex -0.403819 -0.011111 1.206038
  endloop
 endfacet
 facet normal 0.124023 -0.344155 0.930686
  outer loop
   vertex -0.286641 0.064848 1.224351
   vertex -0.337000 0.060235 1.229356
   vertex -0.308525 0.028245 1.213732
  endloop
 endfacet
 facet normal 0.056101 -0.397405 0.915927
  outer loop
   vertex -0.308525 0.028245 1.213732
   vertex -0.337000 0.060235 1.229356
   vertex -0.360799 0.024090 1.215131
  endloop
 endfacet
 facet normal 0.008412 -0.433169 0.901274
  outer loop
   vertex -0.392222 0.056387 1.236312
   vertex -0.445607 0.057976 1.237574
   vertex -0.414741 0.021392 1.219703
  endloop
 endfacet
 facet normal 0.097161 -0.369466 0.924151
  outer loop
   vertex -0.414741 0.021392 1.219703
   vertex -0.445607 0.057976 1.237574
   vertex -0.464417 0.021623 1.225018
  endloop
 endfacet
 facet normal -0.062916 0.039417 0.997240
  outer loop
   vertex -0.459226 0.090785 1.235418
   vertex -0.445607 0.057976 1.237574
   vertex -0.401867 0.109425 1.238300
  endloop
 endfacet
 facet normal 0.022627 -0.033336 0.999188
  outer loop
   vertex -0.401867 0.109425 1.238300
   vertex -0.445607 0.057976 1.237574
   vertex -0.392222 0.056387 1.236312
  endloop
 endfacet
 facet normal -0.050396 -0.170109 0.984136
  outer loop
   vertex -0.459956 0.155074 1.246493
   vertex -0.459226 0.090785 1.235418
   vertex -0.402660 0.161264 1.250497
  endloop
 endfacet
 facet normal 0.025387 -0.228590 0.973192
  outer loop
   vertex -0.402660 0.161264 1.250497
   vertex -0.459226 0.090785 1.235418
   vertex -0.401867 0.109425 1.238300
  endloop
 endfacet
 facet normal 0.039249 0.170999 0.984489
  outer loop
   vertex -0.460385 0.211087 1.236781
   vertex -0.459956 0.155074 1.246493
   vertex -0.401997 0.200224 1.236340
  endloop
 endfacet
 facet normal -0.102168 0.341271 0.934396
  outer loop
   vertex -0.401997 0.200224 1.236340
   vertex -0.459956 0.155074 1.246493
   vertex -0.402660 0.161264 1.250497
  endloop
 endfacet
 facet normal 0.113670 -0.146175 0.982707
  outer loop
   vertex -0.454555 0.275171 1.245639
   vertex -0.460385 0.211087 1.236781
   vertex -0.413151 0.279569 1.241504
  endloop
 endfacet
 facet normal -0.004668 -0.065597 0.997835
  outer loop
   vertex -0.413151 0.279569 1.241504
   vertex -0.460385 0.211087 1.236781
   vertex -0.401997 0.200224 1.236340
  endloop
 endfacet
 facet normal -0.070374 -0.387076 0.919358
  outer loop
   vertex -0.460295 0.331826 1.269053
   vertex -0.454555 0.275171 1.245639
   vertex -0.402601 0.324073 1.270205
  endloop
 endfacet
 facet normal 0.141016 -0.559955 0.816434
  outer loop
   vertex -0.402601 0.324073 1.270205
   vertex -0.454555 0.275171 1.245639
   vertex -0.413151 0.279569 1.241504
  endloop
 endfacet
 facet normal -0.205424 -0.690971 0.693080
  outer loop
   vertex -0.348648 0.362641 1.318921
   vertex -0.351083 0.315076 1.270779
   vertex -0.290628 0.340206 1.313751
  endloop
 endfacet
 facet normal -0.225435 -0.667559 0.709608
  outer loop
   vertex -0.453850 0.372099 1.308987
   vertex -0.460295 0.331826 1.269053
   vertex -0.404969 0.364910 1.317753
  endloop
 endfacet
 facet normal -0.114510 -0.756434 0.643968
  outer loop
   vertex -0.404969 0.364910 1.317753
   vertex -0.460295 0.331826 1.269053
   vertex -0.402601 0.324073 1.270205
  endloop
 endfacet
 facet normal -0.196920 -0.858774 0.473001
  outer loop
   vertex -0.400608 0.392568 1.369784
   vertex -0.446855 0.388704 1.343515
   vertex -0.404969 0.364910 1.317753
  endloop
 endfacet
 facet normal -0.209193 -0.864037 0.457907
  outer loop
   vertex -0.404969 0.364910 1.317753
   vertex -0.446855 0.388704 1.343515
   vertex -0.453850 0.372099 1.308987
  endloop
 endfacet
 facet normal -0.472882 -0.189814 0.860438
  outer loop
   vertex -0.446855 0.388704 1.343515
   vertex -0.400608 0.392568 1.369784
   vertex -0.441934 0.441294 1.357821
  endloop
 endfacet
 facet normal -0.579703 -0.306281 0.755073
  outer loop
   vertex -0.441934 0.441294 1.357821
   vertex -0.400608 0.392568 1.369784
   vertex -0.394226 0.438428 1.393286
  endloop
 endfacet
 facet normal -0.569173 0.243492 0.785336
  outer loop
   vertex -0.441934 0.441294 1.357821
   vertex -0.394226 0.438428 1.393286
   vertex -0.392358 0.486378 1.379773
  endloop
 endfacet
 facet normal -0.309692 0.334523 -0.890048
  outer loop
   vertex -0.400842 0.421602 0.128380
   vertex -0.448524 0.432415 0.149035
   vertex -0.395408 0.477576 0.147527
  endloop
 endfacet
 facet normal -0.642280 0.750231 -0.156940
  outer loop
   vertex -0.425636 0.453257 0.155000
   vertex -0.445723 0.435161 0.150701
   vertex -0.438500 0.442244 0.155000
  endloop
 endfacet
 facet normal -0.642365 0.750236 -0.156568
  outer loop
   vertex -0.418403 0.459450 0.155000
   vertex -0.445723 0.435161 0.150701
   vertex -0.425636 0.453257 0.155000
  endloop
 endfacet
 facet normal -0.642306 0.750223 -0.156871
  outer loop
   vertex -0.396192 0.478466 0.155000
   vertex -0.445723 0.435161 0.150701
   vertex -0.418403 0.459450 0.155000
  endloop
 endfacet
 facet normal -0.677462 0.732392 -0.068178
  outer loop
   vertex -0.446283 0.434612 0.150368
   vertex -0.448524 0.432415 0.149035
   vertex -0.448205 0.432835 0.150377
  endloop
 endfacet
 facet normal -0.677642 0.732262 -0.067774
  outer loop
   vertex -0.438500 0.442244 0.155000
   vertex -0.448205 0.432835 0.150377
   vertex -0.447107 0.434279 0.155000
  endloop
 endfacet
 facet normal -0.677417 0.732400 -0.068528
  outer loop
   vertex -0.445723 0.435161 0.150701
   vertex -0.448205 0.432835 0.150377
   vertex -0.438500 0.442244 0.155000
  endloop
 endfacet
 facet normal -0.677464 0.732394 -0.068127
  outer loop
   vertex -0.446283 0.434612 0.150368
   vertex -0.448205 0.432835 0.150377
   vertex -0.445723 0.435161 0.150701
  endloop
 endfacet
 facet normal -0.344691 0.318717 -0.882954
  outer loop
   vertex -0.424586 0.372738 0.120011
   vertex -0.457457 0.366285 0.130514
   vertex -0.400842 0.421602 0.128380
  endloop
 endfacet
 facet normal -0.322552 0.295429 -0.899268
  outer loop
   vertex -0.400842 0.421602 0.128380
   vertex -0.457457 0.366285 0.130514
   vertex -0.448524 0.432415 0.149035
  endloop
 endfacet
 facet normal -0.329741 0.312787 -0.890750
  outer loop
   vertex -0.400842 0.421602 0.128380
   vertex -0.394482 0.372140 0.108657
   vertex -0.424586 0.372738 0.120011
  endloop
 endfacet
 facet normal -0.377841 0.245525 -0.892723
  outer loop
   vertex -0.422692 0.256032 0.084578
   vertex -0.454727 0.268021 0.101434
   vertex -0.419982 0.295875 0.094389
  endloop
 endfacet
 facet normal -0.380390 0.249239 -0.890609
  outer loop
   vertex -0.419982 0.295875 0.094389
   vertex -0.454727 0.268021 0.101434
   vertex -0.437410 0.325581 0.110146
  endloop
 endfacet
 facet normal -0.321433 0.298104 -0.898785
  outer loop
   vertex -0.391805 0.322707 0.091304
   vertex -0.394482 0.372140 0.108657
   vertex -0.351662 0.366875 0.091597
  endloop
 endfacet
 facet normal -0.742516 0.662842 -0.096489
  outer loop
   vertex -0.463573 0.415598 0.149316
   vertex -0.449547 0.431458 0.150333
   vertex -0.448524 0.432415 0.149035
  endloop
 endfacet
 facet normal -0.412161 0.180520 -0.893048
  outer loop
   vertex -0.528633 0.203328 0.120721
   vertex -0.562542 0.210641 0.137849
   vertex -0.516199 0.256403 0.125711
  endloop
 endfacet
 facet normal -0.365176 0.245767 -0.897912
  outer loop
   vertex -0.437410 0.325581 0.110146
   vertex -0.454727 0.268021 0.101434
   vertex -0.477510 0.306720 0.121292
  endloop
 endfacet
 facet normal -0.388993 0.228892 -0.892352
  outer loop
   vertex -0.477510 0.306720 0.121292
   vertex -0.454727 0.268021 0.101434
   vertex -0.485350 0.264886 0.113979
  endloop
 endfacet
 facet normal -0.392759 0.209509 -0.895459
  outer loop
   vertex -0.422692 0.256032 0.084578
   vertex -0.448724 0.210355 0.085309
   vertex -0.454727 0.268021 0.101434
  endloop
 endfacet
 facet normal -0.416681 0.181366 -0.890777
  outer loop
   vertex -0.516199 0.256403 0.125711
   vertex -0.492976 0.221080 0.107656
   vertex -0.528633 0.203328 0.120721
  endloop
 endfacet
 facet normal -0.409990 0.163052 -0.897398
  outer loop
   vertex -0.492976 0.221080 0.107656
   vertex -0.490327 0.161663 0.095650
   vertex -0.528633 0.203328 0.120721
  endloop
 endfacet
 facet normal -0.428978 0.142363 -0.892026
  outer loop
   vertex -0.528633 0.203328 0.120721
   vertex -0.490327 0.161663 0.095650
   vertex -0.552273 0.152609 0.123995
  endloop
 endfacet
 facet normal -0.411711 0.188667 -0.891571
  outer loop
   vertex -0.401050 0.158742 0.053165
   vertex -0.443247 0.165151 0.074007
   vertex -0.401853 0.217213 0.065909
  endloop
 endfacet
 facet normal -0.398385 0.176757 -0.900026
  outer loop
   vertex -0.401853 0.217213 0.065909
   vertex -0.443247 0.165151 0.074007
   vertex -0.448724 0.210355 0.085309
  endloop
 endfacet
 facet normal -0.425938 0.138234 -0.894130
  outer loop
   vertex -0.403712 0.103438 0.045883
   vertex -0.450927 0.116123 0.070336
   vertex -0.401050 0.158742 0.053165
  endloop
 endfacet
 facet normal -0.422544 0.133314 -0.896484
  outer loop
   vertex -0.401050 0.158742 0.053165
   vertex -0.450927 0.116123 0.070336
   vertex -0.443247 0.165151 0.074007
  endloop
 endfacet
 facet normal -0.436907 0.081784 -0.895781
  outer loop
   vertex -0.407939 0.049005 0.042975
   vertex -0.453292 0.062177 0.066298
   vertex -0.403712 0.103438 0.045883
  endloop
 endfacet
 facet normal -0.439820 0.086196 -0.893940
  outer loop
   vertex -0.403712 0.103438 0.045883
   vertex -0.453292 0.062177 0.066298
   vertex -0.450927 0.116123 0.070336
  endloop
 endfacet
 facet normal -0.442194 0.024182 -0.896593
  outer loop
   vertex -0.408808 -0.005261 0.041940
   vertex -0.454227 0.007925 0.064696
   vertex -0.407939 0.049005 0.042975
  endloop
 endfacet
 facet normal -0.449209 0.034104 -0.892776
  outer loop
   vertex -0.407939 0.049005 0.042975
   vertex -0.454227 0.007925 0.064696
   vertex -0.453292 0.062177 0.066298
  endloop
 endfacet
 facet normal -0.439733 0.010939 -0.898062
  outer loop
   vertex -0.374073 -0.005683 0.024927
   vertex -0.408808 -0.005261 0.041940
   vertex -0.373736 0.036764 0.025279
  endloop
 endfacet
 facet normal -0.439733 0.010935 -0.898062
  outer loop
   vertex -0.374163 -0.017104 0.024832
   vertex -0.408808 -0.005261 0.041940
   vertex -0.374073 -0.005683 0.024927
  endloop
 endfacet
 facet normal -0.452527 0.024249 -0.891421
  outer loop
   vertex -0.373736 0.036764 0.025279
   vertex -0.408808 -0.005261 0.041940
   vertex -0.407939 0.049005 0.042975
  endloop
 endfacet
 facet normal -0.436359 -0.051783 -0.898282
  outer loop
   vertex -0.373013 -0.070683 0.027362
   vertex -0.407973 -0.059589 0.043705
   vertex -0.374163 -0.017104 0.024832
  endloop
 endfacet
 facet normal -0.452322 -0.035903 -0.891132
  outer loop
   vertex -0.374163 -0.017104 0.024832
   vertex -0.407973 -0.059589 0.043705
   vertex -0.408808 -0.005261 0.041940
  endloop
 endfacet
 facet normal -0.424138 -0.113300 -0.898482
  outer loop
   vertex -0.370157 -0.123642 0.032692
   vertex -0.405620 -0.114263 0.048250
   vertex -0.373013 -0.070683 0.027362
  endloop
 endfacet
 facet normal -0.445762 -0.093193 -0.890287
  outer loop
   vertex -0.373013 -0.070683 0.027362
   vertex -0.405620 -0.114263 0.048250
   vertex -0.407973 -0.059589 0.043705
  endloop
 endfacet
 facet normal -0.408556 -0.164812 -0.897730
  outer loop
   vertex -0.368590 -0.168684 0.040248
   vertex -0.397663 -0.160453 0.051968
   vertex -0.370157 -0.123642 0.032692
  endloop
 endfacet
 facet normal -0.429528 -0.145731 -0.891217
  outer loop
   vertex -0.370157 -0.123642 0.032692
   vertex -0.397663 -0.160453 0.051968
   vertex -0.405620 -0.114263 0.048250
  endloop
 endfacet
 facet normal -0.436744 0.075554 -0.896407
  outer loop
   vertex -0.373736 0.036764 0.025279
   vertex -0.407939 0.049005 0.042975
   vertex -0.369204 0.090475 0.027598
  endloop
 endfacet
 facet normal -0.442386 0.082064 -0.893062
  outer loop
   vertex -0.369204 0.090475 0.027598
   vertex -0.407939 0.049005 0.042975
   vertex -0.403712 0.103438 0.045883
  endloop
 endfacet
 facet normal -0.443221 0.019530 -0.896200
  outer loop
   vertex -0.500450 0.048882 0.088950
   vertex -0.500913 -0.005220 0.088000
   vertex -0.556580 0.037206 0.116455
  endloop
 endfacet
 facet normal -0.440522 0.034082 -0.897095
  outer loop
   vertex -0.453292 0.062177 0.066298
   vertex -0.454227 0.007925 0.064696
   vertex -0.500450 0.048882 0.088950
  endloop
 endfacet
 facet normal -0.450926 0.019528 -0.892347
  outer loop
   vertex -0.500450 0.048882 0.088950
   vertex -0.454227 0.007925 0.064696
   vertex -0.500913 -0.005220 0.088000
  endloop
 endfacet
 facet normal -0.439944 -0.035913 -0.897307
  outer loop
   vertex -0.407973 -0.059589 0.043705
   vertex -0.453784 -0.046426 0.065639
   vertex -0.408808 -0.005261 0.041940
  endloop
 endfacet
 facet normal -0.452304 -0.019157 -0.891658
  outer loop
   vertex -0.408808 -0.005261 0.041940
   vertex -0.453784 -0.046426 0.065639
   vertex -0.454227 0.007925 0.064696
  endloop
 endfacet
 facet normal -0.430764 -0.093159 -0.897643
  outer loop
   vertex -0.405620 -0.114263 0.048250
   vertex -0.452194 -0.101707 0.069297
   vertex -0.407973 -0.059589 0.043705
  endloop
 endfacet
 facet normal -0.447451 -0.071856 -0.891417
  outer loop
   vertex -0.407973 -0.059589 0.043705
   vertex -0.452194 -0.101707 0.069297
   vertex -0.453784 -0.046426 0.065639
  endloop
 endfacet
 facet normal -0.396708 -0.205047 -0.894750
  outer loop
   vertex -0.487157 -0.285162 0.119830
   vertex -0.506643 -0.227398 0.115232
   vertex -0.459228 -0.271028 0.104208
  endloop
 endfacet
 facet normal -0.401633 -0.211324 -0.891086
  outer loop
   vertex -0.459228 -0.271028 0.104208
   vertex -0.506643 -0.227398 0.115232
   vertex -0.438874 -0.232825 0.085974
  endloop
 endfacet
 facet normal -0.418660 -0.160658 -0.893819
  outer loop
   vertex -0.505309 -0.162243 0.102896
   vertex -0.506643 -0.227398 0.115232
   vertex -0.549465 -0.175059 0.125882
  endloop
 endfacet
 facet normal -0.420413 -0.144525 -0.895749
  outer loop
   vertex -0.397663 -0.160453 0.051968
   vertex -0.449945 -0.169315 0.077936
   vertex -0.405620 -0.114263 0.048250
  endloop
 endfacet
 facet normal -0.436920 -0.128298 -0.890303
  outer loop
   vertex -0.405620 -0.114263 0.048250
   vertex -0.449945 -0.169315 0.077936
   vertex -0.452194 -0.101707 0.069297
  endloop
 endfacet
 facet normal -0.378781 -0.226487 -0.897345
  outer loop
   vertex -0.426312 -0.280106 0.092605
   vertex -0.459228 -0.271028 0.104208
   vertex -0.438874 -0.232825 0.085974
  endloop
 endfacet
 facet normal -0.337981 -0.273134 -0.900648
  outer loop
   vertex -0.402039 -0.317538 0.093698
   vertex -0.390163 -0.268708 0.074433
   vertex -0.349078 -0.326040 0.076402
  endloop
 endfacet
 facet normal -0.358019 -0.287076 -0.888487
  outer loop
   vertex -0.349078 -0.326040 0.076402
   vertex -0.390163 -0.268708 0.074433
   vertex -0.343978 -0.267756 0.055515
  endloop
 endfacet
 facet normal -0.310248 -0.339910 -0.887810
  outer loop
   vertex -0.342867 -0.434211 0.114186
   vertex -0.397414 -0.380608 0.112725
   vertex -0.346287 -0.379703 0.094512
  endloop
 endfacet
 facet normal -0.495648 -0.868524 0.000000
  outer loop
   vertex -0.335414 -0.527117 0.447773
   vertex -0.281869 -0.557674 0.459842
   vertex -0.335414 -0.527117 0.502381
  endloop
 endfacet
 facet normal -0.495630 -0.868534 0.000029
  outer loop
   vertex -0.335414 -0.527117 0.502381
   vertex -0.281869 -0.557674 0.459842
   vertex -0.281857 -0.557679 0.514450
  endloop
 endfacet
 facet normal -0.495625 -0.868536 0.000000
  outer loop
   vertex -0.335414 -0.527117 0.502381
   vertex -0.281857 -0.557679 0.514450
   vertex -0.335414 -0.527117 0.556990
  endloop
 endfacet
 facet normal -0.495620 -0.868540 0.000009
  outer loop
   vertex -0.335414 -0.527117 0.556990
   vertex -0.281857 -0.557679 0.514450
   vertex -0.281849 -0.557683 0.569058
  endloop
 endfacet
 facet normal -0.337157 -0.941448 -0.000052
  outer loop
   vertex -0.234514 -0.579136 0.611657
   vertex -0.234609 -0.579099 0.557065
   vertex -0.186179 -0.596446 0.610461
  endloop
 endfacet
 facet normal -0.339283 -0.940682 0.002126
  outer loop
   vertex -0.186179 -0.596446 0.610461
   vertex -0.234609 -0.579099 0.557065
   vertex -0.187683 -0.596026 0.556259
  endloop
 endfacet
 facet normal -0.495618 -0.868540 0.000000
  outer loop
   vertex -0.335414 -0.527117 0.556990
   vertex -0.281849 -0.557683 0.569058
   vertex -0.335414 -0.527117 0.611598
  endloop
 endfacet
 facet normal -0.495621 -0.868539 -0.000005
  outer loop
   vertex -0.335414 -0.527117 0.611598
   vertex -0.281849 -0.557683 0.569058
   vertex -0.281846 -0.557685 0.623667
  endloop
 endfacet
 facet normal -0.336641 -0.941633 0.000000
  outer loop
   vertex -0.234514 -0.579136 0.666262
   vertex -0.234514 -0.579136 0.611657
   vertex -0.186350 -0.596355 0.664859
  endloop
 endfacet
 facet normal -0.337145 -0.941453 0.000514
  outer loop
   vertex -0.186350 -0.596355 0.664859
   vertex -0.234514 -0.579136 0.611657
   vertex -0.186179 -0.596446 0.610461
  endloop
 endfacet
 facet normal -0.495622 -0.868538 0.000000
  outer loop
   vertex -0.335414 -0.527117 0.611598
   vertex -0.281846 -0.557685 0.623667
   vertex -0.335414 -0.527117 0.666207
  endloop
 endfacet
 facet normal -0.495622 -0.868538 -0.000000
  outer loop
   vertex -0.335414 -0.527117 0.666207
   vertex -0.281846 -0.557685 0.623667
   vertex -0.281846 -0.557685 0.678275
  endloop
 endfacet
 facet normal -0.336649 -0.941630 0.000000
  outer loop
   vertex -0.234514 -0.579136 0.720870
   vertex -0.234514 -0.579136 0.666262
   vertex -0.186357 -0.596353 0.719450
  endloop
 endfacet
 facet normal -0.336641 -0.941633 -0.000008
  outer loop
   vertex -0.186357 -0.596353 0.719450
   vertex -0.234514 -0.579136 0.666262
   vertex -0.186350 -0.596355 0.664859
  endloop
 endfacet
 facet normal -0.495622 -0.868538 0.000000
  outer loop
   vertex -0.335414 -0.527117 0.666207
   vertex -0.281846 -0.557685 0.678275
   vertex -0.335414 -0.527117 0.720816
  endloop
 endfacet
 facet normal -0.495623 -0.868538 -0.000002
  outer loop
   vertex -0.335414 -0.527117 0.720816
   vertex -0.281846 -0.557685 0.678275
   vertex -0.281848 -0.557684 0.732883
  endloop
 endfacet
 facet normal -0.336649 -0.941630 0.000000
  outer loop
   vertex -0.234514 -0.579136 0.775478
   vertex -0.234514 -0.579136 0.720870
   vertex -0.186357 -0.596353 0.774059
  endloop
 endfacet
 facet normal -0.336649 -0.941630 0.000000
  outer loop
   vertex -0.186357 -0.596353 0.774059
   vertex -0.234514 -0.579136 0.720870
   vertex -0.186357 -0.596353 0.719450
  endloop
 endfacet
 facet normal -0.495624 -0.868537 0.000000
  outer loop
   vertex -0.335414 -0.527117 0.720816
   vertex -0.281848 -0.557684 0.732883
   vertex -0.335414 -0.527117 0.775424
  endloop
 endfacet
 facet normal -0.495618 -0.868540 0.000009
  outer loop
   vertex -0.335414 -0.527117 0.775424
   vertex -0.281848 -0.557684 0.732883
   vertex -0.281847 -0.557684 0.787492
  endloop
 endfacet
 facet normal -0.336649 -0.941630 0.000000
  outer loop
   vertex -0.234514 -0.579136 0.830087
   vertex -0.234514 -0.579136 0.775478
   vertex -0.186357 -0.596353 0.828667
  endloop
 endfacet
 facet normal -0.336649 -0.941630 0.000000
  outer loop
   vertex -0.186357 -0.596353 0.828667
   vertex -0.234514 -0.579136 0.775478
   vertex -0.186357 -0.596353 0.774059
  endloop
 endfacet
 facet normal -0.495617 -0.868541 -0.000000
  outer loop
   vertex -0.335414 -0.527117 0.775424
   vertex -0.281847 -0.557684 0.787492
   vertex -0.335421 -0.527113 0.830039
  endloop
 endfacet
 facet normal -0.495622 -0.868538 -0.000009
  outer loop
   vertex -0.335421 -0.527113 0.830039
   vertex -0.281847 -0.557684 0.787492
   vertex -0.281848 -0.557684 0.842100
  endloop
 endfacet
 facet normal -0.336643 -0.941632 -0.000006
  outer loop
   vertex -0.234515 -0.579136 0.884695
   vertex -0.234514 -0.579136 0.830087
   vertex -0.186357 -0.596353 0.883275
  endloop
 endfacet
 facet normal -0.336649 -0.941630 0.000000
  outer loop
   vertex -0.186357 -0.596353 0.883275
   vertex -0.234514 -0.579136 0.830087
   vertex -0.186357 -0.596353 0.828667
  endloop
 endfacet
 facet normal -0.495930 -0.868361 0.001807
  outer loop
   vertex -0.335421 -0.527113 0.830039
   vertex -0.281848 -0.557684 0.842100
   vertex -0.335159 -0.527149 0.884638
  endloop
 endfacet
 facet normal -0.497014 -0.867743 0.000005
  outer loop
   vertex -0.335159 -0.527149 0.884638
   vertex -0.281848 -0.557684 0.842100
   vertex -0.281844 -0.557686 0.896705
  endloop
 endfacet
 facet normal -0.337782 -0.941224 0.001163
  outer loop
   vertex -0.234277 -0.579154 0.939241
   vertex -0.234515 -0.579136 0.884695
   vertex -0.186357 -0.596353 0.937884
  endloop
 endfacet
 facet normal -0.336643 -0.941632 0.000000
  outer loop
   vertex -0.186357 -0.596353 0.937884
   vertex -0.234515 -0.579136 0.884695
   vertex -0.186357 -0.596353 0.883275
  endloop
 endfacet
 facet normal -0.496955 -0.867776 -0.000338
  outer loop
   vertex -0.335159 -0.527149 0.884638
   vertex -0.281844 -0.557686 0.896705
   vertex -0.334887 -0.527326 0.939020
  endloop
 endfacet
 facet normal -0.496693 -0.867926 0.000098
  outer loop
   vertex -0.334887 -0.527326 0.939020
   vertex -0.281844 -0.557686 0.896705
   vertex -0.281772 -0.557721 0.951285
  endloop
 endfacet
 facet normal -0.338218 -0.941067 0.001143
  outer loop
   vertex -0.234301 -0.579079 0.993924
   vertex -0.234277 -0.579154 0.939241
   vertex -0.186512 -0.596256 0.992461
  endloop
 endfacet
 facet normal -0.337793 -0.941220 0.000713
  outer loop
   vertex -0.186512 -0.596256 0.992461
   vertex -0.234277 -0.579154 0.939241
   vertex -0.186357 -0.596353 0.937884
  endloop
 endfacet
 facet normal -0.496520 -0.868025 -0.000893
  outer loop
   vertex -0.334887 -0.527326 0.939020
   vertex -0.281772 -0.557721 0.951285
   vertex -0.333824 -0.527989 0.992449
  endloop
 endfacet
 facet normal -0.494634 -0.869098 0.002268
  outer loop
   vertex -0.333824 -0.527989 0.992449
   vertex -0.281772 -0.557721 0.951285
   vertex -0.280539 -0.558281 1.005594
  endloop
 endfacet
 facet normal -0.339037 -0.940771 0.001864
  outer loop
   vertex -0.235901 -0.578396 1.047606
   vertex -0.234301 -0.579079 0.993924
   vertex -0.187653 -0.595786 1.046460
  endloop
 endfacet
 facet normal -0.338220 -0.941066 0.001045
  outer loop
   vertex -0.187653 -0.595786 1.046460
   vertex -0.234301 -0.579079 0.993924
   vertex -0.186512 -0.596256 0.992461
  endloop
 endfacet
 facet normal -0.493228 -0.869884 -0.005240
  outer loop
   vertex -0.333824 -0.527989 0.992449
   vertex -0.280539 -0.558281 1.005594
   vertex -0.327003 -0.532165 1.043656
  endloop
 endfacet
 facet normal -0.487670 -0.873020 0.003697
  outer loop
   vertex -0.327003 -0.532165 1.043656
   vertex -0.280539 -0.558281 1.005594
   vertex -0.280064 -0.558324 1.058112
  endloop
 endfacet
 facet normal -0.348900 -0.937119 0.008812
  outer loop
   vertex -0.246855 -0.573876 1.094577
   vertex -0.235901 -0.578396 1.047606
   vertex -0.199805 -0.591396 1.094290
  endloop
 endfacet
 facet normal -0.339072 -0.940760 0.000199
  outer loop
   vertex -0.199805 -0.591396 1.094290
   vertex -0.235901 -0.578396 1.047606
   vertex -0.187653 -0.595786 1.046460
  endloop
 endfacet
 facet normal -0.483585 -0.875193 -0.013500
  outer loop
   vertex -0.327003 -0.532165 1.043656
   vertex -0.280064 -0.558324 1.058112
   vertex -0.311271 -0.541553 1.088737
  endloop
 endfacet
 facet normal -0.473645 -0.880716 -0.000346
  outer loop
   vertex -0.311271 -0.541553 1.088737
   vertex -0.280064 -0.558324 1.058112
   vertex -0.280322 -0.558200 1.095730
  endloop
 endfacet
 facet normal -0.009354 -0.563281 0.826212
  outer loop
   vertex -0.175390 -0.549800 1.122925
   vertex -0.228979 -0.551653 1.121055
   vertex -0.199805 -0.591396 1.094290
  endloop
 endfacet
 facet normal -0.240452 -0.657433 0.714118
  outer loop
   vertex -0.199805 -0.591396 1.094290
   vertex -0.228979 -0.551653 1.121055
   vertex -0.246855 -0.573876 1.094577
  endloop
 endfacet
 facet normal -0.472399 -0.881354 -0.007377
  outer loop
   vertex -0.280322 -0.558200 1.095730
   vertex -0.281738 -0.557584 1.112810
   vertex -0.311271 -0.541553 1.088737
  endloop
 endfacet
 facet normal 0.020918 0.545409 0.837909
  outer loop
   vertex -0.249459 -0.522652 1.102689
   vertex -0.228979 -0.551653 1.121055
   vertex -0.195358 -0.524587 1.102598
  endloop
 endfacet
 facet normal -0.048639 0.603269 0.796053
  outer loop
   vertex -0.195358 -0.524587 1.102598
   vertex -0.228979 -0.551653 1.121055
   vertex -0.175390 -0.549800 1.122925
  endloop
 endfacet
 facet normal -0.602216 0.082909 0.794016
  outer loop
   vertex -0.311271 -0.541553 1.088737
   vertex -0.281738 -0.557584 1.112810
   vertex -0.296060 -0.523925 1.098433
  endloop
 endfacet
 facet normal 0.004260 0.752472 0.658610
  outer loop
   vertex -0.174064 -0.498553 1.072716
   vertex -0.228202 -0.498278 1.072752
   vertex -0.195358 -0.524587 1.102598
  endloop
 endfacet
 facet normal 0.028451 0.765178 0.643190
  outer loop
   vertex -0.195358 -0.524587 1.102598
   vertex -0.228202 -0.498278 1.072752
   vertex -0.249459 -0.522652 1.102689
  endloop
 endfacet
 facet normal -0.031670 0.681727 0.730921
  outer loop
   vertex -0.281866 -0.493110 1.070307
   vertex -0.333081 -0.496497 1.071247
   vertex -0.296060 -0.523925 1.098433
  endloop
 endfacet
 facet normal -0.571060 0.041820 0.819842
  outer loop
   vertex -0.296060 -0.523925 1.098433
   vertex -0.333081 -0.496497 1.071247
   vertex -0.311271 -0.541553 1.088737
  endloop
 endfacet
 facet normal -0.906573 -0.343824 0.244767
  outer loop
   vertex -0.311271 -0.541553 1.088737
   vertex -0.333081 -0.496497 1.071247
   vertex -0.327003 -0.532165 1.043656
  endloop
 endfacet
 facet normal 0.072706 0.563628 0.822823
  outer loop
   vertex -0.242211 -0.466764 1.052403
   vertex -0.228202 -0.498278 1.072752
   vertex -0.195088 -0.467142 1.048498
  endloop
 endfacet
 facet normal 0.003635 0.612113 0.790762
  outer loop
   vertex -0.195088 -0.467142 1.048498
   vertex -0.228202 -0.498278 1.072752
   vertex -0.174064 -0.498553 1.072716
  endloop
 endfacet
 facet normal 0.047057 0.288608 0.956290
  outer loop
   vertex -0.173880 -0.430739 1.036468
   vertex -0.231253 -0.429731 1.038987
   vertex -0.195088 -0.467142 1.048498
  endloop
 endfacet
 facet normal 0.080825 0.318266 0.944550
  outer loop
   vertex -0.195088 -0.467142 1.048498
   vertex -0.231253 -0.429731 1.038987
   vertex -0.242211 -0.466764 1.052403
  endloop
 endfacet
 facet normal 0.117775 0.464388 0.877766
  outer loop
   vertex -0.339149 -0.440913 1.042654
   vertex -0.333081 -0.496497 1.071247
   vertex -0.303459 -0.459143 1.047510
  endloop
 endfacet
 facet normal -0.020891 0.547964 0.836241
  outer loop
   vertex -0.303459 -0.459143 1.047510
   vertex -0.333081 -0.496497 1.071247
   vertex -0.281866 -0.493110 1.070307
  endloop
 endfacet
 facet normal -0.025419 0.210549 0.977253
  outer loop
   vertex -0.339149 -0.440913 1.042654
   vertex -0.303459 -0.459143 1.047510
   vertex -0.298870 -0.424915 1.040255
  endloop
 endfacet
 facet normal -0.044762 0.351949 0.934948
  outer loop
   vertex -0.242211 -0.466764 1.052403
   vertex -0.231253 -0.429731 1.038987
   vertex -0.273886 -0.442910 1.041907
  endloop
 endfacet
 facet normal 0.084536 0.148270 0.985327
  outer loop
   vertex -0.229409 -0.380974 1.031492
   vertex -0.231253 -0.429731 1.038987
   vertex -0.183549 -0.384201 1.028043
  endloop
 endfacet
 facet normal 0.046371 0.187268 0.981214
  outer loop
   vertex -0.183549 -0.384201 1.028043
   vertex -0.231253 -0.429731 1.038987
   vertex -0.173880 -0.430739 1.036468
  endloop
 endfacet
 facet normal -0.091375 0.248802 0.964235
  outer loop
   vertex -0.349049 -0.383610 1.026930
   vertex -0.339149 -0.440913 1.042654
   vertex -0.286541 -0.389282 1.034317
  endloop
 endfacet
 facet normal -0.007572 0.166919 0.985942
  outer loop
   vertex -0.286541 -0.389282 1.034317
   vertex -0.339149 -0.440913 1.042654
   vertex -0.298870 -0.424915 1.040255
  endloop
 endfacet
 facet normal 0.454135 0.641924 0.617814
  outer loop
   vertex -0.233211 -0.339802 0.991508
   vertex -0.229409 -0.380974 1.031492
   vertex -0.198269 -0.358886 0.985652
  endloop
 endfacet
 facet normal 0.097629 0.869016 0.485057
  outer loop
   vertex -0.198269 -0.358886 0.985652
   vertex -0.229409 -0.380974 1.031492
   vertex -0.183549 -0.384201 1.028043
  endloop
 endfacet
 facet normal -0.082368 0.089451 0.992580
  outer loop
   vertex -0.349029 -0.333015 1.022372
   vertex -0.349049 -0.383610 1.026930
   vertex -0.305730 -0.339228 1.026525
  endloop
 endfacet
 facet normal -0.106495 0.112958 0.987876
  outer loop
   vertex -0.305730 -0.339228 1.026525
   vertex -0.349049 -0.383610 1.026930
   vertex -0.286541 -0.389282 1.034317
  endloop
 endfacet
 facet normal 0.527896 -0.098660 0.843560
  outer loop
   vertex -0.349500 -0.277693 1.029137
   vertex -0.349029 -0.333015 1.022372
   vertex -0.291284 -0.291311 0.991113
  endloop
 endfacet
 facet normal 0.007819 0.592794 0.805316
  outer loop
   vertex -0.291284 -0.291311 0.991113
   vertex -0.349029 -0.333015 1.022372
   vertex -0.305730 -0.339228 1.026525
  endloop
 endfacet
 facet normal 0.035865 -0.287188 0.957203
  outer loop
   vertex -0.366565 -0.249017 1.038380
   vertex -0.349500 -0.277693 1.029137
   vertex -0.346404 -0.222875 1.045468
  endloop
 endfacet
 facet normal 0.950364 -0.136911 0.279399
  outer loop
   vertex -0.346404 -0.222875 1.045468
   vertex -0.349500 -0.277693 1.029137
   vertex -0.332734 -0.242868 0.989173
  endloop
 endfacet
 facet normal 0.552603 0.499549 0.667144
  outer loop
   vertex -0.332734 -0.242868 0.989173
   vertex -0.349500 -0.277693 1.029137
   vertex -0.291284 -0.291311 0.991113
  endloop
 endfacet
 facet normal 0.668013 0.743574 0.029259
  outer loop
   vertex -0.258101 -0.321155 0.991952
   vertex -0.245171 -0.331274 0.953906
   vertex -0.291284 -0.291311 0.991113
  endloop
 endfacet
 facet normal 0.655083 0.755557 0.000363
  outer loop
   vertex -0.291284 -0.291311 0.991113
   vertex -0.245171 -0.331274 0.953906
   vertex -0.287487 -0.294578 0.938860
  endloop
 endfacet
 facet normal 0.653494 0.756889 0.008079
  outer loop
   vertex -0.245171 -0.331274 0.953906
   vertex -0.244247 -0.331479 0.898373
   vertex -0.287487 -0.294578 0.938860
  endloop
 endfacet
 facet normal 0.643857 0.765085 -0.009683
  outer loop
   vertex -0.287487 -0.294578 0.938860
   vertex -0.244247 -0.331479 0.898373
   vertex -0.285812 -0.296701 0.882489
  endloop
 endfacet
 facet normal 0.642814 0.766006 -0.004935
  outer loop
   vertex -0.244247 -0.331479 0.898373
   vertex -0.241647 -0.333945 0.854268
   vertex -0.285812 -0.296701 0.882489
  endloop
 endfacet
 facet normal 0.705793 0.387663 0.592936
  outer loop
   vertex -0.285812 -0.296701 0.882489
   vertex -0.241647 -0.333945 0.854268
   vertex -0.236050 -0.277956 0.811000
  endloop
 endfacet
 facet normal -0.503563 -0.630378 0.590803
  outer loop
   vertex -0.217824 -0.185960 0.888830
   vertex -0.241804 -0.239748 0.811000
   vertex -0.168641 -0.231156 0.882527
  endloop
 endfacet
 facet normal -0.585115 -0.477037 0.655801
  outer loop
   vertex -0.168641 -0.231156 0.882527
   vertex -0.241804 -0.239748 0.811000
   vertex -0.206308 -0.283286 0.811000
  endloop
 endfacet
 facet normal -0.000000 -0.000000 1.000000
  outer loop
   vertex -0.206308 -0.283286 0.811000
   vertex -0.241804 -0.239748 0.811000
   vertex -0.236050 -0.277956 0.811000
  endloop
 endfacet
 facet normal 0.216592 0.032358 0.975726
  outer loop
   vertex -0.330179 -0.246944 0.886412
   vertex -0.238211 -0.160705 0.863137
   vertex -0.358805 -0.189789 0.890871
  endloop
 endfacet
 facet normal 0.301038 -0.864598 0.402302
  outer loop
   vertex -0.358805 -0.189789 0.890871
   vertex -0.238211 -0.160705 0.863137
   vertex -0.245503 -0.149289 0.893128
  endloop
 endfacet
 facet normal -0.798333 -0.602208 -0.003140
  outer loop
   vertex -0.245503 -0.149289 0.893128
   vertex -0.217824 -0.185960 0.888830
   vertex -0.243296 -0.152448 0.937862
  endloop
 endfacet
 facet normal -0.792856 -0.609392 0.004616
  outer loop
   vertex -0.243296 -0.152448 0.937862
   vertex -0.217824 -0.185960 0.888830
   vertex -0.209431 -0.196502 0.938712
  endloop
 endfacet
 facet normal 0.336956 -0.941106 -0.027918
  outer loop
   vertex -0.358805 -0.189789 0.890871
   vertex -0.245503 -0.149289 0.893128
   vertex -0.355267 -0.189704 0.930708
  endloop
 endfacet
 facet normal 0.319375 -0.944037 -0.082422
  outer loop
   vertex -0.355267 -0.189704 0.930708
   vertex -0.245503 -0.149289 0.893128
   vertex -0.243296 -0.152448 0.937862
  endloop
 endfacet
 facet normal -0.792290 -0.609561 -0.026687
  outer loop
   vertex -0.243296 -0.152448 0.937862
   vertex -0.209431 -0.196502 0.938712
   vertex -0.248596 -0.147785 0.988702
  endloop
 endfacet
 facet normal -0.776926 -0.629573 0.004853
  outer loop
   vertex -0.248596 -0.147785 0.988702
   vertex -0.209431 -0.196502 0.938712
   vertex -0.209073 -0.196502 0.996020
  endloop
 endfacet
 facet normal 0.303415 -0.940852 0.150787
  outer loop
   vertex -0.355267 -0.189704 0.930708
   vertex -0.243296 -0.152448 0.937862
   vertex -0.359712 -0.183387 0.979068
  endloop
 endfacet
 facet normal 0.293743 -0.948619 0.117629
  outer loop
   vertex -0.359712 -0.183387 0.979068
   vertex -0.243296 -0.152448 0.937862
   vertex -0.248596 -0.147785 0.988702
  endloop
 endfacet
 facet normal -0.774100 -0.632391 -0.029166
  outer loop
   vertex -0.248596 -0.147785 0.988702
   vertex -0.209073 -0.196502 0.996020
   vertex -0.253949 -0.144125 1.051418
  endloop
 endfacet
 facet normal -0.745417 -0.666093 0.025933
  outer loop
   vertex -0.253949 -0.144125 1.051418
   vertex -0.209073 -0.196502 0.996020
   vertex -0.219441 -0.183080 1.042749
  endloop
 endfacet
 facet normal 0.312026 -0.943373 -0.112636
  outer loop
   vertex -0.359712 -0.183387 0.979068
   vertex -0.248596 -0.147785 0.988702
   vertex -0.360238 -0.189682 1.030334
  endloop
 endfacet
 facet normal 0.378021 -0.921789 0.086059
  outer loop
   vertex -0.360238 -0.189682 1.030334
   vertex -0.248596 -0.147785 0.988702
   vertex -0.253949 -0.144125 1.051418
  endloop
 endfacet
 facet normal -0.742485 -0.668205 0.047098
  outer loop
   vertex -0.219441 -0.183080 1.042749
   vertex -0.240282 -0.156653 1.089132
   vertex -0.253949 -0.144125 1.051418
  endloop
 endfacet
 facet normal 0.491096 -0.733929 0.469226
  outer loop
   vertex -0.356162 -0.146194 1.112209
   vertex -0.361312 -0.176102 1.070819
   vertex -0.302987 -0.116287 1.103334
  endloop
 endfacet
 facet normal 0.321025 -0.674449 0.664877
  outer loop
   vertex -0.302987 -0.116287 1.103334
   vertex -0.361312 -0.176102 1.070819
   vertex -0.253949 -0.144125 1.051418
  endloop
 endfacet
 facet normal 0.322317 -0.894876 0.308721
  outer loop
   vertex -0.253949 -0.144125 1.051418
   vertex -0.361312 -0.176102 1.070819
   vertex -0.360238 -0.189682 1.030334
  endloop
 endfacet
 facet normal -0.037974 -0.605703 0.794784
  outer loop
   vertex -0.183332 -0.105832 1.143106
   vertex -0.237809 -0.104146 1.141788
   vertex -0.185494 -0.165467 1.097555
  endloop
 endfacet
 facet normal -0.217125 -0.686098 0.694353
  outer loop
   vertex -0.185494 -0.165467 1.097555
   vertex -0.237809 -0.104146 1.141788
   vertex -0.240282 -0.156653 1.089132
  endloop
 endfacet
 facet normal -0.086792 -0.958310 0.272229
  outer loop
   vertex -0.293681 -0.105111 1.145643
   vertex -0.348861 -0.100843 1.143075
   vertex -0.302987 -0.116287 1.103334
  endloop
 endfacet
 facet normal 0.430579 -0.554171 0.712387
  outer loop
   vertex -0.302987 -0.116287 1.103334
   vertex -0.348861 -0.100843 1.143075
   vertex -0.356162 -0.146194 1.112209
  endloop
 endfacet
 facet normal 0.108743 -0.586338 0.802735
  outer loop
   vertex -0.172359 -0.052958 1.180240
   vertex -0.225839 -0.056839 1.184650
   vertex -0.183332 -0.105832 1.143106
  endloop
 endfacet
 facet normal -0.038630 -0.665546 0.745356
  outer loop
   vertex -0.183332 -0.105832 1.143106
   vertex -0.225839 -0.056839 1.184650
   vertex -0.237809 -0.104146 1.141788
  endloop
 endfacet
 facet normal 0.001201 -0.598245 0.801313
  outer loop
   vertex -0.280474 -0.054885 1.183121
   vertex -0.335153 -0.054692 1.183347
   vertex -0.293681 -0.105111 1.145643
  endloop
 endfacet
 facet normal -0.085066 -0.640639 0.763116
  outer loop
   vertex -0.293681 -0.105111 1.145643
   vertex -0.335153 -0.054692 1.183347
   vertex -0.348861 -0.100843 1.143075
  endloop
 endfacet
 facet normal 0.060441 -0.346403 0.936137
  outer loop
   vertex -0.237263 -0.004494 1.204757
   vertex -0.225839 -0.056839 1.184650
   vertex -0.183416 -0.005630 1.200860
  endloop
 endfacet
 facet normal 0.103254 -0.376913 0.920476
  outer loop
   vertex -0.183416 -0.005630 1.200860
   vertex -0.225839 -0.056839 1.184650
   vertex -0.172359 -0.052958 1.180240
  endloop
 endfacet
 facet normal 0.069361 -0.482040 0.873400
  outer loop
   vertex -0.348959 -0.009017 1.209652
   vertex -0.335153 -0.054692 1.183347
   vertex -0.290302 -0.002202 1.208755
  endloop
 endfacet
 facet normal 0.002174 -0.437199 0.899362
  outer loop
   vertex -0.290302 -0.002202 1.208755
   vertex -0.335153 -0.054692 1.183347
   vertex -0.280474 -0.054885 1.183121
  endloop
 endfacet
 facet normal 0.065385 -0.109592 0.991824
  outer loop
   vertex -0.236882 0.045473 1.210253
   vertex -0.237263 -0.004494 1.204757
   vertex -0.186463 0.048413 1.207254
  endloop
 endfacet
 facet normal 0.069338 -0.113355 0.991132
  outer loop
   vertex -0.186463 0.048413 1.207254
   vertex -0.237263 -0.004494 1.204757
   vertex -0.183416 -0.005630 1.200860
  endloop
 endfacet
 facet normal 0.038348 -0.149792 0.987974
  outer loop
   vertex -0.360799 0.024090 1.215131
   vertex -0.348959 -0.009017 1.209652
   vertex -0.308525 0.028245 1.213732
  endloop
 endfacet
 facet normal 0.031710 -0.142729 0.989254
  outer loop
   vertex -0.308525 0.028245 1.213732
   vertex -0.348959 -0.009017 1.209652
   vertex -0.290302 -0.002202 1.208755
  endloop
 endfacet
 facet normal 0.251436 -0.263043 0.931444
  outer loop
   vertex -0.242799 0.075709 1.220389
   vertex -0.236882 0.045473 1.210253
   vertex -0.193743 0.100589 1.214173
  endloop
 endfacet
 facet normal 0.066025 -0.122111 0.990318
  outer loop
   vertex -0.193743 0.100589 1.214173
   vertex -0.236882 0.045473 1.210253
   vertex -0.186463 0.048413 1.207254
  endloop
 endfacet
 facet normal 0.083301 -0.323274 0.942632
  outer loop
   vertex -0.269621 0.043352 1.215475
   vertex -0.286641 0.064848 1.224351
   vertex -0.308525 0.028245 1.213732
  endloop
 endfacet
 facet normal 0.212554 -0.179097 0.960596
  outer loop
   vertex -0.193743 0.100589 1.214173
   vertex -0.241440 0.107733 1.226059
   vertex -0.242799 0.075709 1.220389
  endloop
 endfacet
 facet normal 0.065686 -0.221224 0.973008
  outer loop
   vertex -0.345743 0.109266 1.241094
   vertex -0.337000 0.060235 1.229356
   vertex -0.296381 0.105498 1.236905
  endloop
 endfacet
 facet normal 0.119479 -0.266718 0.956340
  outer loop
   vertex -0.296381 0.105498 1.236905
   vertex -0.337000 0.060235 1.229356
   vertex -0.286641 0.064848 1.224351
  endloop
 endfacet
 facet normal 0.110861 -0.104856 0.988289
  outer loop
   vertex -0.242045 0.162636 1.231952
   vertex -0.241440 0.107733 1.226059
   vertex -0.185421 0.156630 1.224963
  endloop
 endfacet
 facet normal 0.205825 -0.214402 0.954813
  outer loop
   vertex -0.185421 0.156630 1.224963
   vertex -0.241440 0.107733 1.226059
   vertex -0.193743 0.100589 1.214173
  endloop
 endfacet
 facet normal 0.130504 0.022102 0.991201
  outer loop
   vertex -0.355269 0.152507 1.241384
   vertex -0.345743 0.109266 1.241094
   vertex -0.290340 0.163821 1.232583
  endloop
 endfacet
 facet normal 0.089264 0.064407 0.993923
  outer loop
   vertex -0.290340 0.163821 1.232583
   vertex -0.345743 0.109266 1.241094
   vertex -0.296381 0.105498 1.236905
  endloop
 endfacet
 facet normal -0.023800 -0.014137 0.999617
  outer loop
   vertex -0.238104 0.210876 1.232728
   vertex -0.242045 0.162636 1.231952
   vertex -0.180479 0.215613 1.234167
  endloop
 endfacet
 facet normal 0.103957 -0.161842 0.981326
  outer loop
   vertex -0.180479 0.215613 1.234167
   vertex -0.242045 0.162636 1.231952
   vertex -0.185421 0.156630 1.224963
  endloop
 endfacet
 facet normal -0.014719 0.158524 0.987245
  outer loop
   vertex -0.343550 0.213793 1.231718
   vertex -0.355269 0.152507 1.241384
   vertex -0.295938 0.210460 1.232963
  endloop
 endfacet
 facet normal 0.132966 0.007886 0.991089
  outer loop
   vertex -0.295938 0.210460 1.232963
   vertex -0.355269 0.152507 1.241384
   vertex -0.290340 0.163821 1.232583
  endloop
 endfacet
 facet normal 0.857147 -0.169355 0.486434
  outer loop
   vertex -0.243772 0.269196 1.263020
   vertex -0.238104 0.210876 1.232728
   vertex -0.218177 0.260668 1.214950
  endloop
 endfacet
 facet normal 0.107357 0.295929 0.949158
  outer loop
   vertex -0.218177 0.260668 1.214950
   vertex -0.238104 0.210876 1.232728
   vertex -0.186268 0.247110 1.215568
  endloop
 endfacet
 facet normal -0.062598 0.498917 0.864386
  outer loop
   vertex -0.186268 0.247110 1.215568
   vertex -0.238104 0.210876 1.232728
   vertex -0.180479 0.215613 1.234167
  endloop
 endfacet
 facet normal 0.390821 0.920380 0.012664
  outer loop
   vertex -0.186268 0.247110 1.215568
   vertex -0.180875 0.245460 1.169052
   vertex -0.218177 0.260668 1.214950
  endloop
 endfacet
 facet normal 0.391361 0.920143 0.013182
  outer loop
   vertex -0.218177 0.260668 1.214950
   vertex -0.180875 0.245460 1.169052
   vertex -0.215941 0.260612 1.152474
  endloop
 endfacet
 facet normal 0.379893 0.924118 0.041074
  outer loop
   vertex -0.180875 0.245460 1.169052
   vertex -0.176955 0.246245 1.115134
   vertex -0.215941 0.260612 1.152474
  endloop
 endfacet
 facet normal 0.352532 0.935766 0.008025
  outer loop
   vertex -0.215941 0.260612 1.152474
   vertex -0.176955 0.246245 1.115134
   vertex -0.212994 0.259938 1.101606
  endloop
 endfacet
 facet normal 0.361973 0.931952 -0.020987
  outer loop
   vertex -0.176955 0.246245 1.115134
   vertex -0.177418 0.245190 1.060300
   vertex -0.212994 0.259938 1.101606
  endloop
 endfacet
 facet normal 0.383215 0.923659 0.000270
  outer loop
   vertex -0.212994 0.259938 1.101606
   vertex -0.177418 0.245190 1.060300
   vertex -0.217790 0.261943 1.049529
  endloop
 endfacet
 facet normal 0.386634 0.922112 -0.014949
  outer loop
   vertex -0.177418 0.245190 1.060300
   vertex -0.177631 0.244404 1.006307
   vertex -0.217790 0.261943 1.049529
  endloop
 endfacet
 facet normal 0.320555 0.943410 -0.084987
  outer loop
   vertex -0.217790 0.261943 1.049529
   vertex -0.177631 0.244404 1.006307
   vertex -0.214325 0.255684 0.993119
  endloop
 endfacet
 facet normal 0.313857 0.947381 -0.062954
  outer loop
   vertex -0.177631 0.244404 1.006307
   vertex -0.178039 0.240883 0.951286
   vertex -0.214325 0.255684 0.993119
  endloop
 endfacet
 facet normal 0.385644 0.922612 0.008077
  outer loop
   vertex -0.214325 0.255684 0.993119
   vertex -0.178039 0.240883 0.951286
   vertex -0.217370 0.257436 0.938377
  endloop
 endfacet
 facet normal 0.386266 0.922369 0.005867
  outer loop
   vertex -0.178039 0.240883 0.951286
   vertex -0.177182 0.240865 0.897693
   vertex -0.217370 0.257436 0.938377
  endloop
 endfacet
 facet normal 0.390772 0.920421 0.011111
  outer loop
   vertex -0.217370 0.257436 0.938377
   vertex -0.177182 0.240865 0.897693
   vertex -0.218501 0.258480 0.891670
  endloop
 endfacet
 facet normal 0.380198 0.920968 0.085249
  outer loop
   vertex -0.177182 0.240865 0.897693
   vertex -0.168409 0.241182 0.855142
   vertex -0.218501 0.258480 0.891670
  endloop
 endfacet
 facet normal 0.486091 -0.733468 0.475122
  outer loop
   vertex -0.232583 0.327219 0.879551
   vertex -0.171014 0.323617 0.811000
   vertex -0.189755 0.366349 0.896141
  endloop
 endfacet
 facet normal 0.672516 -0.740024 0.009319
  outer loop
   vertex -0.232583 0.327219 0.879551
   vertex -0.189755 0.366349 0.896141
   vertex -0.232206 0.328155 0.926674
  endloop
 endfacet
 facet normal 0.664740 -0.747005 -0.010225
  outer loop
   vertex -0.232206 0.328155 0.926674
   vertex -0.189755 0.366349 0.896141
   vertex -0.187822 0.367333 0.949921
  endloop
 endfacet
 facet normal 0.673281 -0.738231 -0.041318
  outer loop
   vertex -0.232206 0.328155 0.926674
   vertex -0.187822 0.367333 0.949921
   vertex -0.232567 0.324739 0.981826
  endloop
 endfacet
 facet normal 0.689357 -0.724422 -0.000336
  outer loop
   vertex -0.232567 0.324739 0.981826
   vertex -0.187822 0.367333 0.949921
   vertex -0.187767 0.367360 1.004506
  endloop
 endfacet
 facet normal 0.694660 -0.719033 -0.020937
  outer loop
   vertex -0.232567 0.324739 0.981826
   vertex -0.187767 0.367360 1.004506
   vertex -0.231362 0.324385 1.033963
  endloop
 endfacet
 facet normal 0.702020 -0.712157 -0.000012
  outer loop
   vertex -0.231362 0.324385 1.033963
   vertex -0.187767 0.367360 1.004506
   vertex -0.187765 0.367361 1.059114
  endloop
 endfacet
 facet normal 0.689869 -0.722864 0.039347
  outer loop
   vertex -0.231362 0.324385 1.033963
   vertex -0.187765 0.367361 1.059114
   vertex -0.226586 0.332062 1.091264
  endloop
 endfacet
 facet normal 0.672748 -0.739872 0.000000
  outer loop
   vertex -0.226586 0.332062 1.091264
   vertex -0.187765 0.367361 1.059114
   vertex -0.187765 0.367361 1.113724
  endloop
 endfacet
 facet normal 0.678316 -0.734550 -0.017988
  outer loop
   vertex -0.226586 0.332062 1.091264
   vertex -0.187765 0.367361 1.113724
   vertex -0.229832 0.327675 1.148006
  endloop
 endfacet
 facet normal 0.686288 -0.727330 0.000154
  outer loop
   vertex -0.229832 0.327675 1.148006
   vertex -0.187765 0.367361 1.113724
   vertex -0.187790 0.367349 1.168338
  endloop
 endfacet
 facet normal 0.690066 -0.723592 -0.014950
  outer loop
   vertex -0.229832 0.327675 1.148006
   vertex -0.187790 0.367349 1.168338
   vertex -0.228816 0.327592 1.198921
  endloop
 endfacet
 facet normal 0.692940 -0.720955 -0.007667
  outer loop
   vertex -0.228816 0.327592 1.198921
   vertex -0.187790 0.367349 1.168338
   vertex -0.189915 0.364718 1.223688
  endloop
 endfacet
 facet normal 0.679999 -0.732595 0.030108
  outer loop
   vertex -0.228816 0.327592 1.198921
   vertex -0.189915 0.364718 1.223688
   vertex -0.229125 0.329519 1.252789
  endloop
 endfacet
 facet normal 0.674851 -0.737760 0.016923
  outer loop
   vertex -0.229125 0.329519 1.252789
   vertex -0.189915 0.364718 1.223688
   vertex -0.190109 0.365783 1.277853
  endloop
 endfacet
 facet normal 0.632118 -0.765058 0.122940
  outer loop
   vertex -0.229125 0.329519 1.252789
   vertex -0.190109 0.365783 1.277853
   vertex -0.230369 0.337140 1.306611
  endloop
 endfacet
 facet normal 0.569730 -0.821571 -0.020688
  outer loop
   vertex -0.230369 0.337140 1.306611
   vertex -0.190109 0.365783 1.277853
   vertex -0.183659 0.368984 1.328360
  endloop
 endfacet
 facet normal 0.399394 -0.916752 0.007097
  outer loop
   vertex -0.183659 0.368984 1.328360
   vertex -0.190109 0.365783 1.277853
   vertex -0.142287 0.386950 1.320835
  endloop
 endfacet
 facet normal 0.398157 -0.917276 0.008732
  outer loop
   vertex -0.142287 0.386950 1.320835
   vertex -0.190109 0.365783 1.277853
   vertex -0.141101 0.386953 1.267072
  endloop
 endfacet
 facet normal 0.185625 -0.954605 0.232964
  outer loop
   vertex -0.184357 0.379008 1.369991
   vertex -0.183659 0.368984 1.328360
   vertex -0.130392 0.390950 1.375926
  endloop
 endfacet
 facet normal 0.395386 -0.918325 -0.018693
  outer loop
   vertex -0.130392 0.390950 1.375926
   vertex -0.183659 0.368984 1.328360
   vertex -0.142287 0.386950 1.320835
  endloop
 endfacet
 facet normal 0.400081 -0.916273 0.019449
  outer loop
   vertex -0.190109 0.365783 1.277853
   vertex -0.189915 0.364718 1.223688
   vertex -0.141101 0.386953 1.267072
  endloop
 endfacet
 facet normal 0.416968 -0.908915 -0.003323
  outer loop
   vertex -0.141101 0.386953 1.267072
   vertex -0.189915 0.364718 1.223688
   vertex -0.140889 0.387249 1.212708
  endloop
 endfacet
 facet normal 0.412345 -0.910614 -0.027454
  outer loop
   vertex -0.189915 0.364718 1.223688
   vertex -0.187790 0.367349 1.168338
   vertex -0.140889 0.387249 1.212708
  endloop
 endfacet
 facet normal 0.396255 -0.918113 -0.007084
  outer loop
   vertex -0.140889 0.387249 1.212708
   vertex -0.187790 0.367349 1.168338
   vertex -0.140559 0.387816 1.157683
  endloop
 endfacet
 facet normal 0.397608 -0.917556 -0.000020
  outer loop
   vertex -0.187790 0.367349 1.168338
   vertex -0.187765 0.367361 1.113724
   vertex -0.140559 0.387816 1.157683
  endloop
 endfacet
 facet normal 0.397598 -0.917560 -0.000007
  outer loop
   vertex -0.140559 0.387816 1.157683
   vertex -0.187765 0.367361 1.113724
   vertex -0.140560 0.387816 1.103075
  endloop
 endfacet
 facet normal 0.397599 -0.917559 0.000000
  outer loop
   vertex -0.187765 0.367361 1.113724
   vertex -0.187765 0.367361 1.059114
   vertex -0.140560 0.387816 1.103075
  endloop
 endfacet
 facet normal 0.397594 -0.917562 0.000007
  outer loop
   vertex -0.140560 0.387816 1.103075
   vertex -0.187765 0.367361 1.059114
   vertex -0.140559 0.387816 1.048466
  endloop
 endfacet
 facet normal 0.397593 -0.917562 0.000002
  outer loop
   vertex -0.187765 0.367361 1.059114
   vertex -0.187767 0.367360 1.004506
   vertex -0.140559 0.387816 1.048466
  endloop
 endfacet
 facet normal 0.397602 -0.917558 -0.000010
  outer loop
   vertex -0.140559 0.387816 1.048466
   vertex -0.187767 0.367360 1.004506
   vertex -0.140565 0.387814 0.993857
  endloop
 endfacet
 facet normal 0.397614 -0.917553 0.000053
  outer loop
   vertex -0.187767 0.367360 1.004506
   vertex -0.187822 0.367333 0.949921
   vertex -0.140565 0.387814 0.993857
  endloop
 endfacet
 facet normal 0.397791 -0.917476 -0.000172
  outer loop
   vertex -0.140565 0.387814 0.993857
   vertex -0.187822 0.367333 0.949921
   vertex -0.140727 0.387754 0.939276
  endloop
 endfacet
 facet normal 0.398291 -0.917256 0.002467
  outer loop
   vertex -0.187822 0.367333 0.949921
   vertex -0.189755 0.366349 0.896141
   vertex -0.140727 0.387754 0.939276
  endloop
 endfacet
 facet normal 0.401317 -0.915938 -0.001627
  outer loop
   vertex -0.140727 0.387754 0.939276
   vertex -0.189755 0.366349 0.896141
   vertex -0.142182 0.387211 0.886055
  endloop
 endfacet
 facet normal 0.625833 0.257979 0.736057
  outer loop
   vertex -0.218501 0.258480 0.891670
   vertex -0.168409 0.241182 0.855142
   vertex -0.232583 0.327219 0.879551
  endloop
 endfacet
 facet normal 0.705553 0.351726 0.615210
  outer loop
   vertex -0.232583 0.327219 0.879551
   vertex -0.168409 0.241182 0.855142
   vertex -0.171014 0.323617 0.811000
  endloop
 endfacet
 facet normal -0.344650 0.936541 -0.064082
  outer loop
   vertex -0.121671 0.260506 0.886188
   vertex -0.168409 0.241182 0.855142
   vertex -0.177182 0.240865 0.897693
  endloop
 endfacet
 facet normal 0.979148 0.202238 -0.019189
  outer loop
   vertex -0.217370 0.257436 0.938377
   vertex -0.218501 0.258480 0.891670
   vertex -0.232206 0.328155 0.926674
  endloop
 endfacet
 facet normal 0.979993 0.198685 -0.011787
  outer loop
   vertex -0.232206 0.328155 0.926674
   vertex -0.218501 0.258480 0.891670
   vertex -0.232583 0.327219 0.879551
  endloop
 endfacet
 facet normal -0.331574 0.943369 0.010663
  outer loop
   vertex -0.121671 0.260506 0.886188
   vertex -0.177182 0.240865 0.897693
   vertex -0.126517 0.258202 0.939339
  endloop
 endfacet
 facet normal -0.319754 0.947485 -0.005431
  outer loop
   vertex -0.126517 0.258202 0.939339
   vertex -0.177182 0.240865 0.897693
   vertex -0.178039 0.240883 0.951286
  endloop
 endfacet
 facet normal 0.967643 0.248115 -0.045884
  outer loop
   vertex -0.214325 0.255684 0.993119
   vertex -0.217370 0.257436 0.938377
   vertex -0.232567 0.324739 0.981826
  endloop
 endfacet
 facet normal 0.977866 0.208339 0.019305
  outer loop
   vertex -0.232567 0.324739 0.981826
   vertex -0.217370 0.257436 0.938377
   vertex -0.232206 0.328155 0.926674
  endloop
 endfacet
 facet normal -0.318453 0.947938 0.000838
  outer loop
   vertex -0.126517 0.258202 0.939339
   vertex -0.178039 0.240883 0.951286
   vertex -0.126918 0.258019 0.993914
  endloop
 endfacet
 facet normal -0.272354 0.960359 -0.059438
  outer loop
   vertex -0.126918 0.258019 0.993914
   vertex -0.178039 0.240883 0.951286
   vertex -0.177631 0.244404 1.006307
  endloop
 endfacet
 facet normal 0.974705 0.220677 0.035386
  outer loop
   vertex -0.217790 0.261943 1.049529
   vertex -0.214325 0.255684 0.993119
   vertex -0.231362 0.324385 1.033963
  endloop
 endfacet
 facet normal 0.967457 0.252193 -0.020648
  outer loop
   vertex -0.231362 0.324385 1.033963
   vertex -0.214325 0.255684 0.993119
   vertex -0.232567 0.324739 0.981826
  endloop
 endfacet
 facet normal -0.258554 0.965992 0.003223
  outer loop
   vertex -0.126918 0.258019 0.993914
   vertex -0.177631 0.244404 1.006307
   vertex -0.126967 0.257824 1.048429
  endloop
 endfacet
 facet normal -0.245808 0.969230 -0.013140
  outer loop
   vertex -0.126967 0.257824 1.048429
   vertex -0.177631 0.244404 1.006307
   vertex -0.177418 0.245190 1.060300
  endloop
 endfacet
 facet normal 0.981368 0.172937 -0.083720
  outer loop
   vertex -0.212994 0.259938 1.101606
   vertex -0.217790 0.261943 1.049529
   vertex -0.226586 0.332062 1.091264
  endloop
 endfacet
 facet normal 0.976817 0.185813 -0.106312
  outer loop
   vertex -0.226586 0.332062 1.091264
   vertex -0.217790 0.261943 1.049529
   vertex -0.231362 0.324385 1.033963
  endloop
 endfacet
 facet normal -0.241311 0.970421 0.007239
  outer loop
   vertex -0.126967 0.257824 1.048429
   vertex -0.177418 0.245190 1.060300
   vertex -0.127267 0.257341 1.103181
  endloop
 endfacet
 facet normal -0.221781 0.974950 -0.016885
  outer loop
   vertex -0.127267 0.257341 1.103181
   vertex -0.177418 0.245190 1.060300
   vertex -0.176955 0.246245 1.115134
  endloop
 endfacet
 facet normal 0.977073 0.205974 0.053877
  outer loop
   vertex -0.215941 0.260612 1.152474
   vertex -0.212994 0.259938 1.101606
   vertex -0.229832 0.327675 1.148006
  endloop
 endfacet
 facet normal 0.978319 0.194549 0.071008
  outer loop
   vertex -0.229832 0.327675 1.148006
   vertex -0.212994 0.259938 1.101606
   vertex -0.226586 0.332062 1.091264
  endloop
 endfacet
 facet normal -0.217859 0.975980 0.000378
  outer loop
   vertex -0.127267 0.257341 1.103181
   vertex -0.176955 0.246245 1.115134
   vertex -0.128078 0.257139 1.157259
  endloop
 endfacet
 facet normal -0.216306 0.976324 -0.001512
  outer loop
   vertex -0.128078 0.257139 1.157259
   vertex -0.176955 0.246245 1.115134
   vertex -0.180875 0.245460 1.169052
  endloop
 endfacet
 facet normal 0.985650 0.165104 0.035128
  outer loop
   vertex -0.218177 0.260668 1.214950
   vertex -0.215941 0.260612 1.152474
   vertex -0.228816 0.327592 1.198921
  endloop
 endfacet
 facet normal 0.979287 0.201563 -0.019213
  outer loop
   vertex -0.228816 0.327592 1.198921
   vertex -0.215941 0.260612 1.152474
   vertex -0.229832 0.327675 1.148006
  endloop
 endfacet
 facet normal -0.202882 0.977385 0.059636
  outer loop
   vertex -0.128078 0.257139 1.157259
   vertex -0.180875 0.245460 1.169052
   vertex -0.140924 0.251387 1.207827
  endloop
 endfacet
 facet normal -0.101760 0.993696 -0.047046
  outer loop
   vertex -0.140924 0.251387 1.207827
   vertex -0.180875 0.245460 1.169052
   vertex -0.186268 0.247110 1.215568
  endloop
 endfacet
 facet normal 0.865782 -0.128178 0.483727
  outer loop
   vertex -0.243772 0.269196 1.263020
   vertex -0.218177 0.260668 1.214950
   vertex -0.229125 0.329519 1.252789
  endloop
 endfacet
 facet normal 0.987597 0.157011 0.000048
  outer loop
   vertex -0.229125 0.329519 1.252789
   vertex -0.218177 0.260668 1.214950
   vertex -0.228816 0.327592 1.198921
  endloop
 endfacet
 facet normal -0.455166 -0.091845 0.885657
  outer loop
   vertex -0.352831 0.262547 1.232004
   vertex -0.343550 0.213793 1.231718
   vertex -0.293668 0.287362 1.264983
  endloop
 endfacet
 facet normal -0.050907 -0.382607 0.922508
  outer loop
   vertex -0.293668 0.287362 1.264983
   vertex -0.343550 0.213793 1.231718
   vertex -0.295938 0.210460 1.232963
  endloop
 endfacet
 facet normal 0.972399 -0.226848 0.054596
  outer loop
   vertex -0.230369 0.337140 1.306611
   vertex -0.243772 0.269196 1.263020
   vertex -0.229125 0.329519 1.252789
  endloop
 endfacet
 facet normal -0.241361 -0.650611 0.720035
  outer loop
   vertex -0.290628 0.340206 1.313751
   vertex -0.351083 0.315076 1.270779
   vertex -0.293668 0.287362 1.264983
  endloop
 endfacet
 facet normal -0.198951 -0.577721 0.791616
  outer loop
   vertex -0.293668 0.287362 1.264983
   vertex -0.351083 0.315076 1.270779
   vertex -0.352831 0.262547 1.232004
  endloop
 endfacet
 facet normal -0.066615 -0.809609 0.583178
  outer loop
   vertex -0.238300 0.378830 1.363582
   vertex -0.230369 0.337140 1.306611
   vertex -0.184357 0.379008 1.369991
  endloop
 endfacet
 facet normal 0.480777 -0.850611 0.212872
  outer loop
   vertex -0.184357 0.379008 1.369991
   vertex -0.230369 0.337140 1.306611
   vertex -0.183659 0.368984 1.328360
  endloop
 endfacet
 facet normal -0.095595 -0.916202 0.389148
  outer loop
   vertex -0.349850 0.382880 1.366276
   vertex -0.348648 0.362641 1.318921
   vertex -0.295252 0.377922 1.368015
  endloop
 endfacet
 facet normal -0.262651 -0.802654 0.535500
  outer loop
   vertex -0.295252 0.377922 1.368015
   vertex -0.348648 0.362641 1.318921
   vertex -0.290628 0.340206 1.313751
  endloop
 endfacet
 facet normal -0.166048 -0.454888 0.874931
  outer loop
   vertex -0.238897 0.431999 1.391112
   vertex -0.238300 0.378830 1.363582
   vertex -0.192298 0.423075 1.395316
  endloop
 endfacet
 facet normal -0.099878 -0.509249 0.854804
  outer loop
   vertex -0.192298 0.423075 1.395316
   vertex -0.238300 0.378830 1.363582
   vertex -0.184357 0.379008 1.369991
  endloop
 endfacet
 facet normal 0.038092 -0.422466 0.905578
  outer loop
   vertex -0.348570 0.432880 1.389548
   vertex -0.349850 0.382880 1.366276
   vertex -0.294053 0.434098 1.387823
  endloop
 endfacet
 facet normal -0.060037 -0.330798 0.941790
  outer loop
   vertex -0.294053 0.434098 1.387823
   vertex -0.349850 0.382880 1.366276
   vertex -0.295252 0.377922 1.368015
  endloop
 endfacet
 facet normal -0.130742 -0.424421 0.895976
  outer loop
   vertex -0.237683 0.488364 1.417989
   vertex -0.238897 0.431999 1.391112
   vertex -0.179442 0.480706 1.422860
  endloop
 endfacet
 facet normal -0.157600 -0.396990 0.904191
  outer loop
   vertex -0.179442 0.480706 1.422860
   vertex -0.238897 0.431999 1.391112
   vertex -0.192298 0.423075 1.395316
  endloop
 endfacet
 facet normal -0.002778 -0.379890 0.925027
  outer loop
   vertex -0.348377 0.487011 1.411779
   vertex -0.348570 0.432880 1.389548
   vertex -0.294443 0.490252 1.413272
  endloop
 endfacet
 facet normal 0.038012 -0.412270 0.910268
  outer loop
   vertex -0.294443 0.490252 1.413272
   vertex -0.348570 0.432880 1.389548
   vertex -0.294053 0.434098 1.387823
  endloop
 endfacet
 facet normal 0.003512 -0.349669 0.936867
  outer loop
   vertex -0.241264 0.539934 1.437250
   vertex -0.237683 0.488364 1.417989
   vertex -0.185996 0.541223 1.437524
  endloop
 endfacet
 facet normal -0.112807 -0.245516 0.962807
  outer loop
   vertex -0.185996 0.541223 1.437524
   vertex -0.237683 0.488364 1.417989
   vertex -0.179442 0.480706 1.422860
  endloop
 endfacet
 facet normal -0.517044 0.213866 0.828810
  outer loop
   vertex -0.341339 0.523341 1.406795
   vertex -0.348377 0.487011 1.411779
   vertex -0.296164 0.527964 1.433784
  endloop
 endfacet
 facet normal 0.004383 -0.477648 0.878540
  outer loop
   vertex -0.296164 0.527964 1.433784
   vertex -0.348377 0.487011 1.411779
   vertex -0.294443 0.490252 1.413272
  endloop
 endfacet
 facet normal -0.247031 0.439050 0.863835
  outer loop
   vertex -0.249204 0.573048 1.418149
   vertex -0.241264 0.539934 1.437250
   vertex -0.201558 0.591384 1.422455
  endloop
 endfacet
 facet normal -0.011386 0.284450 0.958623
  outer loop
   vertex -0.201558 0.591384 1.422455
   vertex -0.241264 0.539934 1.437250
   vertex -0.185996 0.541223 1.437524
  endloop
 endfacet
 facet normal -0.522130 0.852751 -0.014003
  outer loop
   vertex -0.353686 0.515131 1.367207
   vertex -0.341339 0.523341 1.406795
   vertex -0.300160 0.548083 1.378084
  endloop
 endfacet
 facet normal -0.296252 0.891318 0.343200
  outer loop
   vertex -0.300160 0.548083 1.378084
   vertex -0.341339 0.523341 1.406795
   vertex -0.296164 0.527964 1.433784
  endloop
 endfacet
 facet normal -0.514491 0.857482 -0.004810
  outer loop
   vertex -0.294773 0.550991 1.320287
   vertex -0.348550 0.518725 1.320337
   vertex -0.300160 0.548083 1.378084
  endloop
 endfacet
 facet normal -0.525361 0.850845 0.007673
  outer loop
   vertex -0.300160 0.548083 1.378084
   vertex -0.348550 0.518725 1.320337
   vertex -0.353686 0.515131 1.367207
  endloop
 endfacet
 facet normal -0.512396 0.858735 -0.004907
  outer loop
   vertex -0.294342 0.550935 1.265475
   vertex -0.347968 0.518937 1.265466
   vertex -0.294773 0.550991 1.320287
  endloop
 endfacet
 facet normal -0.514494 0.857491 -0.002144
  outer loop
   vertex -0.294773 0.550991 1.320287
   vertex -0.347968 0.518937 1.265466
   vertex -0.348550 0.518725 1.320337
  endloop
 endfacet
 facet normal -0.512640 0.858581 0.006227
  outer loop
   vertex -0.294477 0.551250 1.210926
   vertex -0.347471 0.519608 1.210981
   vertex -0.294342 0.550935 1.265475
  endloop
 endfacet
 facet normal -0.512395 0.858730 0.005902
  outer loop
   vertex -0.294342 0.550935 1.265475
   vertex -0.347471 0.519608 1.210981
   vertex -0.347968 0.518937 1.265466
  endloop
 endfacet
 facet normal -0.512655 0.858595 0.000000
  outer loop
   vertex -0.294477 0.551250 1.156318
   vertex -0.347471 0.519608 1.156373
   vertex -0.294477 0.551250 1.210926
  endloop
 endfacet
 facet normal -0.512655 0.858595 0.000000
  outer loop
   vertex -0.294477 0.551250 1.210926
   vertex -0.347471 0.519608 1.156373
   vertex -0.347471 0.519608 1.210981
  endloop
 endfacet
 facet normal -0.512655 0.858595 0.000000
  outer loop
   vertex -0.294477 0.551250 1.101709
   vertex -0.347471 0.519608 1.101764
   vertex -0.294477 0.551250 1.156318
  endloop
 endfacet
 facet normal -0.512655 0.858595 0.000000
  outer loop
   vertex -0.294477 0.551250 1.156318
   vertex -0.347471 0.519608 1.101764
   vertex -0.347471 0.519608 1.156373
  endloop
 endfacet
 facet normal -0.512655 0.858595 0.000000
  outer loop
   vertex -0.294477 0.551250 1.047101
   vertex -0.347471 0.519608 1.047155
   vertex -0.294477 0.551250 1.101709
  endloop
 endfacet
 facet normal -0.512655 0.858595 0.000000
  outer loop
   vertex -0.294477 0.551250 1.101709
   vertex -0.347471 0.519608 1.047155
   vertex -0.347471 0.519608 1.101764
  endloop
 endfacet
 facet normal -0.512655 0.858595 0.000000
  outer loop
   vertex -0.294477 0.551250 0.992493
   vertex -0.347471 0.519608 0.992547
   vertex -0.294477 0.551250 1.047101
  endloop
 endfacet
 facet normal -0.512655 0.858595 0.000000
  outer loop
   vertex -0.294477 0.551250 1.047101
   vertex -0.347471 0.519608 0.992547
   vertex -0.347471 0.519608 1.047155
  endloop
 endfacet
 facet normal -0.512655 0.858595 0.000000
  outer loop
   vertex -0.294477 0.551250 0.937884
   vertex -0.347471 0.519608 0.937939
   vertex -0.294477 0.551250 0.992493
  endloop
 endfacet
 facet normal -0.512655 0.858595 0.000000
  outer loop
   vertex -0.294477 0.551250 0.992493
   vertex -0.347471 0.519608 0.937939
   vertex -0.347471 0.519608 0.992547
  endloop
 endfacet
 facet normal -0.512655 0.858595 0.000000
  outer loop
   vertex -0.294477 0.551250 0.883275
   vertex -0.347471 0.519608 0.883330
   vertex -0.294477 0.551250 0.937884
  endloop
 endfacet
 facet normal -0.512655 0.858595 0.000000
  outer loop
   vertex -0.294477 0.551250 0.937884
   vertex -0.347471 0.519608 0.883330
   vertex -0.347471 0.519608 0.937939
  endloop
 endfacet
 facet normal -0.512655 0.858595 0.000000
  outer loop
   vertex -0.294477 0.551250 0.828667
   vertex -0.347471 0.519608 0.828722
   vertex -0.294477 0.551250 0.883275
  endloop
 endfacet
 facet normal -0.512655 0.858595 0.000000
  outer loop
   vertex -0.294477 0.551250 0.883275
   vertex -0.347471 0.519608 0.828722
   vertex -0.347471 0.519608 0.883330
  endloop
 endfacet
 facet normal -0.512655 0.858595 0.000000
  outer loop
   vertex -0.294477 0.551250 0.774058
   vertex -0.347471 0.519608 0.774113
   vertex -0.294477 0.551250 0.828667
  endloop
 endfacet
 facet normal -0.512655 0.858595 0.000000
  outer loop
   vertex -0.294477 0.551250 0.828667
   vertex -0.347471 0.519608 0.774113
   vertex -0.347471 0.519608 0.828722
  endloop
 endfacet
 facet normal -0.512655 0.858595 0.000000
  outer loop
   vertex -0.294477 0.551250 0.719450
   vertex -0.347471 0.519608 0.719504
   vertex -0.294477 0.551250 0.774058
  endloop
 endfacet
 facet normal -0.512655 0.858595 0.000000
  outer loop
   vertex -0.294477 0.551250 0.774058
   vertex -0.347471 0.519608 0.719504
   vertex -0.347471 0.519608 0.774113
  endloop
 endfacet
 facet normal -0.512655 0.858595 0.000000
  outer loop
   vertex -0.294477 0.551250 0.664842
   vertex -0.347471 0.519608 0.664896
   vertex -0.294477 0.551250 0.719450
  endloop
 endfacet
 facet normal -0.512655 0.858595 0.000000
  outer loop
   vertex -0.294477 0.551250 0.719450
   vertex -0.347471 0.519608 0.664896
   vertex -0.347471 0.519608 0.719504
  endloop
 endfacet
 facet normal -0.512655 0.858595 0.000000
  outer loop
   vertex -0.294477 0.551250 0.610233
   vertex -0.347471 0.519608 0.610288
   vertex -0.294477 0.551250 0.664842
  endloop
 endfacet
 facet normal -0.512655 0.858595 0.000000
  outer loop
   vertex -0.294477 0.551250 0.664842
   vertex -0.347471 0.519608 0.610288
   vertex -0.347471 0.519608 0.664896
  endloop
 endfacet
 facet normal -0.512655 0.858595 0.000000
  outer loop
   vertex -0.294477 0.551250 0.555625
   vertex -0.347471 0.519608 0.555679
   vertex -0.294477 0.551250 0.610233
  endloop
 endfacet
 facet normal -0.512655 0.858595 0.000000
  outer loop
   vertex -0.294477 0.551250 0.610233
   vertex -0.347471 0.519608 0.555679
   vertex -0.347471 0.519608 0.610288
  endloop
 endfacet
 facet normal -0.512655 0.858595 0.000000
  outer loop
   vertex -0.294477 0.551250 0.501017
   vertex -0.347471 0.519608 0.501071
   vertex -0.294477 0.551250 0.555625
  endloop
 endfacet
 facet normal -0.512655 0.858595 0.000000
  outer loop
   vertex -0.294477 0.551250 0.555625
   vertex -0.347471 0.519608 0.501071
   vertex -0.347471 0.519608 0.555679
  endloop
 endfacet
 facet normal -0.512655 0.858595 0.000000
  outer loop
   vertex -0.294477 0.551250 0.446407
   vertex -0.347471 0.519608 0.446463
   vertex -0.294477 0.551250 0.501017
  endloop
 endfacet
 facet normal -0.512655 0.858595 0.000000
  outer loop
   vertex -0.294477 0.551250 0.501017
   vertex -0.347471 0.519608 0.446463
   vertex -0.347471 0.519608 0.501071
  endloop
 endfacet
 facet normal -0.512655 0.858595 0.000000
  outer loop
   vertex -0.294477 0.551250 0.391800
   vertex -0.347471 0.519608 0.391854
   vertex -0.294477 0.551250 0.446407
  endloop
 endfacet
 facet normal -0.512655 0.858595 0.000000
  outer loop
   vertex -0.294477 0.551250 0.446407
   vertex -0.347471 0.519608 0.391854
   vertex -0.347471 0.519608 0.446463
  endloop
 endfacet
 facet normal -0.512648 0.858599 -0.000019
  outer loop
   vertex -0.294475 0.551250 0.337187
   vertex -0.347470 0.519608 0.337244
   vertex -0.294477 0.551250 0.391800
  endloop
 endfacet
 facet normal -0.512655 0.858595 -0.000010
  outer loop
   vertex -0.294477 0.551250 0.391800
   vertex -0.347470 0.519608 0.337244
   vertex -0.347471 0.519608 0.391854
  endloop
 endfacet
 facet normal -0.512573 0.858644 -0.000044
  outer loop
   vertex -0.294410 0.551286 0.282477
   vertex -0.347449 0.519624 0.282585
   vertex -0.294475 0.551250 0.337187
  endloop
 endfacet
 facet normal -0.512648 0.858599 0.000054
  outer loop
   vertex -0.294475 0.551250 0.337187
   vertex -0.347449 0.519624 0.282585
   vertex -0.347470 0.519608 0.337244
  endloop
 endfacet
 facet normal -0.292445 0.334516 -0.895865
  outer loop
   vertex -0.351662 0.366875 0.091597
   vertex -0.347122 0.419904 0.109916
   vertex -0.297446 0.382154 0.079604
  endloop
 endfacet
 facet normal -0.267752 0.363980 -0.892092
  outer loop
   vertex -0.297446 0.382154 0.079604
   vertex -0.347122 0.419904 0.109916
   vertex -0.293225 0.447383 0.104951
  endloop
 endfacet
 facet normal -0.213661 0.395481 -0.893277
  outer loop
   vertex -0.174667 0.381370 0.047206
   vertex -0.234509 0.372124 0.057426
   vertex -0.196126 0.435469 0.076290
  endloop
 endfacet
 facet normal -0.202794 0.390322 -0.898067
  outer loop
   vertex -0.196126 0.435469 0.076290
   vertex -0.234509 0.372124 0.057426
   vertex -0.245474 0.427650 0.084035
  endloop
 endfacet
 facet normal -0.312432 0.337360 -0.888017
  outer loop
   vertex -0.293031 0.321355 0.054953
   vertex -0.345320 0.320721 0.073109
   vertex -0.297446 0.382154 0.079604
  endloop
 endfacet
 facet normal -0.289960 0.321273 -0.901503
  outer loop
   vertex -0.297446 0.382154 0.079604
   vertex -0.345320 0.320721 0.073109
   vertex -0.351662 0.366875 0.091597
  endloop
 endfacet
 facet normal -0.339036 0.313308 -0.887070
  outer loop
   vertex -0.292440 0.265428 0.034974
   vertex -0.346632 0.267390 0.056379
   vertex -0.293031 0.321355 0.054953
  endloop
 endfacet
 facet normal -0.316967 0.290976 -0.902699
  outer loop
   vertex -0.293031 0.321355 0.054953
   vertex -0.346632 0.267390 0.056379
   vertex -0.345320 0.320721 0.073109
  endloop
 endfacet
 facet normal -0.382813 0.252516 -0.888645
  outer loop
   vertex -0.348944 0.212734 0.041844
   vertex -0.401853 0.217213 0.065909
   vertex -0.346632 0.267390 0.056379
  endloop
 endfacet
 facet normal -0.368375 0.234546 -0.899605
  outer loop
   vertex -0.346632 0.267390 0.056379
   vertex -0.401853 0.217213 0.065909
   vertex -0.391517 0.275039 0.076753
  endloop
 endfacet
 facet normal -0.406189 0.205296 -0.890429
  outer loop
   vertex -0.347390 0.151170 0.026941
   vertex -0.401050 0.158742 0.053165
   vertex -0.348944 0.212734 0.041844
  endloop
 endfacet
 facet normal -0.393009 0.190664 -0.899551
  outer loop
   vertex -0.348944 0.212734 0.041844
   vertex -0.401050 0.158742 0.053165
   vertex -0.401853 0.217213 0.065909
  endloop
 endfacet
 facet normal -0.421382 0.141750 -0.895737
  outer loop
   vertex -0.369204 0.090475 0.027598
   vertex -0.403712 0.103438 0.045883
   vertex -0.347390 0.151170 0.026941
  endloop
 endfacet
 facet normal -0.419032 0.138329 -0.897372
  outer loop
   vertex -0.347390 0.151170 0.026941
   vertex -0.403712 0.103438 0.045883
   vertex -0.401050 0.158742 0.053165
  endloop
 endfacet
 facet normal -0.441146 0.148970 -0.884985
  outer loop
   vertex -0.347390 0.151170 0.026941
   vertex -0.333532 0.109151 0.012960
   vertex -0.369204 0.090475 0.027598
  endloop
 endfacet
 facet normal 0.107867 0.345719 -0.932118
  outer loop
   vertex -0.333532 0.109151 0.012960
   vertex -0.347390 0.151170 0.026941
   vertex -0.342690 0.136921 0.022200
  endloop
 endfacet
 facet normal -0.425007 0.107309 -0.898807
  outer loop
   vertex -0.333532 0.109151 0.012960
   vertex -0.339112 0.060399 0.009778
   vertex -0.369204 0.090475 0.027598
  endloop
 endfacet
 facet normal 0.934094 -0.128651 0.333043
  outer loop
   vertex -0.335471 0.092212 0.011855
   vertex -0.339112 0.060399 0.009778
   vertex -0.333532 0.109151 0.012960
  endloop
 endfacet
 facet normal -0.450406 0.076411 -0.889548
  outer loop
   vertex -0.369204 0.090475 0.027598
   vertex -0.339112 0.060399 0.009778
   vertex -0.373736 0.036764 0.025279
  endloop
 endfacet
 facet normal -0.432861 0.043586 -0.900406
  outer loop
   vertex -0.339112 0.060399 0.009778
   vertex -0.342405 0.008319 0.008840
   vertex -0.373736 0.036764 0.025279
  endloop
 endfacet
 facet normal -0.432586 0.043571 -0.900539
  outer loop
   vertex -0.339612 0.041546 0.009106
   vertex -0.342405 0.008319 0.008840
   vertex -0.339112 0.060399 0.009778
  endloop
 endfacet
 facet normal -0.456738 0.011003 -0.889533
  outer loop
   vertex -0.342405 0.008319 0.008840
   vertex -0.374073 -0.005683 0.024927
   vertex -0.373736 0.036764 0.025279
  endloop
 endfacet
 facet normal -0.453039 -0.051749 -0.889987
  outer loop
   vertex -0.374163 -0.017104 0.024832
   vertex -0.339929 -0.047501 0.009173
   vertex -0.373013 -0.070683 0.027362
  endloop
 endfacet
 facet normal -0.427416 -0.095395 -0.899008
  outer loop
   vertex -0.339929 -0.047501 0.009173
   vertex -0.337583 -0.101476 0.013785
   vertex -0.373013 -0.070683 0.027362
  endloop
 endfacet
 facet normal 0.097414 0.088934 0.991262
  outer loop
   vertex -0.339804 -0.050391 0.009420
   vertex -0.337583 -0.101476 0.013785
   vertex -0.339929 -0.047501 0.009173
  endloop
 endfacet
 facet normal -0.439923 -0.113383 -0.890849
  outer loop
   vertex -0.373013 -0.070683 0.027362
   vertex -0.337583 -0.101476 0.013785
   vertex -0.370157 -0.123642 0.032692
  endloop
 endfacet
 facet normal -0.387078 -0.230843 -0.892683
  outer loop
   vertex -0.354134 -0.229982 0.048691
   vertex -0.394481 -0.209657 0.060930
   vertex -0.348526 -0.197571 0.037878
  endloop
 endfacet
 facet normal -0.396249 -0.201735 -0.895706
  outer loop
   vertex -0.348526 -0.197571 0.037878
   vertex -0.394481 -0.209657 0.060930
   vertex -0.368590 -0.168684 0.040248
  endloop
 endfacet
 facet normal -0.412705 -0.188984 -0.891044
  outer loop
   vertex -0.368590 -0.168684 0.040248
   vertex -0.394481 -0.209657 0.060930
   vertex -0.397663 -0.160453 0.051968
  endloop
 endfacet
 facet normal -0.314890 -0.315358 -0.895206
  outer loop
   vertex -0.291162 -0.321169 0.054314
   vertex -0.349078 -0.326040 0.076402
   vertex -0.302417 -0.270646 0.040475
  endloop
 endfacet
 facet normal -0.343423 -0.290065 -0.893265
  outer loop
   vertex -0.302417 -0.270646 0.040475
   vertex -0.349078 -0.326040 0.076402
   vertex -0.343978 -0.267756 0.055515
  endloop
 endfacet
 facet normal -0.361536 -0.259007 -0.895660
  outer loop
   vertex -0.343978 -0.267756 0.055515
   vertex -0.390163 -0.268708 0.074433
   vertex -0.354134 -0.229982 0.048691
  endloop
 endfacet
 facet normal -0.387636 -0.232329 -0.892055
  outer loop
   vertex -0.354134 -0.229982 0.048691
   vertex -0.390163 -0.268708 0.074433
   vertex -0.394481 -0.209657 0.060930
  endloop
 endfacet
 facet normal -0.296173 -0.342894 -0.891462
  outer loop
   vertex -0.266676 -0.278319 0.030332
   vertex -0.229206 -0.269375 0.014443
   vertex -0.245030 -0.324948 0.041076
  endloop
 endfacet
 facet normal -0.285049 -0.338914 -0.896596
  outer loop
   vertex -0.245030 -0.324948 0.041076
   vertex -0.291162 -0.321169 0.054314
   vertex -0.266676 -0.278319 0.030332
  endloop
 endfacet
 facet normal -0.321200 -0.316079 -0.892706
  outer loop
   vertex -0.266676 -0.278319 0.030332
   vertex -0.291162 -0.321169 0.054314
   vertex -0.302417 -0.270646 0.040475
  endloop
 endfacet
 facet normal -0.251239 -0.372221 -0.893493
  outer loop
   vertex -0.227102 -0.383495 0.060425
   vertex -0.293627 -0.381169 0.078162
   vertex -0.245030 -0.324948 0.041076
  endloop
 endfacet
 facet normal -0.284923 -0.343919 -0.894728
  outer loop
   vertex -0.245030 -0.324948 0.041076
   vertex -0.293627 -0.381169 0.078162
   vertex -0.291162 -0.321169 0.054314
  endloop
 endfacet
 facet normal -0.232049 -0.364400 -0.901868
  outer loop
   vertex -0.285054 -0.440478 0.099920
   vertex -0.293627 -0.381169 0.078162
   vertex -0.237126 -0.436530 0.085993
  endloop
 endfacet
 facet normal -0.250563 -0.381577 -0.889729
  outer loop
   vertex -0.237126 -0.436530 0.085993
   vertex -0.293627 -0.381169 0.078162
   vertex -0.227102 -0.383495 0.060425
  endloop
 endfacet
 facet normal -0.218833 -0.385321 -0.896460
  outer loop
   vertex -0.299582 -0.484039 0.122190
   vertex -0.285054 -0.440478 0.099920
   vertex -0.249740 -0.492577 0.113693
  endloop
 endfacet
 facet normal -0.227193 -0.389910 -0.892386
  outer loop
   vertex -0.249740 -0.492577 0.113693
   vertex -0.285054 -0.440478 0.099920
   vertex -0.237126 -0.436530 0.085993
  endloop
 endfacet
 facet normal -0.339319 -0.940671 -0.000157
  outer loop
   vertex -0.234609 -0.579099 0.557065
   vertex -0.234886 -0.578990 0.502467
   vertex -0.187683 -0.596026 0.556259
  endloop
 endfacet
 facet normal -0.261328 -0.965250 0.000792
  outer loop
   vertex -0.186350 -0.596355 0.664859
   vertex -0.186179 -0.596446 0.610461
   vertex -0.138224 -0.609385 0.664172
  endloop
 endfacet
 facet normal -0.133437 -0.991057 -0.000288
  outer loop
   vertex -0.100534 -0.616737 0.662007
   vertex -0.066698 -0.621298 0.680291
   vertex -0.100069 -0.616813 0.708118
  endloop
 endfacet
 facet normal -0.132901 -0.991129 0.000366
  outer loop
   vertex -0.100069 -0.616813 0.708118
   vertex -0.066698 -0.621298 0.680291
   vertex -0.066355 -0.621325 0.731667
  endloop
 endfacet
 facet normal -0.261519 -0.965198 0.000002
  outer loop
   vertex -0.186357 -0.596353 0.719450
   vertex -0.186350 -0.596355 0.664859
   vertex -0.138466 -0.609329 0.718112
  endloop
 endfacet
 facet normal -0.261341 -0.965247 -0.000170
  outer loop
   vertex -0.138466 -0.609329 0.718112
   vertex -0.186350 -0.596355 0.664859
   vertex -0.138224 -0.609385 0.664172
  endloop
 endfacet
 facet normal -0.132610 -0.991168 -0.000057
  outer loop
   vertex -0.100069 -0.616813 0.708118
   vertex -0.066355 -0.621325 0.731667
   vertex -0.099995 -0.616826 0.762062
  endloop
 endfacet
 facet normal -0.132429 -0.991192 0.000147
  outer loop
   vertex -0.099995 -0.616826 0.762062
   vertex -0.066355 -0.621325 0.731667
   vertex -0.066332 -0.621320 0.786075
  endloop
 endfacet
 facet normal -0.261529 -0.965196 0.000000
  outer loop
   vertex -0.186357 -0.596353 0.774059
   vertex -0.186357 -0.596353 0.719450
   vertex -0.138468 -0.609329 0.772694
  endloop
 endfacet
 facet normal -0.261519 -0.965198 -0.000010
  outer loop
   vertex -0.138468 -0.609329 0.772694
   vertex -0.186357 -0.596353 0.719450
   vertex -0.138466 -0.609329 0.718112
  endloop
 endfacet
 facet normal -0.132331 -0.991206 0.000007
  outer loop
   vertex -0.099995 -0.616826 0.762062
   vertex -0.066332 -0.621320 0.786075
   vertex -0.099992 -0.616826 0.816653
  endloop
 endfacet
 facet normal -0.132208 -0.991222 0.000145
  outer loop
   vertex -0.099992 -0.616826 0.816653
   vertex -0.066332 -0.621320 0.786075
   vertex -0.066332 -0.621312 0.840679
  endloop
 endfacet
 facet normal -0.261200 -0.965285 0.000000
  outer loop
   vertex -0.186357 -0.596353 0.828667
   vertex -0.186357 -0.596353 0.774059
   vertex -0.138333 -0.609348 0.827305
  endloop
 endfacet
 facet normal -0.261521 -0.965198 0.000310
  outer loop
   vertex -0.138333 -0.609348 0.827305
   vertex -0.186357 -0.596353 0.774059
   vertex -0.138468 -0.609329 0.772694
  endloop
 endfacet
 facet normal -0.132107 -0.991235 0.000000
  outer loop
   vertex -0.099992 -0.616826 0.816653
   vertex -0.066332 -0.621312 0.840679
   vertex -0.099992 -0.616826 0.871262
  endloop
 endfacet
 facet normal -0.131990 -0.991251 0.000130
  outer loop
   vertex -0.099992 -0.616826 0.871262
   vertex -0.066332 -0.621312 0.840679
   vertex -0.066331 -0.621305 0.895288
  endloop
 endfacet
 facet normal -0.260866 -0.965375 0.000000
  outer loop
   vertex -0.186357 -0.596353 0.883275
   vertex -0.186357 -0.596353 0.828667
   vertex -0.138367 -0.609321 0.881925
  endloop
 endfacet
 facet normal -0.261192 -0.965287 0.000315
  outer loop
   vertex -0.138367 -0.609321 0.881925
   vertex -0.186357 -0.596353 0.828667
   vertex -0.138333 -0.609348 0.827305
  endloop
 endfacet
 facet normal -0.131899 -0.991263 0.000000
  outer loop
   vertex -0.099992 -0.616826 0.871262
   vertex -0.066331 -0.621305 0.895288
   vertex -0.099992 -0.616826 0.925870
  endloop
 endfacet
 facet normal -0.131758 -0.991282 0.000158
  outer loop
   vertex -0.099992 -0.616826 0.925870
   vertex -0.066331 -0.621305 0.895288
   vertex -0.066348 -0.621294 0.949896
  endloop
 endfacet
 facet normal -0.259839 -0.965652 0.000000
  outer loop
   vertex -0.186357 -0.596353 0.937884
   vertex -0.186357 -0.596353 0.883275
   vertex -0.138338 -0.609274 0.936525
  endloop
 endfacet
 facet normal -0.260841 -0.965381 0.000969
  outer loop
   vertex -0.138338 -0.609274 0.936525
   vertex -0.186357 -0.596353 0.883275
   vertex -0.138367 -0.609321 0.881925
  endloop
 endfacet
 facet normal -0.132814 -0.991140 0.001663
  outer loop
   vertex -0.099992 -0.616826 0.925870
   vertex -0.066348 -0.621294 0.949896
   vertex -0.099964 -0.616738 0.980534
  endloop
 endfacet
 facet normal -0.131251 -0.991343 0.003409
  outer loop
   vertex -0.099964 -0.616738 0.980534
   vertex -0.066348 -0.621294 0.949896
   vertex -0.066520 -0.621084 1.004363
  endloop
 endfacet
 facet normal -0.259668 -0.965697 0.000979
  outer loop
   vertex -0.186512 -0.596256 0.992461
   vertex -0.186357 -0.596353 0.937884
   vertex -0.138364 -0.609204 0.991112
  endloop
 endfacet
 facet normal -0.259810 -0.965659 0.001115
  outer loop
   vertex -0.138364 -0.609204 0.991112
   vertex -0.186357 -0.596353 0.937884
   vertex -0.138338 -0.609274 0.936525
  endloop
 endfacet
 facet normal -0.132544 -0.991163 0.005257
  outer loop
   vertex -0.099964 -0.616738 0.980534
   vertex -0.066520 -0.621084 1.004363
   vertex -0.100036 -0.616439 1.035101
  endloop
 endfacet
 facet normal -0.139833 -0.990171 -0.002840
  outer loop
   vertex -0.100036 -0.616439 1.035101
   vertex -0.066520 -0.621084 1.004363
   vertex -0.067164 -0.621147 1.058030
  endloop
 endfacet
 facet normal -0.263078 -0.964770 0.002839
  outer loop
   vertex -0.187653 -0.595786 1.046460
   vertex -0.186512 -0.596256 0.992461
   vertex -0.139209 -0.608999 1.045408
  endloop
 endfacet
 facet normal -0.259704 -0.965688 -0.000396
  outer loop
   vertex -0.139209 -0.608999 1.045408
   vertex -0.186512 -0.596256 0.992461
   vertex -0.138364 -0.609204 0.991112
  endloop
 endfacet
 facet normal -0.141335 -0.989962 -0.000644
  outer loop
   vertex -0.100036 -0.616439 1.035101
   vertex -0.067164 -0.621147 1.058030
   vertex -0.101070 -0.616327 1.089899
  endloop
 endfacet
 facet normal -0.142213 -0.989835 -0.001596
  outer loop
   vertex -0.101070 -0.616327 1.089899
   vertex -0.067164 -0.621147 1.058030
   vertex -0.069170 -0.620920 1.095996
  endloop
 endfacet
 facet normal -0.288803 -0.957279 0.014487
  outer loop
   vertex -0.199805 -0.591396 1.094290
   vertex -0.187653 -0.595786 1.046460
   vertex -0.149503 -0.606577 1.093941
  endloop
 endfacet
 facet normal -0.263284 -0.964688 -0.007701
  outer loop
   vertex -0.149503 -0.606577 1.093941
   vertex -0.187653 -0.595786 1.046460
   vertex -0.139209 -0.608999 1.045408
  endloop
 endfacet
 facet normal -0.145531 -0.989221 0.016225
  outer loop
   vertex -0.069170 -0.620920 1.095996
   vertex -0.068216 -0.620660 1.120405
   vertex -0.101070 -0.616327 1.089899
  endloop
 endfacet
 facet normal -0.150660 -0.080110 0.985334
  outer loop
   vertex -0.068046 -0.547304 1.126395
   vertex -0.068216 -0.620660 1.120405
   vertex -0.020257 -0.552015 1.133319
  endloop
 endfacet
 facet normal -0.240412 -0.014626 0.970561
  outer loop
   vertex -0.020257 -0.552015 1.133319
   vertex -0.068216 -0.620660 1.120405
   vertex -0.006452 -0.624187 1.135651
  endloop
 endfacet
 facet normal -0.132763 -0.497999 0.856955
  outer loop
   vertex -0.117930 -0.553374 1.129750
   vertex -0.175390 -0.549800 1.122925
   vertex -0.149503 -0.606577 1.093941
  endloop
 endfacet
 facet normal -0.145479 -0.501650 0.852750
  outer loop
   vertex -0.149503 -0.606577 1.093941
   vertex -0.175390 -0.549800 1.122925
   vertex -0.199805 -0.591396 1.094290
  endloop
 endfacet
 facet normal -0.037765 0.693521 0.719446
  outer loop
   vertex -0.086290 -0.524085 1.103055
   vertex -0.068046 -0.547304 1.126395
   vertex -0.032909 -0.521978 1.103826
  endloop
 endfacet
 facet normal -0.036160 0.692361 0.720644
  outer loop
   vertex -0.032909 -0.521978 1.103826
   vertex -0.068046 -0.547304 1.126395
   vertex -0.020257 -0.552015 1.133319
  endloop
 endfacet
 facet normal -0.010832 0.698248 0.715774
  outer loop
   vertex -0.032909 -0.521978 1.103826
   vertex -0.020257 -0.552015 1.133319
   vertex 0.022582 -0.523193 1.105851
  endloop
 endfacet
 facet normal 0.001480 0.688744 0.725003
  outer loop
   vertex 0.022582 -0.523193 1.105851
   vertex -0.020257 -0.552015 1.133319
   vertex 0.039727 -0.555565 1.136569
  endloop
 endfacet
 facet normal -0.013646 0.835921 0.548681
  outer loop
   vertex 0.044521 -0.500088 1.071196
   vertex -0.010230 -0.501182 1.071501
   vertex 0.022582 -0.523193 1.105851
  endloop
 endfacet
 facet normal -0.001298 0.841407 0.540401
  outer loop
   vertex 0.022582 -0.523193 1.105851
   vertex -0.010230 -0.501182 1.071501
   vertex -0.032909 -0.521978 1.103826
  endloop
 endfacet
 facet normal -0.009138 0.713455 0.700641
  outer loop
   vertex -0.031489 -0.472383 1.041898
   vertex -0.010230 -0.501182 1.071501
   vertex 0.023041 -0.472046 1.042266
  endloop
 endfacet
 facet normal -0.010370 0.714143 0.699923
  outer loop
   vertex 0.023041 -0.472046 1.042266
   vertex -0.010230 -0.501182 1.071501
   vertex 0.044521 -0.500088 1.071196
  endloop
 endfacet
 facet normal -0.015436 0.453488 0.891129
  outer loop
   vertex 0.045665 -0.436178 1.024405
   vertex -0.008904 -0.435648 1.023190
   vertex 0.023041 -0.472046 1.042266
  endloop
 endfacet
 facet normal -0.008830 0.458097 0.888859
  outer loop
   vertex 0.023041 -0.472046 1.042266
   vertex -0.008904 -0.435648 1.023190
   vertex -0.031489 -0.472383 1.041898
  endloop
 endfacet
 facet normal -0.018651 0.034336 0.999236
  outer loop
   vertex -0.019206 -0.384117 1.021227
   vertex -0.008904 -0.435648 1.023190
   vertex 0.034292 -0.381278 1.022128
  endloop
 endfacet
 facet normal -0.021886 0.036904 0.999079
  outer loop
   vertex 0.034292 -0.381278 1.022128
   vertex -0.008904 -0.435648 1.023190
   vertex 0.045665 -0.436178 1.024405
  endloop
 endfacet
 facet normal -0.022676 0.099218 0.994807
  outer loop
   vertex -0.022149 -0.333204 1.016082
   vertex -0.019206 -0.384117 1.021227
   vertex 0.032672 -0.331914 1.017203
  endloop
 endfacet
 facet normal -0.021985 0.098538 0.994890
  outer loop
   vertex 0.032672 -0.331914 1.017203
   vertex -0.019206 -0.384117 1.021227
   vertex 0.034292 -0.381278 1.022128
  endloop
 endfacet
 facet normal -0.072862 -0.219658 0.972852
  outer loop
   vertex -0.029676 -0.286139 1.026145
   vertex -0.022149 -0.333204 1.016082
   vertex 0.020265 -0.274621 1.032486
  endloop
 endfacet
 facet normal -0.013610 -0.260466 0.965387
  outer loop
   vertex 0.020265 -0.274621 1.032486
   vertex -0.022149 -0.333204 1.016082
   vertex 0.032672 -0.331914 1.017203
  endloop
 endfacet
 facet normal -0.057739 -0.277587 0.958964
  outer loop
   vertex -0.024747 -0.224559 1.044267
   vertex -0.029676 -0.286139 1.026145
   vertex 0.020265 -0.274621 1.032486
  endloop
 endfacet
 facet normal 0.094186 -0.147030 0.984638
  outer loop
   vertex 0.046819 -0.214443 1.038932
   vertex -0.024747 -0.224559 1.044267
   vertex 0.020265 -0.274621 1.032486
  endloop
 endfacet
 facet normal 0.009389 -0.606195 0.795261
  outer loop
   vertex -0.028489 -0.154305 1.097863
   vertex -0.024747 -0.224559 1.044267
   vertex 0.021592 -0.163085 1.090579
  endloop
 endfacet
 facet normal 0.148490 -0.664014 0.732828
  outer loop
   vertex 0.021592 -0.163085 1.090579
   vertex -0.024747 -0.224559 1.044267
   vertex 0.046819 -0.214443 1.038932
  endloop
 endfacet
 facet normal 0.094153 -0.561506 0.822098
  outer loop
   vertex 0.044389 -0.109795 1.124366
   vertex -0.009720 -0.110593 1.130018
   vertex 0.021592 -0.163085 1.090579
  endloop
 endfacet
 facet normal 0.012305 -0.595934 0.802939
  outer loop
   vertex 0.021592 -0.163085 1.090579
   vertex -0.009720 -0.110593 1.130018
   vertex -0.028489 -0.154305 1.097863
  endloop
 endfacet
 facet normal 0.462000 -0.398495 0.792311
  outer loop
   vertex -0.025437 -0.067286 1.160964
   vertex -0.009720 -0.110593 1.130018
   vertex 0.029502 -0.051157 1.137041
  endloop
 endfacet
 facet normal 0.104797 -0.184623 0.977206
  outer loop
   vertex 0.029502 -0.051157 1.137041
   vertex -0.009720 -0.110593 1.130018
   vertex 0.044389 -0.109795 1.124366
  endloop
 endfacet
 facet normal -0.032777 -0.234292 0.971614
  outer loop
   vertex 0.092612 -0.211141 1.041273
   vertex 0.046819 -0.214443 1.038932
   vertex 0.081452 -0.265859 1.027702
  endloop
 endfacet
 facet normal 0.098235 -0.148747 0.983984
  outer loop
   vertex 0.081452 -0.265859 1.027702
   vertex 0.046819 -0.214443 1.038932
   vertex 0.020265 -0.274621 1.032486
  endloop
 endfacet
 facet normal -0.028444 0.613637 0.789076
  outer loop
   vertex -0.195358 -0.524587 1.102598
   vertex -0.175390 -0.549800 1.122925
   vertex -0.140843 -0.523508 1.103724
  endloop
 endfacet
 facet normal -0.052379 0.632933 0.772433
  outer loop
   vertex -0.140843 -0.523508 1.103724
   vertex -0.175390 -0.549800 1.122925
   vertex -0.117930 -0.553374 1.129750
  endloop
 endfacet
 facet normal 0.007362 0.838612 0.544679
  outer loop
   vertex -0.010230 -0.501182 1.071501
   vertex -0.064975 -0.500665 1.071445
   vertex -0.032909 -0.521978 1.103826
  endloop
 endfacet
 facet normal -0.040531 0.815713 0.577034
  outer loop
   vertex -0.032909 -0.521978 1.103826
   vertex -0.064975 -0.500665 1.071445
   vertex -0.086290 -0.524085 1.103055
  endloop
 endfacet
 facet normal 0.010239 0.784333 0.620255
  outer loop
   vertex -0.119541 -0.499079 1.072481
   vertex -0.174064 -0.498553 1.072716
   vertex -0.140843 -0.523508 1.103724
  endloop
 endfacet
 facet normal -0.028437 0.763629 0.645029
  outer loop
   vertex -0.140843 -0.523508 1.103724
   vertex -0.174064 -0.498553 1.072716
   vertex -0.195358 -0.524587 1.102598
  endloop
 endfacet
 facet normal 0.085405 0.669638 0.737760
  outer loop
   vertex -0.086175 -0.469292 1.045423
   vertex -0.064975 -0.500665 1.071445
   vertex -0.031489 -0.472383 1.041898
  endloop
 endfacet
 facet normal 0.006078 0.718938 0.695048
  outer loop
   vertex -0.031489 -0.472383 1.041898
   vertex -0.064975 -0.500665 1.071445
   vertex -0.010230 -0.501182 1.071501
  endloop
 endfacet
 facet normal 0.060827 0.634677 0.770380
  outer loop
   vertex -0.195088 -0.467142 1.048498
   vertex -0.174064 -0.498553 1.072716
   vertex -0.140843 -0.469044 1.045782
  endloop
 endfacet
 facet normal 0.009652 0.668166 0.743950
  outer loop
   vertex -0.140843 -0.469044 1.045782
   vertex -0.174064 -0.498553 1.072716
   vertex -0.119541 -0.499079 1.072481
  endloop
 endfacet
 facet normal 0.021101 0.443376 0.896087
  outer loop
   vertex -0.008904 -0.435648 1.023190
   vertex -0.063027 -0.434865 1.024077
   vertex -0.031489 -0.472383 1.041898
  endloop
 endfacet
 facet normal 0.083505 0.483963 0.871095
  outer loop
   vertex -0.031489 -0.472383 1.041898
   vertex -0.063027 -0.434865 1.024077
   vertex -0.086175 -0.469292 1.045423
  endloop
 endfacet
 facet normal 0.065715 0.288911 0.955098
  outer loop
   vertex -0.117114 -0.432186 1.033000
   vertex -0.173880 -0.430739 1.036468
   vertex -0.140843 -0.469044 1.045782
  endloop
 endfacet
 facet normal 0.057853 0.282705 0.957461
  outer loop
   vertex -0.140843 -0.469044 1.045782
   vertex -0.173880 -0.430739 1.036468
   vertex -0.195088 -0.467142 1.048498
  endloop
 endfacet
 facet normal 0.030355 0.029898 0.999092
  outer loop
   vertex -0.074010 -0.385484 1.022933
   vertex -0.063027 -0.434865 1.024077
   vertex -0.019206 -0.384117 1.021227
  endloop
 endfacet
 facet normal 0.016972 0.041449 0.998996
  outer loop
   vertex -0.019206 -0.384117 1.021227
   vertex -0.063027 -0.434865 1.024077
   vertex -0.008904 -0.435648 1.023190
  endloop
 endfacet
 facet normal 0.050958 0.188149 0.980818
  outer loop
   vertex -0.183549 -0.384201 1.028043
   vertex -0.173880 -0.430739 1.036468
   vertex -0.128953 -0.384579 1.025279
  endloop
 endfacet
 facet normal 0.064488 0.175362 0.982390
  outer loop
   vertex -0.128953 -0.384579 1.025279
   vertex -0.173880 -0.430739 1.036468
   vertex -0.117114 -0.432186 1.033000
  endloop
 endfacet
 facet normal 0.008057 0.122067 0.992489
  outer loop
   vertex -0.077103 -0.333479 1.016562
   vertex -0.074010 -0.385484 1.022933
   vertex -0.022149 -0.333204 1.016082
  endloop
 endfacet
 facet normal 0.028406 0.102126 0.994366
  outer loop
   vertex -0.022149 -0.333204 1.016082
   vertex -0.074010 -0.385484 1.022933
   vertex -0.019206 -0.384117 1.021227
  endloop
 endfacet
 facet normal -0.304779 0.767396 0.564104
  outer loop
   vertex -0.198269 -0.358886 0.985652
   vertex -0.183549 -0.384201 1.028043
   vertex -0.129456 -0.341363 0.998993
  endloop
 endfacet
 facet normal 0.046791 0.519497 0.853190
  outer loop
   vertex -0.129456 -0.341363 0.998993
   vertex -0.183549 -0.384201 1.028043
   vertex -0.128953 -0.384579 1.025279
  endloop
 endfacet
 facet normal -0.097791 -0.102418 0.989923
  outer loop
   vertex -0.079049 -0.279021 1.022004
   vertex -0.077103 -0.333479 1.016562
   vertex -0.029676 -0.286139 1.026145
  endloop
 endfacet
 facet normal 0.009582 -0.207608 0.978165
  outer loop
   vertex -0.029676 -0.286139 1.026145
   vertex -0.077103 -0.333479 1.016562
   vertex -0.022149 -0.333204 1.016082
  endloop
 endfacet
 facet normal -0.898544 -0.080434 0.431450
  outer loop
   vertex -0.142217 -0.251123 0.989240
   vertex -0.129456 -0.341363 0.998993
   vertex -0.128739 -0.262444 1.015199
  endloop
 endfacet
 facet normal 0.018121 -0.393753 0.919037
  outer loop
   vertex -0.088456 -0.218909 1.047944
   vertex -0.079049 -0.279021 1.022004
   vertex -0.024747 -0.224559 1.044267
  endloop
 endfacet
 facet normal -0.119241 -0.271504 0.955022
  outer loop
   vertex -0.024747 -0.224559 1.044267
   vertex -0.079049 -0.279021 1.022004
   vertex -0.029676 -0.286139 1.026145
  endloop
 endfacet
 facet normal -0.247821 -0.628226 0.737507
  outer loop
   vertex -0.137852 -0.213531 1.053802
   vertex -0.186057 -0.218465 1.033401
   vertex -0.128739 -0.262444 1.015199
  endloop
 endfacet
 facet normal -0.613637 -0.789175 -0.025565
  outer loop
   vertex -0.128739 -0.262444 1.015199
   vertex -0.186057 -0.218465 1.033401
   vertex -0.142217 -0.251123 0.989240
  endloop
 endfacet
 facet normal -0.588052 -0.808697 0.014271
  outer loop
   vertex -0.142217 -0.251123 0.989240
   vertex -0.186057 -0.218465 1.033401
   vertex -0.171497 -0.229795 0.991324
  endloop
 endfacet
 facet normal -0.039816 -0.607396 0.793401
  outer loop
   vertex -0.028489 -0.154305 1.097863
   vertex -0.077266 -0.158941 1.091866
   vertex -0.024747 -0.224559 1.044267
  endloop
 endfacet
 facet normal -0.005750 -0.590179 0.807252
  outer loop
   vertex -0.024747 -0.224559 1.044267
   vertex -0.077266 -0.158941 1.091866
   vertex -0.088456 -0.218909 1.047944
  endloop
 endfacet
 facet normal 0.092614 -0.618511 0.780299
  outer loop
   vertex -0.131105 -0.161900 1.093927
   vertex -0.185494 -0.165467 1.097555
   vertex -0.137852 -0.213531 1.053802
  endloop
 endfacet
 facet normal -0.187737 -0.756437 0.626544
  outer loop
   vertex -0.137852 -0.213531 1.053802
   vertex -0.185494 -0.165467 1.097555
   vertex -0.186057 -0.218465 1.033401
  endloop
 endfacet
 facet normal 0.079068 -0.612508 0.786500
  outer loop
   vertex -0.009720 -0.110593 1.130018
   vertex -0.069596 -0.101668 1.142988
   vertex -0.028489 -0.154305 1.097863
  endloop
 endfacet
 facet normal -0.028859 -0.663478 0.747639
  outer loop
   vertex -0.028489 -0.154305 1.097863
   vertex -0.069596 -0.101668 1.142988
   vertex -0.077266 -0.158941 1.091866
  endloop
 endfacet
 facet normal 0.044182 -0.635192 0.771090
  outer loop
   vertex -0.129051 -0.104097 1.141425
   vertex -0.183332 -0.105832 1.143106
   vertex -0.131105 -0.161900 1.093927
  endloop
 endfacet
 facet normal 0.092453 -0.606525 0.789671
  outer loop
   vertex -0.131105 -0.161900 1.093927
   vertex -0.183332 -0.105832 1.143106
   vertex -0.185494 -0.165467 1.097555
  endloop
 endfacet
 facet normal 0.096148 -0.555365 0.826030
  outer loop
   vertex -0.025437 -0.067286 1.160964
   vertex -0.069596 -0.101668 1.142988
   vertex -0.009720 -0.110593 1.130018
  endloop
 endfacet
 facet normal 0.030326 -0.493427 0.869258
  outer loop
   vertex -0.025437 -0.067286 1.160964
   vertex -0.067527 -0.048266 1.173229
   vertex -0.069596 -0.101668 1.142988
  endloop
 endfacet
 facet normal 0.095467 -0.549265 0.830177
  outer loop
   vertex -0.117268 -0.051753 1.174702
   vertex -0.172359 -0.052958 1.180240
   vertex -0.129051 -0.104097 1.141425
  endloop
 endfacet
 facet normal 0.043732 -0.580244 0.813268
  outer loop
   vertex -0.129051 -0.104097 1.141425
   vertex -0.172359 -0.052958 1.180240
   vertex -0.183332 -0.105832 1.143106
  endloop
 endfacet
 facet normal 0.655410 -0.260553 0.708908
  outer loop
   vertex -0.073621 -0.004954 1.194782
   vertex -0.067527 -0.048266 1.173229
   vertex -0.047829 -0.030974 1.161373
  endloop
 endfacet
 facet normal 0.360523 0.212087 0.908319
  outer loop
   vertex -0.047829 -0.030974 1.161373
   vertex -0.067527 -0.048266 1.173229
   vertex -0.025437 -0.067286 1.160964
  endloop
 endfacet
 facet normal 0.052759 -0.388479 0.919946
  outer loop
   vertex -0.183416 -0.005630 1.200860
   vertex -0.172359 -0.052958 1.180240
   vertex -0.128730 -0.005092 1.197951
  endloop
 endfacet
 facet normal 0.099761 -0.423997 0.900153
  outer loop
   vertex -0.128730 -0.005092 1.197951
   vertex -0.172359 -0.052958 1.180240
   vertex -0.117268 -0.051753 1.174702
  endloop
 endfacet
 facet normal -0.046284 -0.119941 0.991701
  outer loop
   vertex -0.186463 0.048413 1.207254
   vertex -0.183416 -0.005630 1.200860
   vertex -0.130328 0.044337 1.209381
  endloop
 endfacet
 facet normal 0.053970 -0.223311 0.973252
  outer loop
   vertex -0.130328 0.044337 1.209381
   vertex -0.183416 -0.005630 1.200860
   vertex -0.128730 -0.005092 1.197951
  endloop
 endfacet
 facet normal -0.129835 -0.148125 0.980409
  outer loop
   vertex -0.193743 0.100589 1.214173
   vertex -0.186463 0.048413 1.207254
   vertex -0.135171 0.100770 1.221957
  endloop
 endfacet
 facet normal -0.052979 -0.221536 0.973712
  outer loop
   vertex -0.135171 0.100770 1.221957
   vertex -0.186463 0.048413 1.207254
   vertex -0.130328 0.044337 1.209381
  endloop
 endfacet
 facet normal -0.077923 -0.177320 0.981063
  outer loop
   vertex -0.185421 0.156630 1.224963
   vertex -0.193743 0.100589 1.214173
   vertex -0.131870 0.154985 1.228919
  endloop
 endfacet
 facet normal -0.130451 -0.118464 0.984352
  outer loop
   vertex -0.131870 0.154985 1.228919
   vertex -0.193743 0.100589 1.214173
   vertex -0.135171 0.100770 1.221957
  endloop
 endfacet
 facet normal -0.024282 -0.152148 0.988059
  outer loop
   vertex -0.180479 0.215613 1.234167
   vertex -0.185421 0.156630 1.224963
   vertex -0.131434 0.215494 1.235354
  endloop
 endfacet
 facet normal -0.076472 -0.104896 0.991539
  outer loop
   vertex -0.131434 0.215494 1.235354
   vertex -0.185421 0.156630 1.224963
   vertex -0.131870 0.154985 1.228919
  endloop
 endfacet
 facet normal 0.096018 0.519146 0.849275
  outer loop
   vertex -0.186268 0.247110 1.215568
   vertex -0.180479 0.215613 1.234167
   vertex -0.140924 0.251387 1.207827
  endloop
 endfacet
 facet normal -0.621807 0.774261 0.117799
  outer loop
   vertex -0.140924 0.251387 1.207827
   vertex -0.180479 0.215613 1.234167
   vertex -0.126295 0.258348 1.239294
  endloop
 endfacet
 facet normal -0.024314 -0.088638 0.995767
  outer loop
   vertex -0.126295 0.258348 1.239294
   vertex -0.180479 0.215613 1.234167
   vertex -0.131434 0.215494 1.235354
  endloop
 endfacet
 facet normal -0.593234 0.630353 0.500729
  outer loop
   vertex -0.121671 0.260506 0.886188
   vertex -0.119674 0.322112 0.811000
   vertex -0.168409 0.241182 0.855142
  endloop
 endfacet
 facet normal 0.013847 0.472353 0.881301
  outer loop
   vertex -0.171014 0.323617 0.811000
   vertex -0.168409 0.241182 0.855142
   vertex -0.119674 0.322112 0.811000
  endloop
 endfacet
 facet normal 0.435751 -0.762323 0.478524
  outer loop
   vertex -0.189755 0.366349 0.896141
   vertex -0.171014 0.323617 0.811000
   vertex -0.142182 0.387211 0.886055
  endloop
 endfacet
 facet normal -0.022236 -0.758538 0.651250
  outer loop
   vertex -0.142182 0.387211 0.886055
   vertex -0.171014 0.323617 0.811000
   vertex -0.119674 0.322112 0.811000
  endloop
 endfacet
 facet normal 0.272327 -0.962202 0.002372
  outer loop
   vertex -0.140727 0.387754 0.939276
   vertex -0.142182 0.387211 0.886055
   vertex -0.083102 0.404060 0.937935
  endloop
 endfacet
 facet normal 0.274004 -0.961728 0.000308
  outer loop
   vertex -0.083102 0.404060 0.937935
   vertex -0.142182 0.387211 0.886055
   vertex -0.082853 0.404114 0.885100
  endloop
 endfacet
 facet normal 0.271989 -0.962300 0.000250
  outer loop
   vertex -0.140565 0.387814 0.993857
   vertex -0.140727 0.387754 0.939276
   vertex -0.083025 0.404077 0.992492
  endloop
 endfacet
 facet normal 0.272275 -0.962219 -0.000085
  outer loop
   vertex -0.083025 0.404077 0.992492
   vertex -0.140727 0.387754 0.939276
   vertex -0.083102 0.404060 0.937935
  endloop
 endfacet
 facet normal 0.271977 -0.962304 0.000006
  outer loop
   vertex -0.140559 0.387816 1.048466
   vertex -0.140565 0.387814 0.993857
   vertex -0.083021 0.404078 1.047101
  endloop
 endfacet
 facet normal 0.271983 -0.962302 -0.000002
  outer loop
   vertex -0.083021 0.404078 1.047101
   vertex -0.140565 0.387814 0.993857
   vertex -0.083025 0.404077 0.992492
  endloop
 endfacet
 facet normal 0.271968 -0.962306 0.000005
  outer loop
   vertex -0.140560 0.387816 1.103075
   vertex -0.140559 0.387816 1.048466
   vertex -0.083020 0.404078 1.101709
  endloop
 endfacet
 facet normal 0.271976 -0.962304 -0.000005
  outer loop
   vertex -0.083020 0.404078 1.101709
   vertex -0.140559 0.387816 1.048466
   vertex -0.083021 0.404078 1.047101
  endloop
 endfacet
 facet normal 0.271972 -0.962305 -0.000005
  outer loop
   vertex -0.140559 0.387816 1.157683
   vertex -0.140560 0.387816 1.103075
   vertex -0.083020 0.404078 1.156319
  endloop
 endfacet
 facet normal 0.271968 -0.962306 0.000000
  outer loop
   vertex -0.083020 0.404078 1.156319
   vertex -0.140560 0.387816 1.103075
   vertex -0.083020 0.404078 1.101709
  endloop
 endfacet
 facet normal 0.277302 -0.960747 -0.008237
  outer loop
   vertex -0.140889 0.387249 1.212708
   vertex -0.140559 0.387816 1.157683
   vertex -0.082149 0.404217 1.211101
  endloop
 endfacet
 facet normal 0.271930 -0.962315 -0.001882
  outer loop
   vertex -0.082149 0.404217 1.211101
   vertex -0.140559 0.387816 1.157683
   vertex -0.083020 0.404078 1.156319
  endloop
 endfacet
 facet normal 0.275867 -0.961187 -0.004158
  outer loop
   vertex -0.141101 0.386953 1.267072
   vertex -0.140889 0.387249 1.212708
   vertex -0.082113 0.403888 1.265909
  endloop
 endfacet
 facet normal 0.277365 -0.960746 -0.005950
  outer loop
   vertex -0.082113 0.403888 1.265909
   vertex -0.140889 0.387249 1.212708
   vertex -0.082149 0.404217 1.211101
  endloop
 endfacet
 facet normal 0.273865 -0.961750 0.005988
  outer loop
   vertex -0.142287 0.386950 1.320835
   vertex -0.141101 0.386953 1.267072
   vertex -0.083655 0.403671 1.324877
  endloop
 endfacet
 facet normal 0.276010 -0.961148 0.003681
  outer loop
   vertex -0.083655 0.403671 1.324877
   vertex -0.141101 0.386953 1.267072
   vertex -0.082113 0.403888 1.265909
  endloop
 endfacet
 facet normal 0.296921 -0.954888 0.005222
  outer loop
   vertex -0.130392 0.390950 1.375926
   vertex -0.142287 0.386950 1.320835
   vertex -0.108333 0.397712 1.358151
  endloop
 endfacet
 facet normal 0.272239 -0.961772 0.029666
  outer loop
   vertex -0.108333 0.397712 1.358151
   vertex -0.142287 0.386950 1.320835
   vertex -0.083655 0.403671 1.324877
  endloop
 endfacet
 facet normal -0.097397 -0.509039 0.855215
  outer loop
   vertex -0.192298 0.423075 1.395316
   vertex -0.184357 0.379008 1.369991
   vertex -0.140532 0.434487 1.408004
  endloop
 endfacet
 facet normal 0.040823 -0.586502 0.808918
  outer loop
   vertex -0.140532 0.434487 1.408004
   vertex -0.184357 0.379008 1.369991
   vertex -0.130392 0.390950 1.375926
  endloop
 endfacet
 facet normal -0.133072 -0.403062 0.905446
  outer loop
   vertex -0.179442 0.480706 1.422860
   vertex -0.192298 0.423075 1.395316
   vertex -0.140532 0.434487 1.408004
  endloop
 endfacet
 facet normal -0.053569 -0.346159 0.936645
  outer loop
   vertex -0.117643 0.486996 1.428719
   vertex -0.179442 0.480706 1.422860
   vertex -0.140532 0.434487 1.408004
  endloop
 endfacet
 facet normal 0.043024 -0.230875 0.972032
  outer loop
   vertex -0.185996 0.541223 1.437524
   vertex -0.179442 0.480706 1.422860
   vertex -0.130754 0.542415 1.435362
  endloop
 endfacet
 facet normal -0.079644 -0.137192 0.987338
  outer loop
   vertex -0.130754 0.542415 1.435362
   vertex -0.179442 0.480706 1.422860
   vertex -0.117643 0.486996 1.428719
  endloop
 endfacet
 facet normal -0.289012 0.192081 0.937858
  outer loop
   vertex -0.201558 0.591384 1.422455
   vertex -0.185996 0.541223 1.437524
   vertex -0.141479 0.586145 1.442042
  endloop
 endfacet
 facet normal 0.041751 -0.140859 0.989149
  outer loop
   vertex -0.141479 0.586145 1.442042
   vertex -0.185996 0.541223 1.437524
   vertex -0.130754 0.542415 1.435362
  endloop
 endfacet
 facet normal -0.241247 0.922223 0.302166
  outer loop
   vertex -0.133207 0.610383 1.374671
   vertex -0.186310 0.596430 1.374859
   vertex -0.141479 0.586145 1.442042
  endloop
 endfacet
 facet normal 0.047261 0.991616 0.120269
  outer loop
   vertex -0.141479 0.586145 1.442042
   vertex -0.186310 0.596430 1.374859
   vertex -0.201558 0.591384 1.422455
  endloop
 endfacet
 facet normal -0.254805 0.966992 -0.001241
  outer loop
   vertex -0.131219 0.610837 1.320258
   vertex -0.184182 0.596881 1.320151
   vertex -0.133207 0.610383 1.374671
  endloop
 endfacet
 facet normal -0.254133 0.967167 -0.001913
  outer loop
   vertex -0.133207 0.610383 1.374671
   vertex -0.184182 0.596881 1.320151
   vertex -0.186310 0.596430 1.374859
  endloop
 endfacet
 facet normal -0.257044 0.966397 0.002389
  outer loop
   vertex -0.131231 0.610969 1.265556
   vertex -0.184243 0.596869 1.265475
   vertex -0.131219 0.610837 1.320258
  endloop
 endfacet
 facet normal -0.254807 0.966992 0.000072
  outer loop
   vertex -0.131219 0.610837 1.320258
   vertex -0.184243 0.596869 1.265475
   vertex -0.184182 0.596881 1.320151
  endloop
 endfacet
 facet normal -0.252682 0.967548 0.001595
  outer loop
   vertex -0.131212 0.611064 1.210926
   vertex -0.184318 0.597195 1.210926
   vertex -0.131231 0.610969 1.265556
  endloop
 endfacet
 facet normal -0.257045 0.966380 0.006129
  outer loop
   vertex -0.131231 0.610969 1.265556
   vertex -0.184318 0.597195 1.210926
   vertex -0.184243 0.596869 1.265475
  endloop
 endfacet
 facet normal -0.252699 0.967545 0.000000
  outer loop
   vertex -0.131212 0.611064 1.156318
   vertex -0.184318 0.597194 1.156318
   vertex -0.131212 0.611064 1.210926
  endloop
 endfacet
 facet normal -0.252682 0.967549 -0.000018
  outer loop
   vertex -0.131212 0.611064 1.210926
   vertex -0.184318 0.597194 1.156318
   vertex -0.184318 0.597195 1.210926
  endloop
 endfacet
 facet normal -0.252699 0.967545 0.000000
  outer loop
   vertex -0.131212 0.611064 1.101709
   vertex -0.184318 0.597194 1.101709
   vertex -0.131212 0.611064 1.156318
  endloop
 endfacet
 facet normal -0.252699 0.967545 0.000000
  outer loop
   vertex -0.131212 0.611064 1.156318
   vertex -0.184318 0.597194 1.101709
   vertex -0.184318 0.597194 1.156318
  endloop
 endfacet
 facet normal -0.252699 0.967545 0.000000
  outer loop
   vertex -0.131212 0.611064 1.047101
   vertex -0.184318 0.597194 1.047101
   vertex -0.131212 0.611064 1.101709
  endloop
 endfacet
 facet normal -0.252699 0.967545 0.000000
  outer loop
   vertex -0.131212 0.611064 1.101709
   vertex -0.184318 0.597194 1.047101
   vertex -0.184318 0.597194 1.101709
  endloop
 endfacet
 facet normal -0.252699 0.967545 0.000000
  outer loop
   vertex -0.131212 0.611064 0.992493
   vertex -0.184318 0.597194 0.992493
   vertex -0.131212 0.611064 1.047101
  endloop
 endfacet
 facet normal -0.252699 0.967545 0.000000
  outer loop
   vertex -0.131212 0.611064 1.047101
   vertex -0.184318 0.597194 0.992493
   vertex -0.184318 0.597194 1.047101
  endloop
 endfacet
 facet normal -0.252699 0.967545 0.000000
  outer loop
   vertex -0.131212 0.611064 0.937884
   vertex -0.184318 0.597194 0.937884
   vertex -0.131212 0.611064 0.992493
  endloop
 endfacet
 facet normal -0.252699 0.967545 0.000000
  outer loop
   vertex -0.131212 0.611064 0.992493
   vertex -0.184318 0.597194 0.937884
   vertex -0.184318 0.597194 0.992493
  endloop
 endfacet
 facet normal -0.252699 0.967545 0.000000
  outer loop
   vertex -0.131212 0.611064 0.883275
   vertex -0.184318 0.597194 0.883275
   vertex -0.131212 0.611064 0.937884
  endloop
 endfacet
 facet normal -0.252699 0.967545 0.000000
  outer loop
   vertex -0.131212 0.611064 0.937884
   vertex -0.184318 0.597194 0.883275
   vertex -0.184318 0.597194 0.937884
  endloop
 endfacet
 facet normal -0.252699 0.967545 0.000000
  outer loop
   vertex -0.131212 0.611064 0.828667
   vertex -0.184318 0.597194 0.828667
   vertex -0.131212 0.611064 0.883275
  endloop
 endfacet
 facet normal -0.252699 0.967545 0.000000
  outer loop
   vertex -0.131212 0.611064 0.883275
   vertex -0.184318 0.597194 0.828667
   vertex -0.184318 0.597194 0.883275
  endloop
 endfacet
 facet normal -0.252699 0.967545 0.000000
  outer loop
   vertex -0.131212 0.611064 0.774058
   vertex -0.184318 0.597194 0.774058
   vertex -0.131212 0.611064 0.828667
  endloop
 endfacet
 facet normal -0.252699 0.967545 0.000000
  outer loop
   vertex -0.131212 0.611064 0.828667
   vertex -0.184318 0.597194 0.774058
   vertex -0.184318 0.597194 0.828667
  endloop
 endfacet
 facet normal -0.252699 0.967545 0.000000
  outer loop
   vertex -0.131212 0.611064 0.719450
   vertex -0.184318 0.597194 0.719450
   vertex -0.131212 0.611064 0.774058
  endloop
 endfacet
 facet normal -0.252699 0.967545 0.000000
  outer loop
   vertex -0.131212 0.611064 0.774058
   vertex -0.184318 0.597194 0.719450
   vertex -0.184318 0.597194 0.774058
  endloop
 endfacet
 facet normal -0.252699 0.967545 0.000000
  outer loop
   vertex -0.131212 0.611064 0.664842
   vertex -0.184318 0.597194 0.664842
   vertex -0.131212 0.611064 0.719450
  endloop
 endfacet
 facet normal -0.252699 0.967545 0.000000
  outer loop
   vertex -0.131212 0.611064 0.719450
   vertex -0.184318 0.597194 0.664842
   vertex -0.184318 0.597194 0.719450
  endloop
 endfacet
 facet normal -0.252699 0.967545 0.000000
  outer loop
   vertex -0.131212 0.611064 0.610233
   vertex -0.184318 0.597194 0.610233
   vertex -0.131212 0.611064 0.664842
  endloop
 endfacet
 facet normal -0.252699 0.967545 0.000000
  outer loop
   vertex -0.131212 0.611064 0.664842
   vertex -0.184318 0.597194 0.610233
   vertex -0.184318 0.597194 0.664842
  endloop
 endfacet
 facet normal -0.252699 0.967545 0.000000
  outer loop
   vertex -0.131212 0.611064 0.555625
   vertex -0.184318 0.597194 0.555625
   vertex -0.131212 0.611064 0.610233
  endloop
 endfacet
 facet normal -0.252699 0.967545 0.000000
  outer loop
   vertex -0.131212 0.611064 0.610233
   vertex -0.184318 0.597194 0.555625
   vertex -0.184318 0.597194 0.610233
  endloop
 endfacet
 facet normal -0.252699 0.967545 0.000000
  outer loop
   vertex -0.131212 0.611064 0.501017
   vertex -0.184318 0.597194 0.501017
   vertex -0.131212 0.611064 0.555625
  endloop
 endfacet
 facet normal -0.252699 0.967545 0.000000
  outer loop
   vertex -0.131212 0.611064 0.555625
   vertex -0.184318 0.597194 0.501017
   vertex -0.184318 0.597194 0.555625
  endloop
 endfacet
 facet normal -0.252699 0.967545 0.000000
  outer loop
   vertex -0.131212 0.611064 0.446407
   vertex -0.184318 0.597194 0.446407
   vertex -0.131212 0.611064 0.501017
  endloop
 endfacet
 facet normal -0.252699 0.967545 0.000000
  outer loop
   vertex -0.131212 0.611064 0.501017
   vertex -0.184318 0.597194 0.446407
   vertex -0.184318 0.597194 0.501017
  endloop
 endfacet
 facet normal -0.252699 0.967545 0.000000
  outer loop
   vertex -0.131212 0.611064 0.391799
   vertex -0.184318 0.597194 0.391799
   vertex -0.131212 0.611064 0.446407
  endloop
 endfacet
 facet normal -0.252699 0.967545 0.000000
  outer loop
   vertex -0.131212 0.611064 0.446407
   vertex -0.184318 0.597194 0.391799
   vertex -0.184318 0.597194 0.446407
  endloop
 endfacet
 facet normal -0.252686 0.967548 0.000000
  outer loop
   vertex -0.131212 0.611064 0.337191
   vertex -0.184317 0.597195 0.337190
   vertex -0.131212 0.611064 0.391799
  endloop
 endfacet
 facet normal -0.252699 0.967545 0.000013
  outer loop
   vertex -0.131212 0.611064 0.391799
   vertex -0.184317 0.597195 0.337190
   vertex -0.184318 0.597194 0.391799
  endloop
 endfacet
 facet normal -0.160977 0.417017 -0.894530
  outer loop
   vertex -0.124165 0.390236 0.042251
   vertex -0.174667 0.381370 0.047206
   vertex -0.141937 0.440501 0.068882
  endloop
 endfacet
 facet normal -0.161012 0.417031 -0.894517
  outer loop
   vertex -0.141937 0.440501 0.068882
   vertex -0.174667 0.381370 0.047206
   vertex -0.196126 0.435469 0.076290
  endloop
 endfacet
 facet normal -0.161606 0.421958 -0.892096
  outer loop
   vertex -0.134592 0.330813 0.016033
   vertex -0.174667 0.381370 0.047206
   vertex -0.124165 0.390236 0.042251
  endloop
 endfacet
 facet normal -0.135046 -0.419730 -0.897546
  outer loop
   vertex -0.186141 -0.501696 0.105118
   vertex -0.181400 -0.438287 0.074752
   vertex -0.125657 -0.491745 0.091364
  endloop
 endfacet
 facet normal -0.145914 -0.429143 -0.891373
  outer loop
   vertex -0.125657 -0.491745 0.091364
   vertex -0.181400 -0.438287 0.074752
   vertex -0.123251 -0.432483 0.062439
  endloop
 endfacet
 facet normal -0.148352 -0.416524 -0.896939
  outer loop
   vertex -0.181400 -0.438287 0.074752
   vertex -0.173145 -0.385226 0.048746
   vertex -0.123251 -0.432483 0.062439
  endloop
 endfacet
 facet normal -0.160866 -0.427593 -0.889543
  outer loop
   vertex -0.123251 -0.432483 0.062439
   vertex -0.173145 -0.385226 0.048746
   vertex -0.129635 -0.379044 0.037906
  endloop
 endfacet
 facet normal -0.162964 -0.419172 -0.893162
  outer loop
   vertex -0.129635 -0.379044 0.037906
   vertex -0.173145 -0.385226 0.048746
   vertex -0.133676 -0.331071 0.016129
  endloop
 endfacet
 facet normal -0.198874 -0.395370 -0.896734
  outer loop
   vertex -0.191393 -0.327653 0.027409
   vertex -0.173145 -0.385226 0.048746
   vertex -0.194225 -0.327485 0.027963
  endloop
 endfacet
 facet normal -0.036061 -0.450347 -0.892125
  outer loop
   vertex -0.009166 -0.492488 0.083878
   vertex -0.068954 -0.486195 0.083118
   vertex -0.020771 -0.439168 0.057431
  endloop
 endfacet
 facet normal -0.045267 -0.442757 -0.895498
  outer loop
   vertex -0.020771 -0.439168 0.057431
   vertex -0.068954 -0.486195 0.083118
   vertex -0.068775 -0.431293 0.055964
  endloop
 endfacet
 facet normal -0.046428 -0.449221 -0.892214
  outer loop
   vertex -0.020771 -0.439168 0.057431
   vertex -0.068775 -0.431293 0.055964
   vertex -0.032179 -0.382248 0.029366
  endloop
 endfacet
 facet normal -0.069404 -0.435063 -0.897721
  outer loop
   vertex -0.032179 -0.382248 0.029366
   vertex -0.068775 -0.431293 0.055964
   vertex -0.086638 -0.380479 0.032719
  endloop
 endfacet
 facet normal -0.746558 -0.248542 0.617154
  outer loop
   vertex -0.065605 -0.334680 0.008088
   vertex -0.047203 -0.360868 0.019802
   vertex -0.032179 -0.382248 0.029366
  endloop
 endfacet
 facet normal -0.069431 -0.447590 -0.891540
  outer loop
   vertex -0.086638 -0.380479 0.032719
   vertex -0.065605 -0.334680 0.008088
   vertex -0.032179 -0.382248 0.029366
  endloop
 endfacet
 facet normal -0.049095 -0.436368 -0.898428
  outer loop
   vertex -0.047203 -0.360868 0.019802
   vertex -0.065605 -0.334680 0.008088
   vertex -0.018596 -0.355431 0.015598
  endloop
 endfacet
 facet normal -0.049089 -0.436389 -0.898418
  outer loop
   vertex -0.047203 -0.360868 0.019802
   vertex -0.018596 -0.355431 0.015598
   vertex -0.032179 -0.382248 0.029366
  endloop
 endfacet
 facet normal 0.193663 -0.416836 -0.888112
  outer loop
   vertex 0.135267 -0.375317 0.037054
   vertex 0.147389 -0.321461 0.014420
   vertex 0.184259 -0.333139 0.027941
  endloop
 endfacet
 facet normal 0.297127 0.087475 -0.950823
  outer loop
   vertex 0.243878 0.257681 0.016408
   vertex 0.216587 0.263532 0.008418
   vertex 0.249544 0.262729 0.018643
  endloop
 endfacet
 facet normal 0.283834 0.366507 -0.886065
  outer loop
   vertex 0.216587 0.263532 0.008418
   vertex 0.238038 0.274473 0.019815
   vertex 0.249544 0.262729 0.018643
  endloop
 endfacet
 facet normal 0.283847 0.366472 -0.886075
  outer loop
   vertex 0.223786 0.289021 0.021266
   vertex 0.192588 0.281973 0.008357
   vertex 0.194204 0.319216 0.024278
  endloop
 endfacet
 facet normal 0.261553 0.346166 -0.900977
  outer loop
   vertex 0.238038 0.274473 0.019815
   vertex 0.259467 0.329058 0.047008
   vertex 0.249544 0.262729 0.018643
  endloop
 endfacet
 facet normal 0.261603 0.346143 -0.900971
  outer loop
   vertex 0.223786 0.289021 0.021266
   vertex 0.259467 0.329058 0.047008
   vertex 0.238038 0.274473 0.019815
  endloop
 endfacet
 facet normal 0.261591 0.346153 -0.900971
  outer loop
   vertex 0.194204 0.319216 0.024278
   vertex 0.259467 0.329058 0.047008
   vertex 0.223786 0.289021 0.021266
  endloop
 endfacet
 facet normal 0.253302 0.377440 -0.890717
  outer loop
   vertex 0.194204 0.319216 0.024278
   vertex 0.210466 0.379111 0.054283
   vertex 0.259467 0.329058 0.047008
  endloop
 endfacet
 facet normal 0.234400 0.360685 -0.902753
  outer loop
   vertex 0.259467 0.329058 0.047008
   vertex 0.210466 0.379111 0.054283
   vertex 0.253533 0.376880 0.064574
  endloop
 endfacet
 facet normal 0.233568 0.379652 -0.895159
  outer loop
   vertex 0.253533 0.376880 0.064574
   vertex 0.210466 0.379111 0.054283
   vertex 0.247628 0.426387 0.084030
  endloop
 endfacet
 facet normal 0.200909 0.403691 -0.892563
  outer loop
   vertex 0.247628 0.426387 0.084030
   vertex 0.210466 0.379111 0.054283
   vertex 0.186088 0.436704 0.074844
  endloop
 endfacet
 facet normal 0.201007 0.404700 -0.892084
  outer loop
   vertex 0.186088 0.436704 0.074844
   vertex 0.198890 0.492011 0.102819
   vertex 0.247628 0.426387 0.084030
  endloop
 endfacet
 facet normal 0.187207 0.396374 -0.898800
  outer loop
   vertex 0.247628 0.426387 0.084030
   vertex 0.198890 0.492011 0.102819
   vertex 0.253161 0.488551 0.112597
  endloop
 endfacet
 facet normal 0.186977 0.410125 -0.892657
  outer loop
   vertex 0.198890 0.492011 0.102819
   vertex 0.210203 0.540514 0.127473
   vertex 0.253161 0.488551 0.112597
  endloop
 endfacet
 facet normal 0.179967 0.405363 -0.896266
  outer loop
   vertex 0.253161 0.488551 0.112597
   vertex 0.210203 0.540514 0.127473
   vertex 0.264085 0.540971 0.138499
  endloop
 endfacet
 facet normal 0.180047 0.404538 -0.896622
  outer loop
   vertex 0.264085 0.540971 0.138499
   vertex 0.210203 0.540514 0.127473
   vertex 0.240554 0.576937 0.150001
  endloop
 endfacet
 facet normal 0.157565 0.421156 -0.893197
  outer loop
   vertex 0.224515 0.579682 0.148466
   vertex 0.210203 0.540514 0.127473
   vertex 0.197913 0.584237 0.145921
  endloop
 endfacet
 facet normal 0.157561 0.421157 -0.893197
  outer loop
   vertex 0.240554 0.576937 0.150001
   vertex 0.210203 0.540514 0.127473
   vertex 0.224515 0.579682 0.148466
  endloop
 endfacet
 facet normal 0.171432 0.984729 -0.030319
  outer loop
   vertex 0.224515 0.579682 0.148466
   vertex 0.240481 0.576967 0.150562
   vertex 0.240554 0.576937 0.150001
  endloop
 endfacet
 facet normal 0.209104 0.712989 -0.669270
  outer loop
   vertex 0.226881 0.579280 0.148777
   vertex 0.240481 0.576967 0.150562
   vertex 0.224515 0.579682 0.148466
  endloop
 endfacet
 facet normal 0.057390 0.799188 0.598335
  outer loop
   vertex 0.240481 0.576967 0.150562
   vertex 0.226881 0.579280 0.148777
   vertex 0.240408 0.576979 0.150553
  endloop
 endfacet
 facet normal 0.171419 0.984756 -0.029505
  outer loop
   vertex 0.226881 0.579280 0.148777
   vertex 0.197913 0.584237 0.145921
   vertex 0.198830 0.584100 0.146677
  endloop
 endfacet
 facet normal 0.172061 0.984405 -0.036621
  outer loop
   vertex 0.224515 0.579682 0.148466
   vertex 0.197913 0.584237 0.145921
   vertex 0.226881 0.579280 0.148777
  endloop
 endfacet
 facet normal 0.171456 0.984733 -0.030059
  outer loop
   vertex 0.226881 0.579280 0.148777
   vertex 0.198830 0.584100 0.146677
   vertex 0.240408 0.576979 0.150553
  endloop
 endfacet
 facet normal 0.330791 0.913803 -0.235671
  outer loop
   vertex 0.198830 0.584100 0.146677
   vertex 0.197913 0.584237 0.145921
   vertex 0.197818 0.584471 0.146695
  endloop
 endfacet
 facet normal 0.344582 0.938756 0.000000
  outer loop
   vertex 0.236016 0.578776 0.335825
   vertex 0.193015 0.594560 0.337136
   vertex 0.236016 0.578776 0.390434
  endloop
 endfacet
 facet normal 0.344582 0.938756 0.000000
  outer loop
   vertex 0.236016 0.578776 0.390434
   vertex 0.193015 0.594560 0.337136
   vertex 0.193015 0.594560 0.391745
  endloop
 endfacet
 facet normal 0.344582 0.938756 0.000000
  outer loop
   vertex 0.236016 0.578776 0.390434
   vertex 0.193015 0.594560 0.391745
   vertex 0.236016 0.578776 0.445043
  endloop
 endfacet
 facet normal 0.344582 0.938756 0.000000
  outer loop
   vertex 0.236016 0.578776 0.445043
   vertex 0.193015 0.594560 0.391745
   vertex 0.193015 0.594560 0.446353
  endloop
 endfacet
 facet normal 0.344582 0.938756 0.000000
  outer loop
   vertex 0.236016 0.578776 0.445043
   vertex 0.193015 0.594560 0.446353
   vertex 0.236016 0.578776 0.499651
  endloop
 endfacet
 facet normal 0.344582 0.938756 0.000000
  outer loop
   vertex 0.236016 0.578776 0.499651
   vertex 0.193015 0.594560 0.446353
   vertex 0.193015 0.594560 0.500961
  endloop
 endfacet
 facet normal 0.344582 0.938756 0.000000
  outer loop
   vertex 0.236016 0.578776 0.499651
   vertex 0.193015 0.594560 0.500961
   vertex 0.236016 0.578776 0.554259
  endloop
 endfacet
 facet normal 0.344582 0.938756 0.000000
  outer loop
   vertex 0.236016 0.578776 0.554259
   vertex 0.193015 0.594560 0.500961
   vertex 0.193015 0.594560 0.555570
  endloop
 endfacet
 facet normal 0.344582 0.938756 0.000000
  outer loop
   vertex 0.236016 0.578776 0.554259
   vertex 0.193015 0.594560 0.555570
   vertex 0.236016 0.578776 0.608868
  endloop
 endfacet
 facet normal 0.344582 0.938756 0.000000
  outer loop
   vertex 0.236016 0.578776 0.608868
   vertex 0.193015 0.594560 0.555570
   vertex 0.193015 0.594560 0.610178
  endloop
 endfacet
 facet normal 0.344582 0.938756 0.000000
  outer loop
   vertex 0.236016 0.578776 0.608868
   vertex 0.193015 0.594560 0.610178
   vertex 0.236016 0.578776 0.663476
  endloop
 endfacet
 facet normal 0.344582 0.938756 0.000000
  outer loop
   vertex 0.236016 0.578776 0.663476
   vertex 0.193015 0.594560 0.610178
   vertex 0.193015 0.594560 0.664787
  endloop
 endfacet
 facet normal 0.344582 0.938756 0.000000
  outer loop
   vertex 0.236016 0.578776 0.663476
   vertex 0.193015 0.594560 0.664787
   vertex 0.236016 0.578776 0.718084
  endloop
 endfacet
 facet normal 0.344582 0.938756 0.000000
  outer loop
   vertex 0.236016 0.578776 0.718084
   vertex 0.193015 0.594560 0.664787
   vertex 0.193015 0.594560 0.719396
  endloop
 endfacet
 facet normal 0.344582 0.938756 0.000000
  outer loop
   vertex 0.236016 0.578776 0.718084
   vertex 0.193015 0.594560 0.719396
   vertex 0.236016 0.578776 0.772694
  endloop
 endfacet
 facet normal 0.344599 0.938750 -0.000016
  outer loop
   vertex 0.236016 0.578776 0.772694
   vertex 0.193015 0.594560 0.719396
   vertex 0.193015 0.594561 0.774004
  endloop
 endfacet
 facet normal 0.344600 0.938750 0.000000
  outer loop
   vertex 0.236016 0.578776 0.772694
   vertex 0.193015 0.594561 0.774004
   vertex 0.236016 0.578776 0.827302
  endloop
 endfacet
 facet normal 0.344600 0.938750 0.000000
  outer loop
   vertex 0.236016 0.578776 0.827302
   vertex 0.193015 0.594561 0.774004
   vertex 0.193015 0.594561 0.828612
  endloop
 endfacet
 facet normal 0.344600 0.938750 0.000000
  outer loop
   vertex 0.236016 0.578776 0.827302
   vertex 0.193015 0.594561 0.828612
   vertex 0.236016 0.578776 0.881910
  endloop
 endfacet
 facet normal 0.344600 0.938750 0.000000
  outer loop
   vertex 0.236016 0.578776 0.881910
   vertex 0.193015 0.594561 0.828612
   vertex 0.193015 0.594561 0.883221
  endloop
 endfacet
 facet normal 0.344600 0.938750 0.000000
  outer loop
   vertex 0.236016 0.578776 0.881910
   vertex 0.193015 0.594561 0.883221
   vertex 0.236016 0.578776 0.936519
  endloop
 endfacet
 facet normal 0.344600 0.938750 0.000000
  outer loop
   vertex 0.236016 0.578776 0.936519
   vertex 0.193015 0.594561 0.883221
   vertex 0.193015 0.594561 0.937830
  endloop
 endfacet
 facet normal 0.344600 0.938750 0.000000
  outer loop
   vertex 0.236016 0.578776 0.936519
   vertex 0.193015 0.594561 0.937830
   vertex 0.236016 0.578776 0.991127
  endloop
 endfacet
 facet normal 0.344600 0.938750 0.000000
  outer loop
   vertex 0.236016 0.578776 0.991127
   vertex 0.193015 0.594561 0.937830
   vertex 0.193015 0.594561 0.992438
  endloop
 endfacet
 facet normal 0.344600 0.938750 0.000000
  outer loop
   vertex 0.236016 0.578776 0.991127
   vertex 0.193015 0.594561 0.992438
   vertex 0.236016 0.578776 1.045736
  endloop
 endfacet
 facet normal 0.344600 0.938750 0.000000
  outer loop
   vertex 0.236016 0.578776 1.045736
   vertex 0.193015 0.594561 0.992438
   vertex 0.193015 0.594561 1.047047
  endloop
 endfacet
 facet normal 0.344600 0.938750 0.000000
  outer loop
   vertex 0.236016 0.578776 1.045736
   vertex 0.193015 0.594561 1.047047
   vertex 0.236016 0.578776 1.100345
  endloop
 endfacet
 facet normal 0.344600 0.938750 0.000000
  outer loop
   vertex 0.236016 0.578776 1.100345
   vertex 0.193015 0.594561 1.047047
   vertex 0.193015 0.594561 1.101655
  endloop
 endfacet
 facet normal 0.344600 0.938750 0.000000
  outer loop
   vertex 0.236016 0.578776 1.100345
   vertex 0.193015 0.594561 1.101655
   vertex 0.236016 0.578776 1.154953
  endloop
 endfacet
 facet normal 0.344589 0.938754 0.000010
  outer loop
   vertex 0.236016 0.578776 1.154953
   vertex 0.193015 0.594561 1.101655
   vertex 0.193016 0.594560 1.156263
  endloop
 endfacet
 facet normal 0.344589 0.938754 0.000000
  outer loop
   vertex 0.236016 0.578776 1.154953
   vertex 0.193016 0.594560 1.156263
   vertex 0.236016 0.578776 1.209561
  endloop
 endfacet
 facet normal 0.344589 0.938754 0.000000
  outer loop
   vertex 0.236016 0.578776 1.209561
   vertex 0.193016 0.594560 1.156263
   vertex 0.193016 0.594560 1.210872
  endloop
 endfacet
 facet normal 0.344690 0.938708 0.003880
  outer loop
   vertex 0.236016 0.578776 1.209561
   vertex 0.193016 0.594560 1.210872
   vertex 0.235555 0.578720 1.264074
  endloop
 endfacet
 facet normal 0.344079 0.938930 0.004435
  outer loop
   vertex 0.235555 0.578720 1.264074
   vertex 0.193016 0.594560 1.210872
   vertex 0.192567 0.594467 1.265405
  endloop
 endfacet
 facet normal 0.343945 0.938990 -0.000573
  outer loop
   vertex 0.235555 0.578720 1.264074
   vertex 0.192567 0.594467 1.265405
   vertex 0.235296 0.578848 1.318448
  endloop
 endfacet
 facet normal 0.341684 0.939814 0.001491
  outer loop
   vertex 0.235296 0.578848 1.318448
   vertex 0.192567 0.594467 1.265405
   vertex 0.192933 0.594248 1.319556
  endloop
 endfacet
 facet normal 0.341619 0.939838 -0.001331
  outer loop
   vertex 0.235296 0.578848 1.318448
   vertex 0.192933 0.594248 1.319556
   vertex 0.232984 0.579756 1.366223
  endloop
 endfacet
 facet normal 0.344286 0.938857 -0.003924
  outer loop
   vertex 0.232984 0.579756 1.366223
   vertex 0.192933 0.594248 1.319556
   vertex 0.194108 0.594044 1.373854
  endloop
 endfacet
 facet normal 0.347343 0.937634 0.013942
  outer loop
   vertex 0.232984 0.579756 1.366223
   vertex 0.194108 0.594044 1.373854
   vertex 0.249240 0.573010 1.414917
  endloop
 endfacet
 facet normal 0.348383 0.937271 0.012359
  outer loop
   vertex 0.249240 0.573010 1.414917
   vertex 0.194108 0.594044 1.373854
   vertex 0.188331 0.595542 1.423096
  endloop
 endfacet
 facet normal 0.309028 0.555035 0.772294
  outer loop
   vertex 0.188331 0.595542 1.423096
   vertex 0.197549 0.543368 1.456904
   vertex 0.249240 0.573010 1.414917
  endloop
 endfacet
 facet normal 0.017794 0.806349 0.591173
  outer loop
   vertex 0.249240 0.573010 1.414917
   vertex 0.197549 0.543368 1.456904
   vertex 0.244455 0.538970 1.461491
  endloop
 endfacet
 facet normal -0.104337 -0.078779 0.991417
  outer loop
   vertex 0.197549 0.543368 1.456904
   vertex 0.197802 0.482034 1.452057
   vertex 0.244455 0.538970 1.461491
  endloop
 endfacet
 facet normal -0.006001 -0.158675 0.987313
  outer loop
   vertex 0.244455 0.538970 1.461491
   vertex 0.197802 0.482034 1.452057
   vertex 0.250415 0.477736 1.451686
  endloop
 endfacet
 facet normal -0.044120 -0.608472 0.792348
  outer loop
   vertex 0.197802 0.482034 1.452057
   vertex 0.197020 0.435536 1.416306
   vertex 0.250415 0.477736 1.451686
  endloop
 endfacet
 facet normal -0.019737 -0.627560 0.778318
  outer loop
   vertex 0.250415 0.477736 1.451686
   vertex 0.197020 0.435536 1.416306
   vertex 0.252990 0.434371 1.416786
  endloop
 endfacet
 facet normal -0.019993 -0.646273 0.762844
  outer loop
   vertex 0.197020 0.435536 1.416306
   vertex 0.196304 0.382819 1.371626
   vertex 0.252990 0.434371 1.416786
  endloop
 endfacet
 facet normal -0.071379 -0.611692 0.787869
  outer loop
   vertex 0.252990 0.434371 1.416786
   vertex 0.196304 0.382819 1.371626
   vertex 0.252680 0.382589 1.376555
  endloop
 endfacet
 facet normal -0.045344 -0.877355 0.477694
  outer loop
   vertex 0.196304 0.382819 1.371626
   vertex 0.203339 0.358392 1.327430
   vertex 0.252680 0.382589 1.376555
  endloop
 endfacet
 facet normal 0.120277 -0.933132 0.338818
  outer loop
   vertex 0.252680 0.382589 1.376555
   vertex 0.203339 0.358392 1.327430
   vertex 0.254127 0.362360 1.320329
  endloop
 endfacet
 facet normal 0.143301 -0.805734 0.574681
  outer loop
   vertex 0.203339 0.358392 1.327430
   vertex 0.196617 0.322048 1.278150
   vertex 0.254127 0.362360 1.320329
  endloop
 endfacet
 facet normal 0.064557 -0.763915 0.642079
  outer loop
   vertex 0.254127 0.362360 1.320329
   vertex 0.196617 0.322048 1.278150
   vertex 0.253098 0.322221 1.272677
  endloop
 endfacet
 facet normal 0.076585 -0.633022 0.770336
  outer loop
   vertex 0.196617 0.322048 1.278150
   vertex 0.200890 0.271289 1.236014
   vertex 0.253098 0.322221 1.272677
  endloop
 endfacet
 facet normal 0.041009 -0.611076 0.790509
  outer loop
   vertex 0.253098 0.322221 1.272677
   vertex 0.200890 0.271289 1.236014
   vertex 0.265795 0.272320 1.233444
  endloop
 endfacet
 facet normal 0.042518 -0.305219 0.951332
  outer loop
   vertex 0.265795 0.272320 1.233444
   vertex 0.200890 0.271289 1.236014
   vertex 0.239611 0.213700 1.215807
  endloop
 endfacet
 facet normal 0.061456 -0.293424 0.954005
  outer loop
   vertex 0.239611 0.213700 1.215807
   vertex 0.200890 0.271289 1.236014
   vertex 0.189975 0.205388 1.216448
  endloop
 endfacet
 facet normal 0.043783 -0.185757 0.981620
  outer loop
   vertex 0.189975 0.205388 1.216448
   vertex 0.197057 0.157764 1.207120
   vertex 0.239611 0.213700 1.215807
  endloop
 endfacet
 facet normal 0.106302 -0.231066 0.967113
  outer loop
   vertex 0.239611 0.213700 1.215807
   vertex 0.197057 0.157764 1.207120
   vertex 0.250869 0.158835 1.201461
  endloop
 endfacet
 facet normal 0.106398 -0.164294 0.980656
  outer loop
   vertex 0.197057 0.157764 1.207120
   vertex 0.197097 0.104428 1.198180
   vertex 0.250869 0.158835 1.201461
  endloop
 endfacet
 facet normal 0.080804 -0.139378 0.986937
  outer loop
   vertex 0.250869 0.158835 1.201461
   vertex 0.197097 0.104428 1.198180
   vertex 0.252608 0.105447 1.193779
  endloop
 endfacet
 facet normal 0.081020 -0.270648 0.959263
  outer loop
   vertex 0.197097 0.104428 1.198180
   vertex 0.196911 0.053905 1.183941
   vertex 0.252608 0.105447 1.193779
  endloop
 endfacet
 facet normal -0.033662 -0.152165 0.987782
  outer loop
   vertex 0.252608 0.105447 1.193779
   vertex 0.196911 0.053905 1.183941
   vertex 0.257739 0.051322 1.185616
  endloop
 endfacet
 facet normal -0.040656 -0.350708 0.935602
  outer loop
   vertex 0.196911 0.053905 1.183941
   vertex 0.208579 0.010586 1.168210
   vertex 0.257739 0.051322 1.185616
  endloop
 endfacet
 facet normal 0.041739 -0.434751 0.899583
  outer loop
   vertex 0.257739 0.051322 1.185616
   vertex 0.208579 0.010586 1.168210
   vertex 0.251779 0.017951 1.169765
  endloop
 endfacet
 facet normal 0.030787 -0.376102 0.926067
  outer loop
   vertex 0.251779 0.017951 1.169765
   vertex 0.208579 0.010586 1.168210
   vertex 0.248571 -0.011258 1.158009
  endloop
 endfacet
 facet normal 0.078875 -0.327766 0.941461
  outer loop
   vertex 0.185303 -0.028517 1.157301
   vertex 0.197469 -0.064768 1.143661
   vertex 0.248571 -0.011258 1.158009
  endloop
 endfacet
 facet normal -0.020927 -0.240239 0.970488
  outer loop
   vertex 0.248571 -0.011258 1.158009
   vertex 0.197469 -0.064768 1.143661
   vertex 0.247976 -0.066926 1.144216
  endloop
 endfacet
 facet normal -0.034360 -0.598325 0.800516
  outer loop
   vertex 0.197469 -0.064768 1.143661
   vertex 0.210999 -0.101372 1.116883
   vertex 0.247976 -0.066926 1.144216
  endloop
 endfacet
 facet normal -0.164755 -0.498485 0.851098
  outer loop
   vertex 0.247976 -0.066926 1.144216
   vertex 0.210999 -0.101372 1.116883
   vertex 0.254788 -0.107518 1.121760
  endloop
 endfacet
 facet normal -0.173144 -0.638684 0.749736
  outer loop
   vertex 0.254788 -0.107518 1.121760
   vertex 0.210999 -0.101372 1.116883
   vertex 0.248475 -0.148167 1.085674
  endloop
 endfacet
 facet normal 0.013165 -0.547485 0.836712
  outer loop
   vertex 0.248475 -0.148167 1.085674
   vertex 0.210999 -0.101372 1.116883
   vertex 0.198648 -0.156814 1.080800
  endloop
 endfacet
 facet normal 0.036700 -0.642779 0.765172
  outer loop
   vertex 0.248475 -0.148167 1.085674
   vertex 0.198648 -0.156814 1.080800
   vertex 0.251929 -0.207069 1.036028
  endloop
 endfacet
 facet normal 0.170481 -0.548519 0.818574
  outer loop
   vertex 0.251929 -0.207069 1.036028
   vertex 0.198648 -0.156814 1.080800
   vertex 0.183839 -0.218318 1.042671
  endloop
 endfacet
 facet normal 0.126131 -0.188297 0.973979
  outer loop
   vertex 0.183839 -0.218318 1.042671
   vertex 0.195891 -0.276112 1.029937
   vertex 0.251929 -0.207069 1.036028
  endloop
 endfacet
 facet normal -0.063656 -0.036317 0.997311
  outer loop
   vertex 0.251929 -0.207069 1.036028
   vertex 0.195891 -0.276112 1.029937
   vertex 0.251823 -0.280481 1.033348
  endloop
 endfacet
 facet normal -0.072866 -0.164904 0.983614
  outer loop
   vertex 0.195891 -0.276112 1.029937
   vertex 0.199209 -0.335305 1.020259
   vertex 0.251823 -0.280481 1.033348
  endloop
 endfacet
 facet normal -0.081815 -0.156477 0.984287
  outer loop
   vertex 0.251823 -0.280481 1.033348
   vertex 0.199209 -0.335305 1.020259
   vertex 0.248809 -0.335876 1.024291
  endloop
 endfacet
 facet normal -0.078832 0.130754 0.988276
  outer loop
   vertex 0.199209 -0.335305 1.020259
   vertex 0.199344 -0.383748 1.026679
   vertex 0.248809 -0.335876 1.024291
  endloop
 endfacet
 facet normal 0.032525 0.016243 0.999339
  outer loop
   vertex 0.248809 -0.335876 1.024291
   vertex 0.199344 -0.383748 1.026679
   vertex 0.253893 -0.384135 1.024910
  endloop
 endfacet
 facet normal 0.033045 0.124973 0.991610
  outer loop
   vertex 0.199344 -0.383748 1.026679
   vertex 0.207453 -0.437697 1.033208
   vertex 0.253893 -0.384135 1.024910
  endloop
 endfacet
 facet normal -0.037392 0.184572 0.982107
  outer loop
   vertex 0.253893 -0.384135 1.024910
   vertex 0.207453 -0.437697 1.033208
   vertex 0.263059 -0.430045 1.033887
  endloop
 endfacet
 facet normal -0.076173 0.475781 0.876259
  outer loop
   vertex 0.263059 -0.430045 1.033887
   vertex 0.207453 -0.437697 1.033208
   vertex 0.240812 -0.465953 1.051450
  endloop
 endfacet
 facet normal -0.112190 0.442085 0.889929
  outer loop
   vertex 0.240812 -0.465953 1.051450
   vertex 0.207453 -0.437697 1.033208
   vertex 0.186865 -0.468765 1.046046
  endloop
 endfacet
 facet normal -0.108762 0.662786 0.740868
  outer loop
   vertex 0.186865 -0.468765 1.046046
   vertex 0.208009 -0.496908 1.074327
   vertex 0.240812 -0.465953 1.051450
  endloop
 endfacet
 facet normal -0.025878 0.611736 0.790639
  outer loop
   vertex 0.240812 -0.465953 1.051450
   vertex 0.208009 -0.496908 1.074327
   vertex 0.263951 -0.497814 1.076859
  endloop
 endfacet
 facet normal -0.017089 0.760124 0.649553
  outer loop
   vertex 0.263951 -0.497814 1.076859
   vertex 0.208009 -0.496908 1.074327
   vertex 0.238389 -0.522296 1.104836
  endloop
 endfacet
 facet normal -0.017760 0.759782 0.649936
  outer loop
   vertex 0.238389 -0.522296 1.104836
   vertex 0.208009 -0.496908 1.074327
   vertex 0.186496 -0.522444 1.103591
  endloop
 endfacet
 facet normal 0.131966 -0.451620 0.882397
  outer loop
   vertex 0.315919 -0.491544 1.072296
   vertex 0.263951 -0.497814 1.076859
   vertex 0.296119 -0.549943 1.045368
  endloop
 endfacet
 facet normal 0.846027 0.232133 0.479951
  outer loop
   vertex 0.296119 -0.549943 1.045368
   vertex 0.263951 -0.497814 1.076859
   vertex 0.274765 -0.560925 1.088321
  endloop
 endfacet
 facet normal 0.601925 0.241385 0.761196
  outer loop
   vertex 0.274765 -0.560925 1.088321
   vertex 0.263951 -0.497814 1.076859
   vertex 0.238389 -0.522296 1.104836
  endloop
 endfacet
 facet normal 0.754691 0.577821 0.310748
  outer loop
   vertex 0.238389 -0.522296 1.104836
   vertex 0.247026 -0.545142 1.126341
   vertex 0.274765 -0.560925 1.088321
  endloop
 endfacet
 facet normal 0.393353 -0.711455 0.582328
  outer loop
   vertex 0.274765 -0.560925 1.088321
   vertex 0.247026 -0.545142 1.126341
   vertex 0.236611 -0.577730 1.093562
  endloop
 endfacet
 facet normal 0.316084 -0.334554 -0.887786
  outer loop
   vertex 0.360398 -0.327491 0.081036
   vertex 0.307632 -0.381059 0.082436
   vertex 0.308643 -0.326479 0.062228
  endloop
 endfacet
 facet normal 0.321798 -0.290506 -0.901140
  outer loop
   vertex 0.360398 -0.327491 0.081036
   vertex 0.308643 -0.326479 0.062228
   vertex 0.357260 -0.274961 0.062981
  endloop
 endfacet
 facet normal 0.339442 -0.307333 -0.889003
  outer loop
   vertex 0.357260 -0.274961 0.062981
   vertex 0.308643 -0.326479 0.062228
   vertex 0.301479 -0.265272 0.038333
  endloop
 endfacet
 facet normal 0.353097 -0.256228 -0.899816
  outer loop
   vertex 0.357260 -0.274961 0.062981
   vertex 0.301479 -0.265272 0.038333
   vertex 0.358127 -0.220914 0.047931
  endloop
 endfacet
 facet normal 0.368116 -0.278138 -0.887204
  outer loop
   vertex 0.358127 -0.220914 0.047931
   vertex 0.301479 -0.265272 0.038333
   vertex 0.327063 -0.217335 0.033920
  endloop
 endfacet
 facet normal 0.420872 0.143994 -0.895619
  outer loop
   vertex 0.408558 0.167936 0.058372
   vertex 0.398303 0.105595 0.043530
   vertex 0.349338 0.151664 0.027927
  endloop
 endfacet
 facet normal 0.424471 0.148654 -0.893155
  outer loop
   vertex 0.398303 0.105595 0.043530
   vertex 0.346779 0.095037 0.017286
   vertex 0.349338 0.151664 0.027927
  endloop
 endfacet
 facet normal 0.383647 0.209428 -0.899419
  outer loop
   vertex 0.345687 0.155857 0.027346
   vertex 0.364291 0.218110 0.049777
   vertex 0.349338 0.151664 0.027927
  endloop
 endfacet
 facet normal 0.383720 0.209397 -0.899395
  outer loop
   vertex 0.309736 0.197143 0.021620
   vertex 0.364291 0.218110 0.049777
   vertex 0.345687 0.155857 0.027346
  endloop
 endfacet
 facet normal 0.383698 0.209451 -0.899392
  outer loop
   vertex 0.300792 0.207413 0.020196
   vertex 0.364291 0.218110 0.049777
   vertex 0.309736 0.197143 0.021620
  endloop
 endfacet
 facet normal 0.368669 0.270688 -0.889276
  outer loop
   vertex 0.300792 0.207413 0.020196
   vertex 0.312638 0.274123 0.045413
   vertex 0.364291 0.218110 0.049777
  endloop
 endfacet
 facet normal 0.349647 0.252131 -0.902317
  outer loop
   vertex 0.364291 0.218110 0.049777
   vertex 0.312638 0.274123 0.045413
   vertex 0.362689 0.274260 0.064846
  endloop
 endfacet
 facet normal 0.345870 0.288445 -0.892845
  outer loop
   vertex 0.362689 0.274260 0.064846
   vertex 0.312638 0.274123 0.045413
   vertex 0.344478 0.320810 0.072830
  endloop
 endfacet
 facet normal 0.317703 0.309631 -0.896211
  outer loop
   vertex 0.344478 0.320810 0.072830
   vertex 0.312638 0.274123 0.045413
   vertex 0.306569 0.323599 0.060355
  endloop
 endfacet
 facet normal 0.316589 0.336833 -0.886744
  outer loop
   vertex 0.344478 0.320810 0.072830
   vertex 0.306569 0.323599 0.060355
   vertex 0.301176 0.371300 0.076549
  endloop
 endfacet
 facet normal 0.298816 0.322434 -0.898190
  outer loop
   vertex 0.301176 0.371300 0.076549
   vertex 0.362980 0.370792 0.096928
   vertex 0.344478 0.320810 0.072830
  endloop
 endfacet
 facet normal 0.295799 0.351267 -0.888321
  outer loop
   vertex 0.301176 0.371300 0.076549
   vertex 0.305962 0.430060 0.101378
   vertex 0.362980 0.370792 0.096928
  endloop
 endfacet
 facet normal 0.553034 0.833159 -0.000005
  outer loop
   vertex 0.359966 0.510910 0.347894
   vertex 0.359964 0.510911 0.293281
   vertex 0.329406 0.531195 0.326488
  endloop
 endfacet
 facet normal 0.553035 0.833158 -0.000004
  outer loop
   vertex 0.329406 0.531195 0.326488
   vertex 0.359964 0.510911 0.293281
   vertex 0.329395 0.531202 0.271868
  endloop
 endfacet
 facet normal 0.553032 0.833160 -0.000000
  outer loop
   vertex 0.359966 0.510910 0.402503
   vertex 0.359966 0.510910 0.347894
   vertex 0.329406 0.531195 0.381096
  endloop
 endfacet
 facet normal 0.553032 0.833160 0.000000
  outer loop
   vertex 0.329406 0.531195 0.381096
   vertex 0.359966 0.510910 0.347894
   vertex 0.329406 0.531195 0.326488
  endloop
 endfacet
 facet normal 0.553032 0.833160 -0.000000
  outer loop
   vertex 0.359966 0.510910 0.457111
   vertex 0.359966 0.510910 0.402503
   vertex 0.329406 0.531195 0.435704
  endloop
 endfacet
 facet normal 0.553032 0.833160 0.000000
  outer loop
   vertex 0.329406 0.531195 0.435704
   vertex 0.359966 0.510910 0.402503
   vertex 0.329406 0.531195 0.381096
  endloop
 endfacet
 facet normal 0.553032 0.833160 -0.000000
  outer loop
   vertex 0.359966 0.510910 0.511720
   vertex 0.359966 0.510910 0.457111
   vertex 0.329406 0.531195 0.490313
  endloop
 endfacet
 facet normal 0.553032 0.833160 0.000000
  outer loop
   vertex 0.329406 0.531195 0.490313
   vertex 0.359966 0.510910 0.457111
   vertex 0.329406 0.531195 0.435704
  endloop
 endfacet
 facet normal 0.553032 0.833160 -0.000000
  outer loop
   vertex 0.359966 0.510910 0.566328
   vertex 0.359966 0.510910 0.511720
   vertex 0.329406 0.531195 0.544922
  endloop
 endfacet
 facet normal 0.553032 0.833160 0.000000
  outer loop
   vertex 0.329406 0.531195 0.544922
   vertex 0.359966 0.510910 0.511720
   vertex 0.329406 0.531195 0.490313
  endloop
 endfacet
 facet normal 0.553032 0.833160 -0.000000
  outer loop
   vertex 0.359966 0.510910 0.620936
   vertex 0.359966 0.510910 0.566328
   vertex 0.329406 0.531195 0.599530
  endloop
 endfacet
 facet normal 0.553032 0.833160 0.000000
  outer loop
   vertex 0.329406 0.531195 0.599530
   vertex 0.359966 0.510910 0.566328
   vertex 0.329406 0.531195 0.544922
  endloop
 endfacet
 facet normal 0.553032 0.833160 -0.000000
  outer loop
   vertex 0.359966 0.510910 0.675545
   vertex 0.359966 0.510910 0.620936
   vertex 0.329406 0.531195 0.654139
  endloop
 endfacet
 facet normal 0.553032 0.833160 0.000000
  outer loop
   vertex 0.329406 0.531195 0.654139
   vertex 0.359966 0.510910 0.620936
   vertex 0.329406 0.531195 0.599530
  endloop
 endfacet
 facet normal 0.553032 0.833160 -0.000000
  outer loop
   vertex 0.359966 0.510910 0.730153
   vertex 0.359966 0.510910 0.675545
   vertex 0.329406 0.531195 0.708747
  endloop
 endfacet
 facet normal 0.553032 0.833160 0.000000
  outer loop
   vertex 0.329406 0.531195 0.708747
   vertex 0.359966 0.510910 0.675545
   vertex 0.329406 0.531195 0.654139
  endloop
 endfacet
 facet normal 0.553032 0.833160 -0.000000
  outer loop
   vertex 0.359966 0.510910 0.784761
   vertex 0.359966 0.510910 0.730153
   vertex 0.329406 0.531195 0.763355
  endloop
 endfacet
 facet normal 0.553032 0.833160 0.000000
  outer loop
   vertex 0.329406 0.531195 0.763355
   vertex 0.359966 0.510910 0.730153
   vertex 0.329406 0.531195 0.708747
  endloop
 endfacet
 facet normal 0.553032 0.833160 -0.000000
  outer loop
   vertex 0.359966 0.510910 0.839370
   vertex 0.359966 0.510910 0.784761
   vertex 0.329406 0.531195 0.817964
  endloop
 endfacet
 facet normal 0.553032 0.833160 0.000000
  outer loop
   vertex 0.329406 0.531195 0.817964
   vertex 0.359966 0.510910 0.784761
   vertex 0.329406 0.531195 0.763355
  endloop
 endfacet
 facet normal 0.553032 0.833160 -0.000000
  outer loop
   vertex 0.359966 0.510910 0.893979
   vertex 0.359966 0.510910 0.839370
   vertex 0.329406 0.531195 0.872572
  endloop
 endfacet
 facet normal 0.553032 0.833160 0.000000
  outer loop
   vertex 0.329406 0.531195 0.872572
   vertex 0.359966 0.510910 0.839370
   vertex 0.329406 0.531195 0.817964
  endloop
 endfacet
 facet normal 0.553032 0.833160 -0.000000
  outer loop
   vertex 0.359966 0.510910 0.948587
   vertex 0.359966 0.510910 0.893979
   vertex 0.329406 0.531195 0.927180
  endloop
 endfacet
 facet normal 0.553032 0.833160 0.000000
  outer loop
   vertex 0.329406 0.531195 0.927180
   vertex 0.359966 0.510910 0.893979
   vertex 0.329406 0.531195 0.872572
  endloop
 endfacet
 facet normal 0.553032 0.833160 -0.000000
  outer loop
   vertex 0.359966 0.510910 1.003196
   vertex 0.359966 0.510910 0.948587
   vertex 0.329406 0.531195 0.981790
  endloop
 endfacet
 facet normal 0.553032 0.833160 0.000000
  outer loop
   vertex 0.329406 0.531195 0.981790
   vertex 0.359966 0.510910 0.948587
   vertex 0.329406 0.531195 0.927180
  endloop
 endfacet
 facet normal 0.553032 0.833160 -0.000000
  outer loop
   vertex 0.359966 0.510910 1.057804
   vertex 0.359966 0.510910 1.003196
   vertex 0.329406 0.531195 1.036398
  endloop
 endfacet
 facet normal 0.553032 0.833160 0.000000
  outer loop
   vertex 0.329406 0.531195 1.036398
   vertex 0.359966 0.510910 1.003196
   vertex 0.329406 0.531195 0.981790
  endloop
 endfacet
 facet normal 0.553032 0.833160 -0.000000
  outer loop
   vertex 0.359966 0.510910 1.112412
   vertex 0.359966 0.510910 1.057804
   vertex 0.329406 0.531195 1.091006
  endloop
 endfacet
 facet normal 0.553032 0.833160 0.000000
  outer loop
   vertex 0.329406 0.531195 1.091006
   vertex 0.359966 0.510910 1.057804
   vertex 0.329406 0.531195 1.036398
  endloop
 endfacet
 facet normal 0.553032 0.833160 -0.000000
  outer loop
   vertex 0.359966 0.510910 1.167021
   vertex 0.359966 0.510910 1.112412
   vertex 0.329406 0.531195 1.145615
  endloop
 endfacet
 facet normal 0.553032 0.833160 0.000000
  outer loop
   vertex 0.329406 0.531195 1.145615
   vertex 0.359966 0.510910 1.112412
   vertex 0.329406 0.531195 1.091006
  endloop
 endfacet
 facet normal 0.553032 0.833160 -0.000000
  outer loop
   vertex 0.359966 0.510910 1.221629
   vertex 0.359966 0.510910 1.167021
   vertex 0.329406 0.531195 1.200223
  endloop
 endfacet
 facet normal 0.553032 0.833160 0.000000
  outer loop
   vertex 0.329406 0.531195 1.200223
   vertex 0.359966 0.510910 1.167021
   vertex 0.329406 0.531195 1.145615
  endloop
 endfacet
 facet normal 0.551868 0.833913 0.005570
  outer loop
   vertex 0.359785 0.510665 1.276242
   vertex 0.359966 0.510910 1.221629
   vertex 0.329516 0.530840 1.254755
  endloop
 endfacet
 facet normal 0.550924 0.834544 0.004322
  outer loop
   vertex 0.329516 0.530840 1.254755
   vertex 0.359966 0.510910 1.221629
   vertex 0.329406 0.531195 1.200223
  endloop
 endfacet
 facet normal 0.550352 0.834918 -0.004926
  outer loop
   vertex 0.359802 0.510976 1.330857
   vertex 0.359785 0.510665 1.276242
   vertex 0.329373 0.530908 1.309524
  endloop
 endfacet
 facet normal 0.554414 0.832241 0.000414
  outer loop
   vertex 0.329373 0.530908 1.309524
   vertex 0.359785 0.510665 1.276242
   vertex 0.329516 0.530840 1.254755
  endloop
 endfacet
 facet normal 0.547591 0.836743 -0.002209
  outer loop
   vertex 0.356171 0.513484 1.380751
   vertex 0.359802 0.510976 1.330857
   vertex 0.326884 0.532606 1.363968
  endloop
 endfacet
 facet normal 0.548438 0.836191 -0.001007
  outer loop
   vertex 0.326884 0.532606 1.363968
   vertex 0.359802 0.510976 1.330857
   vertex 0.329373 0.530908 1.309524
  endloop
 endfacet
 facet normal 0.729522 0.518368 0.446198
  outer loop
   vertex 0.360289 0.462158 1.433646
   vertex 0.356171 0.513484 1.380751
   vertex 0.311624 0.541412 1.421139
  endloop
 endfacet
 facet normal 0.540697 0.841088 0.014770
  outer loop
   vertex 0.311624 0.541412 1.421139
   vertex 0.356171 0.513484 1.380751
   vertex 0.326884 0.532606 1.363968
  endloop
 endfacet
 facet normal 0.250135 0.298920 0.920912
  outer loop
   vertex 0.311624 0.541412 1.421139
   vertex 0.301561 0.465086 1.448647
   vertex 0.360289 0.462158 1.433646
  endloop
 endfacet
 facet normal 0.168721 -0.604513 0.778522
  outer loop
   vertex 0.301561 0.465086 1.448647
   vertex 0.306170 0.429093 1.419700
   vertex 0.360289 0.462158 1.433646
  endloop
 endfacet
 facet normal 0.189532 -0.628416 0.754434
  outer loop
   vertex 0.360289 0.462158 1.433646
   vertex 0.306170 0.429093 1.419700
   vertex 0.350076 0.430253 1.409636
  endloop
 endfacet
 facet normal 0.177911 -0.695666 0.695986
  outer loop
   vertex 0.306170 0.429093 1.419700
   vertex 0.309079 0.384389 1.374273
   vertex 0.350076 0.430253 1.409636
  endloop
 endfacet
 facet normal 0.239713 -0.718066 0.653390
  outer loop
   vertex 0.350076 0.430253 1.409636
   vertex 0.309079 0.384389 1.374273
   vertex 0.364533 0.407552 1.379384
  endloop
 endfacet
 facet normal 0.275740 -0.783132 0.557379
  outer loop
   vertex 0.364533 0.407552 1.379384
   vertex 0.309079 0.384389 1.374273
   vertex 0.333998 0.380934 1.357091
  endloop
 endfacet
 facet normal 0.364994 -0.807214 0.463880
  outer loop
   vertex 0.333998 0.380934 1.357091
   vertex 0.358317 0.374265 1.326351
   vertex 0.364533 0.407552 1.379384
  endloop
 endfacet
 facet normal 0.136435 -0.914164 0.381694
  outer loop
   vertex 0.309079 0.384389 1.374273
   vertex 0.303192 0.361088 1.320571
   vertex 0.333998 0.380934 1.357091
  endloop
 endfacet
 facet normal 0.183822 -0.920387 0.345103
  outer loop
   vertex 0.333998 0.380934 1.357091
   vertex 0.303192 0.361088 1.320571
   vertex 0.358317 0.374265 1.326351
  endloop
 endfacet
 facet normal 0.120699 -0.776320 0.618675
  outer loop
   vertex 0.303192 0.361088 1.320571
   vertex 0.307647 0.324827 1.274201
   vertex 0.358317 0.374265 1.326351
  endloop
 endfacet
 facet normal 0.023150 -0.736665 0.675862
  outer loop
   vertex 0.358317 0.374265 1.326351
   vertex 0.307647 0.324827 1.274201
   vertex 0.362392 0.324884 1.272388
  endloop
 endfacet
 facet normal 0.027702 -0.573958 0.818416
  outer loop
   vertex 0.307647 0.324827 1.274201
   vertex 0.318647 0.272606 1.237206
   vertex 0.362392 0.324884 1.272388
  endloop
 endfacet
 facet normal 0.025211 -0.572577 0.819463
  outer loop
   vertex 0.362392 0.324884 1.272388
   vertex 0.318647 0.272606 1.237206
   vertex 0.369636 0.274323 1.236837
  endloop
 endfacet
 facet normal 0.020430 -0.410843 0.911477
  outer loop
   vertex 0.369636 0.274323 1.236837
   vertex 0.318647 0.272606 1.237206
   vertex 0.358548 0.225356 1.215014
  endloop
 endfacet
 facet normal 0.076311 -0.370356 0.925750
  outer loop
   vertex 0.358548 0.225356 1.215014
   vertex 0.318647 0.272606 1.237206
   vertex 0.295252 0.215606 1.216331
  endloop
 endfacet
 facet normal 0.059900 -0.258632 0.964117
  outer loop
   vertex 0.295252 0.215606 1.216331
   vertex 0.305795 0.160003 1.200760
   vertex 0.358548 0.225356 1.215014
  endloop
 endfacet
 facet normal 0.097010 -0.286215 0.953242
  outer loop
   vertex 0.358548 0.225356 1.215014
   vertex 0.305795 0.160003 1.200760
   vertex 0.360391 0.159637 1.195094
  endloop
 endfacet
 facet normal 0.102017 -0.101708 0.989570
  outer loop
   vertex 0.305795 0.160003 1.200760
   vertex 0.307697 0.105071 1.194918
   vertex 0.360391 0.159637 1.195094
  endloop
 endfacet
 facet normal 0.043068 -0.044809 0.998067
  outer loop
   vertex 0.360391 0.159637 1.195094
   vertex 0.307697 0.105071 1.194918
   vertex 0.362503 0.105203 1.192559
  endloop
 endfacet
 facet normal 0.042746 -0.177723 0.983152
  outer loop
   vertex 0.307697 0.105071 1.194918
   vertex 0.318321 0.057402 1.185839
   vertex 0.362503 0.105203 1.192559
  endloop
 endfacet
 facet normal 0.035769 -0.171469 0.984540
  outer loop
   vertex 0.362503 0.105203 1.192559
   vertex 0.318321 0.057402 1.185839
   vertex 0.373657 0.053413 1.183134
  endloop
 endfacet
 facet normal -0.076852 -0.990847 -0.110978
  outer loop
   vertex 0.373657 0.053413 1.183134
   vertex 0.318321 0.057402 1.185839
   vertex 0.346361 0.059294 1.149529
  endloop
 endfacet
 facet normal 0.502371 -0.792111 0.346675
  outer loop
   vertex 0.346361 0.059294 1.149529
   vertex 0.318321 0.057402 1.185839
   vertex 0.295548 0.030083 1.156419
  endloop
 endfacet
 facet normal 0.508531 -0.840519 0.186879
  outer loop
   vertex 0.295548 0.030083 1.156419
   vertex 0.293878 0.018908 1.110702
   vertex 0.346361 0.059294 1.149529
  endloop
 endfacet
 facet normal 0.077943 -0.741729 0.666156
  outer loop
   vertex 0.346361 0.059294 1.149529
   vertex 0.293878 0.018908 1.110702
   vertex 0.406561 0.012653 1.090553
  endloop
 endfacet
 facet normal -0.045508 -0.997441 0.055139
  outer loop
   vertex 0.293878 0.018908 1.110702
   vertex 0.293993 0.015960 1.057469
   vertex 0.406561 0.012653 1.090553
  endloop
 endfacet
 facet normal -0.132450 -0.924170 0.358282
  outer loop
   vertex 0.406561 0.012653 1.090553
   vertex 0.293993 0.015960 1.057469
   vertex 0.292073 0.006656 1.032760
  endloop
 endfacet
 facet normal -0.970825 0.239341 -0.014685
  outer loop
   vertex 0.293993 0.015960 1.057469
   vertex 0.294680 0.015482 1.004262
   vertex 0.292073 0.006656 1.032760
  endloop
 endfacet
 facet normal -0.203811 0.068384 0.976619
  outer loop
   vertex 0.284049 -0.044184 0.859287
   vertex 0.273782 -0.087622 0.860186
   vertex 0.406439 -0.069710 0.886616
  endloop
 endfacet
 facet normal -0.204980 0.078531 0.975611
  outer loop
   vertex 0.406439 -0.069710 0.886616
   vertex 0.273782 -0.087622 0.860186
   vertex 0.392358 -0.126863 0.888258
  endloop
 endfacet
 facet normal -0.970971 0.239193 -0.001002
  outer loop
   vertex 0.406439 -0.069710 0.886616
   vertex 0.392358 -0.126863 0.888258
   vertex 0.406550 -0.069049 0.936852
  endloop
 endfacet
 facet normal -0.970925 0.239379 -0.001237
  outer loop
   vertex 0.406550 -0.069049 0.936852
   vertex 0.392358 -0.126863 0.888258
   vertex 0.392774 -0.124914 0.938907
  endloop
 endfacet
 facet normal -0.970921 0.239397 -0.000724
  outer loop
   vertex 0.406550 -0.069049 0.936852
   vertex 0.392774 -0.124914 0.938907
   vertex 0.406097 -0.070723 0.990831
  endloop
 endfacet
 facet normal -0.970026 0.242956 -0.004668
  outer loop
   vertex 0.406097 -0.070723 0.990831
   vertex 0.392774 -0.124914 0.938907
   vertex 0.392493 -0.125006 0.992504
  endloop
 endfacet
 facet normal -0.970025 0.242969 -0.004264
  outer loop
   vertex 0.406097 -0.070723 0.990831
   vertex 0.392493 -0.125006 0.992504
   vertex 0.406323 -0.068830 1.047280
  endloop
 endfacet
 facet normal -0.972353 0.233437 0.006099
  outer loop
   vertex 0.406323 -0.068830 1.047280
   vertex 0.392493 -0.125006 0.992504
   vertex 0.392867 -0.124861 1.046582
  endloop
 endfacet
 facet normal -0.972256 0.233634 -0.011556
  outer loop
   vertex 0.406323 -0.068830 1.047280
   vertex 0.392867 -0.124861 1.046582
   vertex 0.406562 -0.065171 1.101146
  endloop
 endfacet
 facet normal -0.972078 0.234332 -0.012364
  outer loop
   vertex 0.406562 -0.065171 1.101146
   vertex 0.392867 -0.124861 1.046582
   vertex 0.393466 -0.119796 1.095483
  endloop
 endfacet
 facet normal -0.425489 -0.385761 0.818625
  outer loop
   vertex 0.429431 -0.112038 1.117832
   vertex 0.393466 -0.119796 1.095483
   vertex 0.416548 -0.168528 1.084516
  endloop
 endfacet
 facet normal -0.585782 -0.431806 0.685859
  outer loop
   vertex 0.393466 -0.119796 1.095483
   vertex 0.372813 -0.176134 1.042374
   vertex 0.416548 -0.168528 1.084516
  endloop
 endfacet
 facet normal -0.620721 -0.341394 0.705801
  outer loop
   vertex 0.416548 -0.168528 1.084516
   vertex 0.372813 -0.176134 1.042374
   vertex 0.402190 -0.223773 1.045167
  endloop
 endfacet
 facet normal -0.430939 -0.214353 0.876552
  outer loop
   vertex 0.372813 -0.176134 1.042374
   vertex 0.345212 -0.220767 1.017890
   vertex 0.402190 -0.223773 1.045167
  endloop
 endfacet
 facet normal -0.431327 0.010451 0.902135
  outer loop
   vertex 0.345212 -0.220767 1.017890
   vertex 0.362351 -0.281070 1.026783
   vertex 0.402190 -0.223773 1.045167
  endloop
 endfacet
 facet normal 0.063754 -0.344810 0.936505
  outer loop
   vertex 0.402190 -0.223773 1.045167
   vertex 0.362351 -0.281070 1.026783
   vertex 0.414131 -0.281002 1.023283
  endloop
 endfacet
 facet normal 0.066174 -0.212751 0.974863
  outer loop
   vertex 0.362351 -0.281070 1.026783
   vertex 0.360394 -0.332747 1.015638
   vertex 0.414131 -0.281002 1.023283
  endloop
 endfacet
 facet normal 0.017354 -0.163749 0.986349
  outer loop
   vertex 0.414131 -0.281002 1.023283
   vertex 0.360394 -0.332747 1.015638
   vertex 0.416205 -0.332332 1.014725
  endloop
 endfacet
 facet normal 0.015471 0.106659 0.994175
  outer loop
   vertex 0.360394 -0.332747 1.015638
   vertex 0.362171 -0.383720 1.021079
   vertex 0.416205 -0.332332 1.014725
  endloop
 endfacet
 facet normal -0.066541 0.191058 0.979321
  outer loop
   vertex 0.416205 -0.332332 1.014725
   vertex 0.362171 -0.383720 1.021079
   vertex 0.415964 -0.384176 1.024823
  endloop
 endfacet
 facet normal -0.062085 0.350073 0.934663
  outer loop
   vertex 0.362171 -0.383720 1.021079
   vertex 0.372263 -0.431417 1.039614
   vertex 0.415964 -0.384176 1.024823
  endloop
 endfacet
 facet normal 0.422683 -0.109329 0.899659
  outer loop
   vertex 0.415964 -0.384176 1.024823
   vertex 0.372263 -0.431417 1.039614
   vertex 0.431227 -0.451711 1.009445
  endloop
 endfacet
 facet normal 0.460345 0.018088 0.887556
  outer loop
   vertex 0.431227 -0.451711 1.009445
   vertex 0.372263 -0.431417 1.039614
   vertex 0.389463 -0.488293 1.031852
  endloop
 endfacet
 facet normal 0.535362 0.046810 0.843325
  outer loop
   vertex 0.389463 -0.488293 1.031852
   vertex 0.372263 -0.431417 1.039614
   vertex 0.348690 -0.464987 1.056442
  endloop
 endfacet
 facet normal 0.602545 0.256890 0.755611
  outer loop
   vertex 0.348690 -0.464987 1.056442
   vertex 0.365254 -0.506921 1.057490
   vertex 0.389463 -0.488293 1.031852
  endloop
 endfacet
 facet normal 0.587991 -0.808233 -0.032026
  outer loop
   vertex 0.389463 -0.488293 1.031852
   vertex 0.365254 -0.506921 1.057490
   vertex 0.346298 -0.519964 1.038624
  endloop
 endfacet
 facet normal 0.591783 -0.806094 0.002142
  outer loop
   vertex 0.346298 -0.519964 1.038624
   vertex 0.352353 -0.515646 0.990758
   vertex 0.389463 -0.488293 1.031852
  endloop
 endfacet
 facet normal 0.603777 -0.797018 -0.014731
  outer loop
   vertex 0.389463 -0.488293 1.031852
   vertex 0.352353 -0.515646 0.990758
   vertex 0.405375 -0.475326 0.982456
  endloop
 endfacet
 facet normal 0.605870 -0.795543 0.005803
  outer loop
   vertex 0.352353 -0.515646 0.990758
   vertex 0.353261 -0.515349 0.936678
   vertex 0.405375 -0.475326 0.982456
  endloop
 endfacet
 facet normal 0.607310 -0.794459 0.003217
  outer loop
   vertex 0.405375 -0.475326 0.982456
   vertex 0.353261 -0.515349 0.936678
   vertex 0.403574 -0.476937 0.924603
  endloop
 endfacet
 facet normal 0.606850 -0.794817 0.000161
  outer loop
   vertex 0.353261 -0.515349 0.936678
   vertex 0.353269 -0.515354 0.881864
   vertex 0.403574 -0.476937 0.924603
  endloop
 endfacet
 facet normal 0.605990 -0.795471 0.001761
  outer loop
   vertex 0.403574 -0.476937 0.924603
   vertex 0.353269 -0.515354 0.881864
   vertex 0.403628 -0.477017 0.869901
  endloop
 endfacet
 facet normal 0.605726 -0.795674 -0.000000
  outer loop
   vertex 0.353269 -0.515354 0.881864
   vertex 0.353265 -0.515357 0.827248
   vertex 0.403628 -0.477017 0.869901
  endloop
 endfacet
 facet normal 0.605722 -0.795677 0.000007
  outer loop
   vertex 0.403628 -0.477017 0.869901
   vertex 0.353265 -0.515357 0.827248
   vertex 0.403626 -0.477019 0.815288
  endloop
 endfacet
 facet normal 0.605720 -0.795678 0.000000
  outer loop
   vertex 0.353265 -0.515357 0.827248
   vertex 0.353265 -0.515357 0.772638
   vertex 0.403626 -0.477019 0.815288
  endloop
 endfacet
 facet normal 0.605728 -0.795672 -0.000015
  outer loop
   vertex 0.403626 -0.477019 0.815288
   vertex 0.353265 -0.515357 0.772638
   vertex 0.403626 -0.477018 0.760679
  endloop
 endfacet
 facet normal 0.605731 -0.795670 0.000000
  outer loop
   vertex 0.353265 -0.515357 0.772638
   vertex 0.353265 -0.515357 0.718030
   vertex 0.403626 -0.477018 0.760679
  endloop
 endfacet
 facet normal 0.605731 -0.795670 0.000000
  outer loop
   vertex 0.403626 -0.477018 0.760679
   vertex 0.353265 -0.515357 0.718030
   vertex 0.403626 -0.477018 0.706071
  endloop
 endfacet
 facet normal 0.605731 -0.795670 0.000000
  outer loop
   vertex 0.353265 -0.515357 0.718030
   vertex 0.353265 -0.515357 0.663422
   vertex 0.403626 -0.477018 0.706071
  endloop
 endfacet
 facet normal 0.605731 -0.795670 0.000000
  outer loop
   vertex 0.403626 -0.477018 0.706071
   vertex 0.353265 -0.515357 0.663422
   vertex 0.403626 -0.477018 0.651463
  endloop
 endfacet
 facet normal 0.605731 -0.795670 0.000000
  outer loop
   vertex 0.353265 -0.515357 0.663422
   vertex 0.353265 -0.515357 0.608813
   vertex 0.403626 -0.477018 0.651463
  endloop
 endfacet
 facet normal 0.605731 -0.795670 0.000000
  outer loop
   vertex 0.403626 -0.477018 0.651463
   vertex 0.353265 -0.515357 0.608813
   vertex 0.403626 -0.477018 0.596854
  endloop
 endfacet
 facet normal 0.605732 -0.795669 0.000011
  outer loop
   vertex 0.353265 -0.515357 0.608813
   vertex 0.353266 -0.515357 0.554205
   vertex 0.403626 -0.477018 0.596854
  endloop
 endfacet
 facet normal 0.605738 -0.795664 0.000000
  outer loop
   vertex 0.403626 -0.477018 0.596854
   vertex 0.353266 -0.515357 0.554205
   vertex 0.403626 -0.477018 0.542246
  endloop
 endfacet
 facet normal 0.605736 -0.795666 -0.000015
  outer loop
   vertex 0.353266 -0.515357 0.554205
   vertex 0.353266 -0.515356 0.499597
   vertex 0.403626 -0.477018 0.542246
  endloop
 endfacet
 facet normal 0.605728 -0.795672 0.000000
  outer loop
   vertex 0.403626 -0.477018 0.542246
   vertex 0.353266 -0.515356 0.499597
   vertex 0.403626 -0.477018 0.487638
  endloop
 endfacet
 facet normal 0.605728 -0.795672 0.000000
  outer loop
   vertex 0.353266 -0.515356 0.499597
   vertex 0.353266 -0.515356 0.444988
   vertex 0.403626 -0.477018 0.487638
  endloop
 endfacet
 facet normal 0.605728 -0.795672 0.000000
  outer loop
   vertex 0.403626 -0.477018 0.487638
   vertex 0.353266 -0.515356 0.444988
   vertex 0.403626 -0.477018 0.433029
  endloop
 endfacet
 facet normal 0.605730 -0.795670 0.000015
  outer loop
   vertex 0.353266 -0.515356 0.444988
   vertex 0.353266 -0.515357 0.390379
   vertex 0.403626 -0.477018 0.433029
  endloop
 endfacet
 facet normal 0.605738 -0.795664 0.000000
  outer loop
   vertex 0.403626 -0.477018 0.433029
   vertex 0.353266 -0.515357 0.390379
   vertex 0.403626 -0.477018 0.378420
  endloop
 endfacet
 facet normal 0.605737 -0.795665 -0.000011
  outer loop
   vertex 0.353266 -0.515357 0.390379
   vertex 0.353265 -0.515357 0.335771
   vertex 0.403626 -0.477018 0.378420
  endloop
 endfacet
 facet normal 0.605731 -0.795670 0.000000
  outer loop
   vertex 0.403626 -0.477018 0.378420
   vertex 0.353265 -0.515357 0.335771
   vertex 0.403626 -0.477018 0.323810
  endloop
 endfacet
 facet normal 0.396593 -0.232604 -0.888037
  outer loop
   vertex 0.461348 -0.223024 0.093772
   vertex 0.409084 -0.277072 0.084588
   vertex 0.409411 -0.226253 0.071423
  endloop
 endfacet
 facet normal 0.398303 -0.176373 -0.900137
  outer loop
   vertex 0.461348 -0.223024 0.093772
   vertex 0.409411 -0.226253 0.071423
   vertex 0.461025 -0.168701 0.082985
  endloop
 endfacet
 facet normal 0.414458 -0.193026 -0.889363
  outer loop
   vertex 0.461025 -0.168701 0.082985
   vertex 0.409411 -0.226253 0.071423
   vertex 0.409467 -0.168788 0.058977
  endloop
 endfacet
 facet normal 0.879706 -0.475518 0.000016
  outer loop
   vertex 0.534141 -0.324344 0.393219
   vertex 0.534142 -0.324344 0.338611
   vertex 0.563340 -0.270326 0.391854
  endloop
 endfacet
 facet normal 0.879713 -0.475505 0.000000
  outer loop
   vertex 0.563340 -0.270326 0.391854
   vertex 0.534142 -0.324344 0.338611
   vertex 0.563340 -0.270326 0.337246
  endloop
 endfacet
 facet normal 0.879706 -0.475518 0.000000
  outer loop
   vertex 0.534141 -0.324344 0.447827
   vertex 0.534141 -0.324344 0.393219
   vertex 0.563340 -0.270326 0.446463
  endloop
 endfacet
 facet normal 0.879706 -0.475518 0.000000
  outer loop
   vertex 0.563340 -0.270326 0.446463
   vertex 0.534141 -0.324344 0.393219
   vertex 0.563340 -0.270326 0.391854
  endloop
 endfacet
 facet normal 0.879706 -0.475518 0.000000
  outer loop
   vertex 0.534141 -0.324344 0.502436
   vertex 0.534141 -0.324344 0.447827
   vertex 0.563340 -0.270326 0.501071
  endloop
 endfacet
 facet normal 0.879706 -0.475518 0.000000
  outer loop
   vertex 0.563340 -0.270326 0.501071
   vertex 0.534141 -0.324344 0.447827
   vertex 0.563340 -0.270326 0.446463
  endloop
 endfacet
 facet normal 0.879706 -0.475518 0.000000
  outer loop
   vertex 0.534141 -0.324344 0.557044
   vertex 0.534141 -0.324344 0.502436
   vertex 0.563340 -0.270326 0.555679
  endloop
 endfacet
 facet normal 0.879706 -0.475518 0.000000
  outer loop
   vertex 0.563340 -0.270326 0.555679
   vertex 0.534141 -0.324344 0.502436
   vertex 0.563340 -0.270326 0.501071
  endloop
 endfacet
 facet normal 0.879706 -0.475518 0.000000
  outer loop
   vertex 0.534141 -0.324344 0.611653
   vertex 0.534141 -0.324344 0.557044
   vertex 0.563340 -0.270326 0.610288
  endloop
 endfacet
 facet normal 0.879706 -0.475518 0.000000
  outer loop
   vertex 0.563340 -0.270326 0.610288
   vertex 0.534141 -0.324344 0.557044
   vertex 0.563340 -0.270326 0.555679
  endloop
 endfacet
 facet normal 0.879706 -0.475518 0.000000
  outer loop
   vertex 0.534141 -0.324344 0.666262
   vertex 0.534141 -0.324344 0.611653
   vertex 0.563340 -0.270326 0.664896
  endloop
 endfacet
 facet normal 0.879706 -0.475518 0.000000
  outer loop
   vertex 0.563340 -0.270326 0.664896
   vertex 0.534141 -0.324344 0.611653
   vertex 0.563340 -0.270326 0.610288
  endloop
 endfacet
 facet normal 0.879706 -0.475518 0.000000
  outer loop
   vertex 0.534141 -0.324344 0.720870
   vertex 0.534141 -0.324344 0.666262
   vertex 0.563340 -0.270326 0.719504
  endloop
 endfacet
 facet normal 0.879706 -0.475518 0.000000
  outer loop
   vertex 0.563340 -0.270326 0.719504
   vertex 0.534141 -0.324344 0.666262
   vertex 0.563340 -0.270326 0.664896
  endloop
 endfacet
 facet normal 0.879706 -0.475518 0.000000
  outer loop
   vertex 0.534141 -0.324344 0.775478
   vertex 0.534141 -0.324344 0.720870
   vertex 0.563340 -0.270326 0.774113
  endloop
 endfacet
 facet normal 0.879706 -0.475518 0.000000
  outer loop
   vertex 0.563340 -0.270326 0.774113
   vertex 0.534141 -0.324344 0.720870
   vertex 0.563340 -0.270326 0.719504
  endloop
 endfacet
 facet normal 0.879898 -0.475154 0.002726
  outer loop
   vertex 0.534220 -0.323885 0.830000
   vertex 0.534141 -0.324344 0.775478
   vertex 0.563516 -0.269643 0.828452
  endloop
 endfacet
 facet normal 0.879735 -0.475455 0.003126
  outer loop
   vertex 0.563516 -0.269643 0.828452
   vertex 0.534141 -0.324344 0.775478
   vertex 0.563340 -0.270326 0.774113
  endloop
 endfacet
 facet normal 0.879887 -0.475181 -0.001258
  outer loop
   vertex 0.534227 -0.324017 0.884767
   vertex 0.534220 -0.323885 0.830000
   vertex 0.563019 -0.270699 0.883173
  endloop
 endfacet
 facet normal 0.879854 -0.475242 -0.001179
  outer loop
   vertex 0.563019 -0.270699 0.883173
   vertex 0.534220 -0.323885 0.830000
   vertex 0.563516 -0.269643 0.828452
  endloop
 endfacet
 facet normal 0.876500 -0.481326 0.008516
  outer loop
   vertex 0.533055 -0.325192 0.938980
   vertex 0.534227 -0.324017 0.884767
   vertex 0.562568 -0.271479 0.937258
  endloop
 endfacet
 facet normal 0.879910 -0.475141 0.000484
  outer loop
   vertex 0.562568 -0.271479 0.937258
   vertex 0.534227 -0.324017 0.884767
   vertex 0.563019 -0.270699 0.883173
  endloop
 endfacet
 facet normal 0.874050 -0.485683 0.012171
  outer loop
   vertex 0.524533 -0.339268 0.989281
   vertex 0.533055 -0.325192 0.938980
   vertex 0.560527 -0.274552 0.986884
  endloop
 endfacet
 facet normal 0.876484 -0.481391 0.006238
  outer loop
   vertex 0.560527 -0.274552 0.986884
   vertex 0.533055 -0.325192 0.938980
   vertex 0.562568 -0.271479 0.937258
  endloop
 endfacet
 facet normal 0.709825 -0.372655 0.597726
  outer loop
   vertex 0.523969 -0.276838 1.028873
   vertex 0.524533 -0.339268 0.989281
   vertex 0.560527 -0.274552 0.986884
  endloop
 endfacet
 facet normal 0.230628 -0.303065 0.924642
  outer loop
   vertex 0.511235 -0.221796 1.050090
   vertex 0.523969 -0.276838 1.028873
   vertex 0.586869 -0.213955 1.033795
  endloop
 endfacet
 facet normal 0.598428 -0.636659 0.486364
  outer loop
   vertex 0.586869 -0.213955 1.033795
   vertex 0.523969 -0.276838 1.028873
   vertex 0.560527 -0.274552 0.986884
  endloop
 endfacet
 facet normal 0.061771 -0.712854 0.698587
  outer loop
   vertex 0.579876 -0.156294 1.093252
   vertex 0.525556 -0.163791 1.090405
   vertex 0.586869 -0.213955 1.033795
  endloop
 endfacet
 facet normal 0.227861 -0.593012 0.772279
  outer loop
   vertex 0.586869 -0.213955 1.033795
   vertex 0.525556 -0.163791 1.090405
   vertex 0.511235 -0.221796 1.050090
  endloop
 endfacet
 facet normal -0.083714 -0.576428 0.812849
  outer loop
   vertex 0.591941 -0.110362 1.127067
   vertex 0.538974 -0.110376 1.121602
   vertex 0.579876 -0.156294 1.093252
  endloop
 endfacet
 facet normal 0.025134 -0.508874 0.860474
  outer loop
   vertex 0.579876 -0.156294 1.093252
   vertex 0.538974 -0.110376 1.121602
   vertex 0.525556 -0.163791 1.090405
  endloop
 endfacet
 facet normal -0.115323 -0.431099 0.894905
  outer loop
   vertex 0.525164 -0.066302 1.141054
   vertex 0.538974 -0.110376 1.121602
   vertex 0.579089 -0.068648 1.146873
  endloop
 endfacet
 facet normal -0.091535 -0.449987 0.888332
  outer loop
   vertex 0.579089 -0.068648 1.146873
   vertex 0.538974 -0.110376 1.121602
   vertex 0.591941 -0.110362 1.127067
  endloop
 endfacet
 facet normal -0.068185 -0.487409 0.870507
  outer loop
   vertex 0.513060 -0.031743 1.159456
   vertex 0.525164 -0.066302 1.141054
   vertex 0.567143 -0.033090 1.162938
  endloop
 endfacet
 facet normal -0.115234 -0.440876 0.890140
  outer loop
   vertex 0.567143 -0.033090 1.162938
   vertex 0.525164 -0.066302 1.141054
   vertex 0.579089 -0.068648 1.146873
  endloop
 endfacet
 facet normal -0.104910 -0.331055 0.937762
  outer loop
   vertex 0.591213 0.003401 1.178513
   vertex 0.537935 0.005631 1.173340
   vertex 0.567143 -0.033090 1.162938
  endloop
 endfacet
 facet normal -0.068759 -0.306875 0.949263
  outer loop
   vertex 0.567143 -0.033090 1.162938
   vertex 0.537935 0.005631 1.173340
   vertex 0.513060 -0.031743 1.159456
  endloop
 endfacet
 facet normal -0.166300 -0.314297 0.934645
  outer loop
   vertex 0.527203 0.053305 1.187462
   vertex 0.537935 0.005631 1.173340
   vertex 0.579588 0.047831 1.194942
  endloop
 endfacet
 facet normal -0.105110 -0.368977 0.923476
  outer loop
   vertex 0.579588 0.047831 1.194942
   vertex 0.537935 0.005631 1.173340
   vertex 0.591213 0.003401 1.178513
  endloop
 endfacet
 facet normal -0.191730 -0.222068 0.955994
  outer loop
   vertex 0.525123 0.104225 1.198873
   vertex 0.527203 0.053305 1.187462
   vertex 0.571474 0.098762 1.206900
  endloop
 endfacet
 facet normal -0.162419 -0.249988 0.954529
  outer loop
   vertex 0.571474 0.098762 1.206900
   vertex 0.527203 0.053305 1.187462
   vertex 0.579588 0.047831 1.194942
  endloop
 endfacet
 facet normal -0.229822 -0.098369 0.968249
  outer loop
   vertex 0.523592 0.158296 1.204003
   vertex 0.525123 0.104225 1.198873
   vertex 0.565523 0.154332 1.213553
  endloop
 endfacet
 facet normal -0.184620 -0.136298 0.973313
  outer loop
   vertex 0.565523 0.154332 1.213553
   vertex 0.525123 0.104225 1.198873
   vertex 0.571474 0.098762 1.206900
  endloop
 endfacet
 facet normal 0.305689 -0.071989 0.949406
  outer loop
   vertex 0.523453 0.212662 1.208170
   vertex 0.523592 0.158296 1.204003
   vertex 0.586126 0.216030 1.188246
  endloop
 endfacet
 facet normal -0.163480 0.420624 0.892384
  outer loop
   vertex 0.586126 0.216030 1.188246
   vertex 0.523592 0.158296 1.204003
   vertex 0.565523 0.154332 1.213553
  endloop
 endfacet
 facet normal 0.641288 -0.331739 0.691881
  outer loop
   vertex 0.527469 0.271554 1.232685
   vertex 0.523453 0.212662 1.208170
   vertex 0.569413 0.257551 1.187094
  endloop
 endfacet
 facet normal 0.292763 0.144070 0.945269
  outer loop
   vertex 0.569413 0.257551 1.187094
   vertex 0.523453 0.212662 1.208170
   vertex 0.586126 0.216030 1.188246
  endloop
 endfacet
 facet normal 0.989196 -0.106954 0.100261
  outer loop
   vertex 0.535373 0.322131 1.208656
   vertex 0.527469 0.271554 1.232685
   vertex 0.539489 0.315381 1.160846
  endloop
 endfacet
 facet normal 0.806360 0.435234 0.400443
  outer loop
   vertex 0.539489 0.315381 1.160846
   vertex 0.527469 0.271554 1.232685
   vertex 0.558497 0.280150 1.160862
  endloop
 endfacet
 facet normal 0.616537 0.704899 0.350713
  outer loop
   vertex 0.558497 0.280150 1.160862
   vertex 0.527469 0.271554 1.232685
   vertex 0.569413 0.257551 1.187094
  endloop
 endfacet
 facet normal 0.965539 -0.027957 0.258754
  outer loop
   vertex 0.535373 0.322131 1.208656
   vertex 0.525024 0.338624 1.249055
   vertex 0.527469 0.271554 1.232685
  endloop
 endfacet
 facet normal 0.822761 0.568365 -0.004966
  outer loop
   vertex 0.509024 0.361840 1.255299
   vertex 0.525024 0.338624 1.249055
   vertex 0.515940 0.351400 1.206258
  endloop
 endfacet
 facet normal 0.833489 0.552406 -0.012007
  outer loop
   vertex 0.515940 0.351400 1.206258
   vertex 0.525024 0.338624 1.249055
   vertex 0.535373 0.322131 1.208656
  endloop
 endfacet
 facet normal 0.824334 0.566051 0.007668
  outer loop
   vertex 0.509024 0.361840 1.255299
   vertex 0.499583 0.375102 1.291240
   vertex 0.525024 0.338624 1.249055
  endloop
 endfacet
 facet normal 0.799136 0.601034 -0.011860
  outer loop
   vertex 0.492803 0.383566 1.263331
   vertex 0.499583 0.375102 1.291240
   vertex 0.509024 0.361840 1.255299
  endloop
 endfacet
 facet normal 0.775840 0.630925 0.002358
  outer loop
   vertex 0.466668 0.415509 1.309483
   vertex 0.499583 0.375102 1.291240
   vertex 0.473061 0.407839 1.258276
  endloop
 endfacet
 facet normal 0.775480 0.631365 0.003085
  outer loop
   vertex 0.473061 0.407839 1.258276
   vertex 0.499583 0.375102 1.291240
   vertex 0.492803 0.383566 1.263331
  endloop
 endfacet
 facet normal 0.921293 0.017363 0.388481
  outer loop
   vertex 0.448879 0.434686 1.350813
   vertex 0.465649 0.373327 1.313785
   vertex 0.466668 0.415509 1.309483
  endloop
 endfacet
 facet normal 0.549356 0.071632 0.832513
  outer loop
   vertex 0.466668 0.415509 1.309483
   vertex 0.465649 0.373327 1.313785
   vertex 0.499583 0.375102 1.291240
  endloop
 endfacet
 facet normal 0.723086 0.690696 -0.009255
  outer loop
   vertex 0.439052 0.444452 1.311864
   vertex 0.448879 0.434686 1.350813
   vertex 0.466668 0.415509 1.309483
  endloop
 endfacet
 facet normal 0.685496 0.728013 0.009586
  outer loop
   vertex 0.439052 0.444452 1.311864
   vertex 0.413685 0.468108 1.329293
   vertex 0.448879 0.434686 1.350813
  endloop
 endfacet
 facet normal 0.690871 0.722943 -0.007079
  outer loop
   vertex 0.448879 0.434686 1.350813
   vertex 0.413685 0.468108 1.329293
   vertex 0.417092 0.465228 1.367676
  endloop
 endfacet
 facet normal 0.687067 0.369723 0.625495
  outer loop
   vertex 0.417092 0.465228 1.367676
   vertex 0.405810 0.428940 1.401518
   vertex 0.448879 0.434686 1.350813
  endloop
 endfacet
 facet normal 0.635219 -0.612769 0.470117
  outer loop
   vertex 0.448879 0.434686 1.350813
   vertex 0.405810 0.428940 1.401518
   vertex 0.406905 0.403965 1.367485
  endloop
 endfacet
 facet normal -0.063732 -0.737552 0.672276
  outer loop
   vertex 0.383861 0.439031 1.410508
   vertex 0.405810 0.428940 1.401518
   vertex 0.360289 0.462158 1.433646
  endloop
 endfacet
 facet normal 0.712168 0.485730 0.506836
  outer loop
   vertex 0.360289 0.462158 1.433646
   vertex 0.405810 0.428940 1.401518
   vertex 0.389673 0.488531 1.367083
  endloop
 endfacet
 facet normal 0.439658 0.535662 0.720949
  outer loop
   vertex 0.389673 0.488531 1.367083
   vertex 0.405810 0.428940 1.401518
   vertex 0.417092 0.465228 1.367676
  endloop
 endfacet
 facet normal 0.684831 0.728701 0.000235
  outer loop
   vertex 0.442257 0.441455 1.265146
   vertex 0.412239 0.469662 1.276998
   vertex 0.439052 0.444452 1.311864
  endloop
 endfacet
 facet normal 0.683044 0.730372 0.002817
  outer loop
   vertex 0.439052 0.444452 1.311864
   vertex 0.412239 0.469662 1.276998
   vertex 0.413685 0.468108 1.329293
  endloop
 endfacet
 facet normal 0.690472 0.723330 -0.006399
  outer loop
   vertex 0.442360 0.440873 1.210473
   vertex 0.412128 0.469842 1.222941
   vertex 0.442257 0.441455 1.265146
  endloop
 endfacet
 facet normal 0.684996 0.728547 0.001019
  outer loop
   vertex 0.442257 0.441455 1.265146
   vertex 0.412128 0.469842 1.222941
   vertex 0.412239 0.469662 1.276998
  endloop
 endfacet
 facet normal 0.690893 0.722956 0.001361
  outer loop
   vertex 0.442110 0.441214 1.156242
   vertex 0.412161 0.469812 1.168340
   vertex 0.442360 0.440873 1.210473
  endloop
 endfacet
 facet normal 0.691868 0.722024 0.000022
  outer loop
   vertex 0.442360 0.440873 1.210473
   vertex 0.412161 0.469812 1.168340
   vertex 0.412128 0.469842 1.222941
  endloop
 endfacet
 facet normal 0.685289 0.728236 0.007114
  outer loop
   vertex 0.441934 0.441917 1.101233
   vertex 0.412159 0.469814 1.113724
   vertex 0.442110 0.441214 1.156242
  endloop
 endfacet
 facet normal 0.690606 0.723231 0.000001
  outer loop
   vertex 0.442110 0.441214 1.156242
   vertex 0.412159 0.469814 1.113724
   vertex 0.412161 0.469812 1.168340
  endloop
 endfacet
 facet normal 0.682252 0.731115 0.001944
  outer loop
   vertex 0.442010 0.441990 1.047101
   vertex 0.412159 0.469814 1.059114
   vertex 0.441934 0.441917 1.101233
  endloop
 endfacet
 facet normal 0.683719 0.729746 0.000000
  outer loop
   vertex 0.441934 0.441917 1.101233
   vertex 0.412159 0.469814 1.059114
   vertex 0.412159 0.469814 1.113724
  endloop
 endfacet
 facet normal 0.681835 0.731506 0.000000
  outer loop
   vertex 0.442010 0.441990 0.992493
   vertex 0.412159 0.469814 1.004506
   vertex 0.442010 0.441990 1.047101
  endloop
 endfacet
 facet normal 0.681835 0.731506 0.000000
  outer loop
   vertex 0.442010 0.441990 1.047101
   vertex 0.412159 0.469814 1.004506
   vertex 0.412159 0.469814 1.059114
  endloop
 endfacet
 facet normal 0.681835 0.731506 0.000000
  outer loop
   vertex 0.442010 0.441990 0.937884
   vertex 0.412159 0.469814 0.949898
   vertex 0.442010 0.441990 0.992493
  endloop
 endfacet
 facet normal 0.681835 0.731506 0.000000
  outer loop
   vertex 0.442010 0.441990 0.992493
   vertex 0.412159 0.469814 0.949898
   vertex 0.412159 0.469814 1.004506
  endloop
 endfacet
 facet normal 0.681835 0.731506 0.000000
  outer loop
   vertex 0.442010 0.441990 0.883275
   vertex 0.412159 0.469814 0.895289
   vertex 0.442010 0.441990 0.937884
  endloop
 endfacet
 facet normal 0.681835 0.731506 0.000000
  outer loop
   vertex 0.442010 0.441990 0.937884
   vertex 0.412159 0.469814 0.895289
   vertex 0.412159 0.469814 0.949898
  endloop
 endfacet
 facet normal 0.681835 0.731506 0.000000
  outer loop
   vertex 0.442010 0.441990 0.828667
   vertex 0.412159 0.469814 0.840681
   vertex 0.442010 0.441990 0.883275
  endloop
 endfacet
 facet normal 0.681835 0.731506 0.000000
  outer loop
   vertex 0.442010 0.441990 0.883275
   vertex 0.412159 0.469814 0.840681
   vertex 0.412159 0.469814 0.895289
  endloop
 endfacet
 facet normal 0.681835 0.731506 0.000000
  outer loop
   vertex 0.442010 0.441990 0.774058
   vertex 0.412159 0.469814 0.786073
   vertex 0.442010 0.441990 0.828667
  endloop
 endfacet
 facet normal 0.681835 0.731506 0.000000
  outer loop
   vertex 0.442010 0.441990 0.828667
   vertex 0.412159 0.469814 0.786073
   vertex 0.412159 0.469814 0.840681
  endloop
 endfacet
 facet normal 0.681835 0.731506 0.000000
  outer loop
   vertex 0.442010 0.441990 0.719450
   vertex 0.412159 0.469814 0.731463
   vertex 0.442010 0.441990 0.774058
  endloop
 endfacet
 facet normal 0.681835 0.731506 0.000000
  outer loop
   vertex 0.442010 0.441990 0.774058
   vertex 0.412159 0.469814 0.731463
   vertex 0.412159 0.469814 0.786073
  endloop
 endfacet
 facet normal 0.681835 0.731506 0.000000
  outer loop
   vertex 0.442010 0.441990 0.664842
   vertex 0.412159 0.469814 0.676855
   vertex 0.442010 0.441990 0.719450
  endloop
 endfacet
 facet normal 0.681835 0.731506 0.000000
  outer loop
   vertex 0.442010 0.441990 0.719450
   vertex 0.412159 0.469814 0.676855
   vertex 0.412159 0.469814 0.731463
  endloop
 endfacet
 facet normal 0.681845 0.731497 -0.000013
  outer loop
   vertex 0.442010 0.441989 0.610233
   vertex 0.412159 0.469814 0.622247
   vertex 0.442010 0.441990 0.664842
  endloop
 endfacet
 facet normal 0.681835 0.731506 0.000000
  outer loop
   vertex 0.442010 0.441990 0.664842
   vertex 0.412159 0.469814 0.622247
   vertex 0.412159 0.469814 0.676855
  endloop
 endfacet
 facet normal 0.681848 0.731494 0.000000
  outer loop
   vertex 0.442010 0.441989 0.555625
   vertex 0.412159 0.469814 0.567638
   vertex 0.442010 0.441989 0.610233
  endloop
 endfacet
 facet normal 0.681848 0.731494 0.000000
  outer loop
   vertex 0.442010 0.441989 0.610233
   vertex 0.412159 0.469814 0.567638
   vertex 0.412159 0.469814 0.622247
  endloop
 endfacet
 facet normal 0.681848 0.731494 0.000000
  outer loop
   vertex 0.442010 0.441989 0.501017
   vertex 0.412159 0.469814 0.513030
   vertex 0.442010 0.441989 0.555625
  endloop
 endfacet
 facet normal 0.681848 0.731494 0.000000
  outer loop
   vertex 0.442010 0.441989 0.555625
   vertex 0.412159 0.469814 0.513030
   vertex 0.412159 0.469814 0.567638
  endloop
 endfacet
 facet normal 0.681848 0.731494 0.000000
  outer loop
   vertex 0.442010 0.441989 0.446408
   vertex 0.412159 0.469814 0.458422
   vertex 0.442010 0.441989 0.501017
  endloop
 endfacet
 facet normal 0.681848 0.731494 0.000000
  outer loop
   vertex 0.442010 0.441989 0.501017
   vertex 0.412159 0.469814 0.458422
   vertex 0.412159 0.469814 0.513030
  endloop
 endfacet
 facet normal 0.681848 0.731494 0.000000
  outer loop
   vertex 0.442010 0.441989 0.391799
   vertex 0.412159 0.469814 0.403813
   vertex 0.442010 0.441989 0.446408
  endloop
 endfacet
 facet normal 0.681848 0.731494 0.000000
  outer loop
   vertex 0.442010 0.441989 0.446408
   vertex 0.412159 0.469814 0.403813
   vertex 0.412159 0.469814 0.458422
  endloop
 endfacet
 facet normal 0.681848 0.731494 0.000000
  outer loop
   vertex 0.442010 0.441989 0.337191
   vertex 0.412159 0.469814 0.349205
   vertex 0.442010 0.441989 0.391799
  endloop
 endfacet
 facet normal 0.681848 0.731494 0.000000
  outer loop
   vertex 0.442010 0.441989 0.391799
   vertex 0.412159 0.469814 0.349205
   vertex 0.412159 0.469814 0.403813
  endloop
 endfacet
 facet normal 0.681847 0.731494 -0.000001
  outer loop
   vertex 0.442010 0.441989 0.337191
   vertex 0.412160 0.469813 0.294589
   vertex 0.412159 0.469814 0.349205
  endloop
 endfacet
 facet normal 0.381775 0.210353 -0.900000
  outer loop
   vertex 0.455341 0.215661 0.089437
   vertex 0.412902 0.268939 0.083887
   vertex 0.461763 0.264658 0.103613
  endloop
 endfacet
 facet normal 0.397715 0.224121 -0.889715
  outer loop
   vertex 0.455341 0.215661 0.089437
   vertex 0.410555 0.213009 0.068749
   vertex 0.412902 0.268939 0.083887
  endloop
 endfacet
 facet normal 0.422183 0.166210 -0.891143
  outer loop
   vertex 0.469165 0.151005 0.083927
   vertex 0.408558 0.167936 0.058372
   vertex 0.455341 0.215661 0.089437
  endloop
 endfacet
 facet normal 0.402627 0.188391 -0.895768
  outer loop
   vertex 0.455341 0.215661 0.089437
   vertex 0.408558 0.167936 0.058372
   vertex 0.410555 0.213009 0.068749
  endloop
 endfacet
 facet normal 0.428912 0.110136 -0.896607
  outer loop
   vertex 0.507171 0.105994 0.096579
   vertex 0.469165 0.151005 0.083927
   vertex 0.515544 0.150619 0.106066
  endloop
 endfacet
 facet normal 0.432939 0.114226 -0.894157
  outer loop
   vertex 0.507171 0.105994 0.096579
   vertex 0.453258 0.094565 0.069015
   vertex 0.469165 0.151005 0.083927
  endloop
 endfacet
 facet normal 0.444517 0.066990 -0.893262
  outer loop
   vertex 0.512827 0.048622 0.095091
   vertex 0.460623 0.048321 0.069090
   vertex 0.507171 0.105994 0.096579
  endloop
 endfacet
 facet normal 0.442498 0.069024 -0.894109
  outer loop
   vertex 0.507171 0.105994 0.096579
   vertex 0.460623 0.048321 0.069090
   vertex 0.453258 0.094565 0.069015
  endloop
 endfacet
 facet normal 0.447221 0.018896 -0.894224
  outer loop
   vertex 0.513428 -0.005258 0.094253
   vertex 0.461692 -0.005246 0.068379
   vertex 0.512827 0.048622 0.095091
  endloop
 endfacet
 facet normal 0.445636 0.020772 -0.894973
  outer loop
   vertex 0.512827 0.048622 0.095091
   vertex 0.461692 -0.005246 0.068379
   vertex 0.460623 0.048321 0.069090
  endloop
 endfacet
 facet normal 0.429749 0.153015 -0.889889
  outer loop
   vertex 0.519552 0.173589 0.111405
   vertex 0.520962 0.209007 0.118176
   vertex 0.558760 0.163961 0.128684
  endloop
 endfacet
 facet normal 0.420604 0.143974 -0.895748
  outer loop
   vertex 0.558760 0.163961 0.128684
   vertex 0.520962 0.209007 0.118176
   vertex 0.560491 0.170613 0.130566
  endloop
 endfacet
 facet normal 0.426919 0.133396 -0.894397
  outer loop
   vertex 0.558760 0.163961 0.128684
   vertex 0.515544 0.150619 0.106066
   vertex 0.519552 0.173589 0.111405
  endloop
 endfacet
 facet normal 0.399230 0.188314 -0.897303
  outer loop
   vertex 0.562558 0.254784 0.146290
   vertex 0.520962 0.209007 0.118176
   vertex 0.554953 0.257646 0.143507
  endloop
 endfacet
 facet normal 0.875923 0.482451 0.000007
  outer loop
   vertex 0.557443 0.282706 0.349150
   vertex 0.557444 0.282705 0.294536
   vertex 0.538215 0.317616 0.337191
  endloop
 endfacet
 facet normal 0.875924 0.482449 -0.000000
  outer loop
   vertex 0.557443 0.282706 0.403759
   vertex 0.557443 0.282706 0.349150
   vertex 0.538215 0.317616 0.391799
  endloop
 endfacet
 facet normal 0.875924 0.482449 0.000000
  outer loop
   vertex 0.538215 0.317616 0.391799
   vertex 0.557443 0.282706 0.349150
   vertex 0.538215 0.317616 0.337191
  endloop
 endfacet
 facet normal 0.875924 0.482449 -0.000000
  outer loop
   vertex 0.557443 0.282706 0.458367
   vertex 0.557443 0.282706 0.403759
   vertex 0.538215 0.317616 0.446407
  endloop
 endfacet
 facet normal 0.875924 0.482449 0.000000
  outer loop
   vertex 0.538215 0.317616 0.446407
   vertex 0.557443 0.282706 0.403759
   vertex 0.538215 0.317616 0.391799
  endloop
 endfacet
 facet normal 0.875924 0.482449 -0.000000
  outer loop
   vertex 0.557443 0.282706 0.512976
   vertex 0.557443 0.282706 0.458367
   vertex 0.538215 0.317616 0.501017
  endloop
 endfacet
 facet normal 0.875924 0.482449 0.000000
  outer loop
   vertex 0.538215 0.317616 0.501017
   vertex 0.557443 0.282706 0.458367
   vertex 0.538215 0.317616 0.446407
  endloop
 endfacet
 facet normal 0.875924 0.482449 -0.000000
  outer loop
   vertex 0.557443 0.282706 0.567584
   vertex 0.557443 0.282706 0.512976
   vertex 0.538215 0.317616 0.555625
  endloop
 endfacet
 facet normal 0.875924 0.482449 0.000000
  outer loop
   vertex 0.538215 0.317616 0.555625
   vertex 0.557443 0.282706 0.512976
   vertex 0.538215 0.317616 0.501017
  endloop
 endfacet
 facet normal 0.875924 0.482449 -0.000000
  outer loop
   vertex 0.557443 0.282706 0.622192
   vertex 0.557443 0.282706 0.567584
   vertex 0.538215 0.317616 0.610233
  endloop
 endfacet
 facet normal 0.875924 0.482449 0.000000
  outer loop
   vertex 0.538215 0.317616 0.610233
   vertex 0.557443 0.282706 0.567584
   vertex 0.538215 0.317616 0.555625
  endloop
 endfacet
 facet normal 0.875924 0.482449 -0.000000
  outer loop
   vertex 0.557443 0.282706 0.676801
   vertex 0.557443 0.282706 0.622192
   vertex 0.538215 0.317616 0.664842
  endloop
 endfacet
 facet normal 0.875924 0.482449 0.000000
  outer loop
   vertex 0.538215 0.317616 0.664842
   vertex 0.557443 0.282706 0.622192
   vertex 0.538215 0.317616 0.610233
  endloop
 endfacet
 facet normal 0.875924 0.482449 -0.000000
  outer loop
   vertex 0.557443 0.282706 0.731409
   vertex 0.557443 0.282706 0.676801
   vertex 0.538215 0.317616 0.719450
  endloop
 endfacet
 facet normal 0.875924 0.482449 0.000000
  outer loop
   vertex 0.538215 0.317616 0.719450
   vertex 0.557443 0.282706 0.676801
   vertex 0.538215 0.317616 0.664842
  endloop
 endfacet
 facet normal 0.875924 0.482449 -0.000000
  outer loop
   vertex 0.557443 0.282706 0.786017
   vertex 0.557443 0.282706 0.731409
   vertex 0.538215 0.317616 0.774058
  endloop
 endfacet
 facet normal 0.875924 0.482449 0.000000
  outer loop
   vertex 0.538215 0.317616 0.774058
   vertex 0.557443 0.282706 0.731409
   vertex 0.538215 0.317616 0.719450
  endloop
 endfacet
 facet normal 0.875924 0.482449 -0.000000
  outer loop
   vertex 0.557443 0.282706 0.840627
   vertex 0.557443 0.282706 0.786017
   vertex 0.538215 0.317616 0.828667
  endloop
 endfacet
 facet normal 0.875924 0.482449 0.000000
  outer loop
   vertex 0.538215 0.317616 0.828667
   vertex 0.557443 0.282706 0.786017
   vertex 0.538215 0.317616 0.774058
  endloop
 endfacet
 facet normal 0.875924 0.482449 -0.000000
  outer loop
   vertex 0.557443 0.282706 0.895235
   vertex 0.557443 0.282706 0.840627
   vertex 0.538215 0.317616 0.883275
  endloop
 endfacet
 facet normal 0.875924 0.482449 0.000000
  outer loop
   vertex 0.538215 0.317616 0.883275
   vertex 0.557443 0.282706 0.840627
   vertex 0.538215 0.317616 0.828667
  endloop
 endfacet
 facet normal 0.875924 0.482449 -0.000000
  outer loop
   vertex 0.557443 0.282706 0.949843
   vertex 0.557443 0.282706 0.895235
   vertex 0.538215 0.317616 0.937884
  endloop
 endfacet
 facet normal 0.875924 0.482449 0.000000
  outer loop
   vertex 0.538215 0.317616 0.937884
   vertex 0.557443 0.282706 0.895235
   vertex 0.538215 0.317616 0.883275
  endloop
 endfacet
 facet normal 0.875924 0.482449 -0.000000
  outer loop
   vertex 0.557443 0.282706 1.004452
   vertex 0.557443 0.282706 0.949843
   vertex 0.538215 0.317616 0.992493
  endloop
 endfacet
 facet normal 0.875924 0.482449 0.000000
  outer loop
   vertex 0.538215 0.317616 0.992493
   vertex 0.557443 0.282706 0.949843
   vertex 0.538215 0.317616 0.937884
  endloop
 endfacet
 facet normal 0.877511 0.479546 0.003083
  outer loop
   vertex 0.557291 0.282634 1.058926
   vertex 0.557443 0.282706 1.004452
   vertex 0.538217 0.317613 1.047107
  endloop
 endfacet
 facet normal 0.875925 0.482448 -0.000006
  outer loop
   vertex 0.538217 0.317613 1.047107
   vertex 0.557443 0.282706 1.004452
   vertex 0.538215 0.317616 0.992493
  endloop
 endfacet
 facet normal 0.877536 0.479508 0.001705
  outer loop
   vertex 0.557407 0.282226 1.113934
   vertex 0.557291 0.282634 1.058926
   vertex 0.538049 0.317695 1.102032
  endloop
 endfacet
 facet normal 0.877672 0.479258 0.001970
  outer loop
   vertex 0.538049 0.317695 1.102032
   vertex 0.557291 0.282634 1.058926
   vertex 0.538217 0.317613 1.047107
  endloop
 endfacet
 facet normal 0.844022 0.536306 0.001781
  outer loop
   vertex 0.538049 0.317695 1.102032
   vertex 0.538217 0.317613 1.047107
   vertex 0.514997 0.354015 1.089548
  endloop
 endfacet
 facet normal 0.843747 0.536739 0.001259
  outer loop
   vertex 0.514997 0.354015 1.089548
   vertex 0.538217 0.317613 1.047107
   vertex 0.515633 0.353143 1.035088
  endloop
 endfacet
 facet normal 0.843444 0.537217 0.000486
  outer loop
   vertex 0.539489 0.315381 1.160846
   vertex 0.538049 0.317695 1.102032
   vertex 0.515052 0.353762 1.144881
  endloop
 endfacet
 facet normal 0.844049 0.536264 0.001613
  outer loop
   vertex 0.515052 0.353762 1.144881
   vertex 0.538049 0.317695 1.102032
   vertex 0.514997 0.354015 1.089548
  endloop
 endfacet
 facet normal 0.806233 0.591596 0.001903
  outer loop
   vertex 0.514997 0.354015 1.089548
   vertex 0.492166 0.385057 1.112021
   vertex 0.515052 0.353762 1.144881
  endloop
 endfacet
 facet normal 0.804766 0.593572 0.004807
  outer loop
   vertex 0.515052 0.353762 1.144881
   vertex 0.492166 0.385057 1.112021
   vertex 0.492003 0.384828 1.167592
  endloop
 endfacet
 facet normal 0.806898 0.590587 0.011054
  outer loop
   vertex 0.515052 0.353762 1.144881
   vertex 0.492003 0.384828 1.167592
   vertex 0.515940 0.351400 1.206258
  endloop
 endfacet
 facet normal 0.817211 0.576287 -0.007694
  outer loop
   vertex 0.515940 0.351400 1.206258
   vertex 0.492003 0.384828 1.167592
   vertex 0.492832 0.384375 1.221717
  endloop
 endfacet
 facet normal 0.768593 0.639706 -0.006418
  outer loop
   vertex 0.492832 0.384375 1.221717
   vertex 0.492003 0.384828 1.167592
   vertex 0.469800 0.411820 1.199046
  endloop
 endfacet
 facet normal 0.772880 0.634552 0.001031
  outer loop
   vertex 0.469800 0.411820 1.199046
   vertex 0.492003 0.384828 1.167592
   vertex 0.469952 0.411724 1.144204
  endloop
 endfacet
 facet normal 0.771224 0.636545 0.004886
  outer loop
   vertex 0.492003 0.384828 1.167592
   vertex 0.492166 0.385057 1.112021
   vertex 0.469952 0.411724 1.144204
  endloop
 endfacet
 facet normal 0.770434 0.637510 0.003541
  outer loop
   vertex 0.469952 0.411724 1.144204
   vertex 0.492166 0.385057 1.112021
   vertex 0.470392 0.411495 1.089696
  endloop
 endfacet
 facet normal 0.770871 0.636986 0.002493
  outer loop
   vertex 0.492166 0.385057 1.112021
   vertex 0.492269 0.385145 1.057694
   vertex 0.470392 0.411495 1.089696
  endloop
 endfacet
 facet normal 0.769395 0.638774 0.000012
  outer loop
   vertex 0.470392 0.411495 1.089696
   vertex 0.492269 0.385145 1.057694
   vertex 0.470392 0.411496 1.035088
  endloop
 endfacet
 facet normal 0.769400 0.638768 -0.000000
  outer loop
   vertex 0.492269 0.385145 1.057694
   vertex 0.492269 0.385145 1.003087
   vertex 0.470392 0.411496 1.035088
  endloop
 endfacet
 facet normal 0.769400 0.638768 0.000000
  outer loop
   vertex 0.470392 0.411496 1.035088
   vertex 0.492269 0.385145 1.003087
   vertex 0.470392 0.411496 0.980478
  endloop
 endfacet
 facet normal 0.769400 0.638768 -0.000000
  outer loop
   vertex 0.492269 0.385145 1.003087
   vertex 0.492269 0.385145 0.948478
   vertex 0.470392 0.411496 0.980478
  endloop
 endfacet
 facet normal 0.769393 0.638776 -0.000012
  outer loop
   vertex 0.470392 0.411496 0.980478
   vertex 0.492269 0.385145 0.948478
   vertex 0.470392 0.411495 0.925870
  endloop
 endfacet
 facet normal 0.769388 0.638782 -0.000000
  outer loop
   vertex 0.492269 0.385145 0.948478
   vertex 0.492269 0.385145 0.893869
   vertex 0.470392 0.411495 0.925870
  endloop
 endfacet
 facet normal 0.769395 0.638774 0.000012
  outer loop
   vertex 0.470392 0.411495 0.925870
   vertex 0.492269 0.385145 0.893869
   vertex 0.470392 0.411496 0.871262
  endloop
 endfacet
 facet normal 0.769400 0.638768 -0.000000
  outer loop
   vertex 0.492269 0.385145 0.893869
   vertex 0.492269 0.385145 0.839261
   vertex 0.470392 0.411496 0.871262
  endloop
 endfacet
 facet normal 0.769400 0.638768 0.000000
  outer loop
   vertex 0.470392 0.411496 0.871262
   vertex 0.492269 0.385145 0.839261
   vertex 0.470392 0.411496 0.816653
  endloop
 endfacet
 facet normal 0.769400 0.638768 -0.000000
  outer loop
   vertex 0.492269 0.385145 0.839261
   vertex 0.492269 0.385145 0.784653
   vertex 0.470392 0.411496 0.816653
  endloop
 endfacet
 facet normal 0.769400 0.638768 0.000000
  outer loop
   vertex 0.470392 0.411496 0.816653
   vertex 0.492269 0.385145 0.784653
   vertex 0.470392 0.411496 0.762045
  endloop
 endfacet
 facet normal 0.769400 0.638768 -0.000000
  outer loop
   vertex 0.492269 0.385145 0.784653
   vertex 0.492269 0.385145 0.730044
   vertex 0.470392 0.411496 0.762045
  endloop
 endfacet
 facet normal 0.769393 0.638776 -0.000012
  outer loop
   vertex 0.470392 0.411496 0.762045
   vertex 0.492269 0.385145 0.730044
   vertex 0.470392 0.411495 0.707437
  endloop
 endfacet
 facet normal 0.769388 0.638782 -0.000000
  outer loop
   vertex 0.492269 0.385145 0.730044
   vertex 0.492269 0.385145 0.675436
   vertex 0.470392 0.411495 0.707437
  endloop
 endfacet
 facet normal 0.769388 0.638782 0.000000
  outer loop
   vertex 0.470392 0.411495 0.707437
   vertex 0.492269 0.385145 0.675436
   vertex 0.470392 0.411495 0.652827
  endloop
 endfacet
 facet normal 0.769388 0.638782 -0.000000
  outer loop
   vertex 0.492269 0.385145 0.675436
   vertex 0.492269 0.385145 0.620827
   vertex 0.470392 0.411495 0.652827
  endloop
 endfacet
 facet normal 0.769388 0.638782 0.000000
  outer loop
   vertex 0.470392 0.411495 0.652827
   vertex 0.492269 0.385145 0.620827
   vertex 0.470392 0.411495 0.598219
  endloop
 endfacet
 facet normal 0.769388 0.638782 -0.000000
  outer loop
   vertex 0.492269 0.385145 0.620827
   vertex 0.492269 0.385145 0.566218
   vertex 0.470392 0.411495 0.598219
  endloop
 endfacet
 facet normal 0.769388 0.638782 0.000000
  outer loop
   vertex 0.470392 0.411495 0.598219
   vertex 0.492269 0.385145 0.566218
   vertex 0.470392 0.411495 0.543611
  endloop
 endfacet
 facet normal 0.769388 0.638782 -0.000000
  outer loop
   vertex 0.492269 0.385145 0.566218
   vertex 0.492269 0.385145 0.511610
   vertex 0.470392 0.411495 0.543611
  endloop
 endfacet
 facet normal 0.769395 0.638774 0.000012
  outer loop
   vertex 0.470392 0.411495 0.543611
   vertex 0.492269 0.385145 0.511610
   vertex 0.470392 0.411496 0.489002
  endloop
 endfacet
 facet normal 0.769400 0.638768 -0.000000
  outer loop
   vertex 0.492269 0.385145 0.511610
   vertex 0.492269 0.385145 0.457002
   vertex 0.470392 0.411496 0.489002
  endloop
 endfacet
 facet normal 0.769393 0.638776 -0.000012
  outer loop
   vertex 0.470392 0.411496 0.489002
   vertex 0.492269 0.385145 0.457002
   vertex 0.470392 0.411495 0.434394
  endloop
 endfacet
 facet normal 0.769388 0.638782 -0.000000
  outer loop
   vertex 0.492269 0.385145 0.457002
   vertex 0.492269 0.385145 0.402393
   vertex 0.470392 0.411495 0.434394
  endloop
 endfacet
 facet normal 0.769388 0.638782 0.000000
  outer loop
   vertex 0.470392 0.411495 0.434394
   vertex 0.492269 0.385145 0.402393
   vertex 0.470392 0.411495 0.379786
  endloop
 endfacet
 facet normal 0.769388 0.638782 -0.000000
  outer loop
   vertex 0.492269 0.385145 0.402393
   vertex 0.492269 0.385145 0.347785
   vertex 0.470392 0.411495 0.379786
  endloop
 endfacet
 facet normal 0.807657 0.589653 0.000000
  outer loop
   vertex 0.515633 0.353143 0.379786
   vertex 0.492269 0.385145 0.347785
   vertex 0.492269 0.385145 0.402393
  endloop
 endfacet
 facet normal 0.807657 0.589653 0.000000
  outer loop
   vertex 0.515633 0.353143 0.379786
   vertex 0.492269 0.385145 0.402393
   vertex 0.515633 0.353143 0.434394
  endloop
 endfacet
 facet normal 0.807657 0.589653 0.000000
  outer loop
   vertex 0.515633 0.353143 0.434394
   vertex 0.492269 0.385145 0.402393
   vertex 0.492269 0.385145 0.457002
  endloop
 endfacet
 facet normal 0.807657 0.589653 0.000000
  outer loop
   vertex 0.515633 0.353143 0.434394
   vertex 0.492269 0.385145 0.457002
   vertex 0.515633 0.353143 0.489002
  endloop
 endfacet
 facet normal 0.807657 0.589653 0.000000
  outer loop
   vertex 0.515633 0.353143 0.489002
   vertex 0.492269 0.385145 0.457002
   vertex 0.492269 0.385145 0.511610
  endloop
 endfacet
 facet normal 0.807657 0.589653 0.000000
  outer loop
   vertex 0.515633 0.353143 0.489002
   vertex 0.492269 0.385145 0.511610
   vertex 0.515633 0.353143 0.543611
  endloop
 endfacet
 facet normal 0.807657 0.589653 0.000000
  outer loop
   vertex 0.515633 0.353143 0.543611
   vertex 0.492269 0.385145 0.511610
   vertex 0.492269 0.385145 0.566218
  endloop
 endfacet
 facet normal 0.807657 0.589653 0.000000
  outer loop
   vertex 0.515633 0.353143 0.543611
   vertex 0.492269 0.385145 0.566218
   vertex 0.515633 0.353143 0.598219
  endloop
 endfacet
 facet normal 0.807657 0.589653 0.000000
  outer loop
   vertex 0.515633 0.353143 0.598219
   vertex 0.492269 0.385145 0.566218
   vertex 0.492269 0.385145 0.620827
  endloop
 endfacet
 facet normal 0.807657 0.589653 0.000000
  outer loop
   vertex 0.515633 0.353143 0.598219
   vertex 0.492269 0.385145 0.620827
   vertex 0.515633 0.353143 0.652827
  endloop
 endfacet
 facet normal 0.807657 0.589653 0.000000
  outer loop
   vertex 0.515633 0.353143 0.652827
   vertex 0.492269 0.385145 0.620827
   vertex 0.492269 0.385145 0.675436
  endloop
 endfacet
 facet normal 0.807662 0.589646 0.000015
  outer loop
   vertex 0.515633 0.353143 0.652827
   vertex 0.492269 0.385145 0.675436
   vertex 0.515632 0.353143 0.707437
  endloop
 endfacet
 facet normal 0.807669 0.589636 0.000000
  outer loop
   vertex 0.515632 0.353143 0.707437
   vertex 0.492269 0.385145 0.675436
   vertex 0.492269 0.385145 0.730044
  endloop
 endfacet
 facet normal 0.807664 0.589643 -0.000015
  outer loop
   vertex 0.515632 0.353143 0.707437
   vertex 0.492269 0.385145 0.730044
   vertex 0.515633 0.353143 0.762045
  endloop
 endfacet
 facet normal 0.807657 0.589653 0.000000
  outer loop
   vertex 0.515633 0.353143 0.762045
   vertex 0.492269 0.385145 0.730044
   vertex 0.492269 0.385145 0.784653
  endloop
 endfacet
 facet normal 0.807657 0.589653 0.000000
  outer loop
   vertex 0.515633 0.353143 0.762045
   vertex 0.492269 0.385145 0.784653
   vertex 0.515633 0.353143 0.816653
  endloop
 endfacet
 facet normal 0.807657 0.589653 0.000000
  outer loop
   vertex 0.515633 0.353143 0.816653
   vertex 0.492269 0.385145 0.784653
   vertex 0.492269 0.385145 0.839261
  endloop
 endfacet
 facet normal 0.807657 0.589653 0.000000
  outer loop
   vertex 0.515633 0.353143 0.816653
   vertex 0.492269 0.385145 0.839261
   vertex 0.515633 0.353143 0.871262
  endloop
 endfacet
 facet normal 0.807657 0.589653 0.000000
  outer loop
   vertex 0.515633 0.353143 0.871262
   vertex 0.492269 0.385145 0.839261
   vertex 0.492269 0.385145 0.893869
  endloop
 endfacet
 facet normal 0.807657 0.589653 0.000000
  outer loop
   vertex 0.515633 0.353143 0.871262
   vertex 0.492269 0.385145 0.893869
   vertex 0.515633 0.353143 0.925870
  endloop
 endfacet
 facet normal 0.807657 0.589653 0.000000
  outer loop
   vertex 0.515633 0.353143 0.925870
   vertex 0.492269 0.385145 0.893869
   vertex 0.492269 0.385145 0.948478
  endloop
 endfacet
 facet normal 0.807662 0.589646 0.000015
  outer loop
   vertex 0.515633 0.353143 0.925870
   vertex 0.492269 0.385145 0.948478
   vertex 0.515632 0.353143 0.980478
  endloop
 endfacet
 facet normal 0.807669 0.589636 0.000000
  outer loop
   vertex 0.515632 0.353143 0.980478
   vertex 0.492269 0.385145 0.948478
   vertex 0.492269 0.385145 1.003087
  endloop
 endfacet
 facet normal 0.807664 0.589643 -0.000015
  outer loop
   vertex 0.515632 0.353143 0.980478
   vertex 0.492269 0.385145 1.003087
   vertex 0.515633 0.353143 1.035088
  endloop
 endfacet
 facet normal 0.807657 0.589653 0.000000
  outer loop
   vertex 0.515633 0.353143 1.035088
   vertex 0.492269 0.385145 1.003087
   vertex 0.492269 0.385145 1.057694
  endloop
 endfacet
 facet normal 0.807654 0.589657 -0.000010
  outer loop
   vertex 0.515633 0.353143 1.035088
   vertex 0.492269 0.385145 1.057694
   vertex 0.514997 0.354015 1.089548
  endloop
 endfacet
 facet normal 0.806433 0.591321 0.002487
  outer loop
   vertex 0.514997 0.354015 1.089548
   vertex 0.492269 0.385145 1.057694
   vertex 0.492166 0.385057 1.112021
  endloop
 endfacet
 facet normal 0.905653 0.424018 -0.001282
  outer loop
   vertex 0.573165 0.248657 1.035132
   vertex 0.557291 0.282634 1.058926
   vertex 0.573069 0.249027 1.089694
  endloop
 endfacet
 facet normal 0.904761 0.425917 0.001250
  outer loop
   vertex 0.573069 0.249027 1.089694
   vertex 0.557291 0.282634 1.058926
   vertex 0.557407 0.282226 1.113934
  endloop
 endfacet
 facet normal 0.904395 0.426696 -0.000053
  outer loop
   vertex 0.573069 0.249027 1.089694
   vertex 0.557407 0.282226 1.113934
   vertex 0.574426 0.246158 1.147832
  endloop
 endfacet
 facet normal 0.905178 0.425027 -0.002222
  outer loop
   vertex 0.574426 0.246158 1.147832
   vertex 0.557407 0.282226 1.113934
   vertex 0.558497 0.280150 1.160862
  endloop
 endfacet
 facet normal 0.936217 0.351304 0.009133
  outer loop
   vertex 0.592954 0.196663 1.152385
   vertex 0.590264 0.205182 1.100446
   vertex 0.574426 0.246158 1.147832
  endloop
 endfacet
 facet normal 0.931273 0.364303 -0.003760
  outer loop
   vertex 0.574426 0.246158 1.147832
   vertex 0.590264 0.205182 1.100446
   vertex 0.573069 0.249027 1.089694
  endloop
 endfacet
 facet normal 0.963419 0.267682 0.013058
  outer loop
   vertex 0.607385 0.144667 1.153557
   vertex 0.605375 0.154441 1.101492
   vertex 0.592954 0.196663 1.152385
  endloop
 endfacet
 facet normal 0.958415 0.285363 -0.002832
  outer loop
   vertex 0.592954 0.196663 1.152385
   vertex 0.605375 0.154441 1.101492
   vertex 0.590264 0.205182 1.100446
  endloop
 endfacet
 facet normal 0.958377 0.285483 0.003511
  outer loop
   vertex 0.605375 0.154441 1.101492
   vertex 0.605287 0.155406 1.047047
   vertex 0.590264 0.205182 1.100446
  endloop
 endfacet
 facet normal 0.957042 0.289947 -0.001026
  outer loop
   vertex 0.590264 0.205182 1.100446
   vertex 0.605287 0.155406 1.047047
   vertex 0.590243 0.205058 1.045779
  endloop
 endfacet
 facet normal 0.957035 0.289972 0.000033
  outer loop
   vertex 0.605287 0.155406 1.047047
   vertex 0.605278 0.155442 0.992438
   vertex 0.590243 0.205058 1.045779
  endloop
 endfacet
 facet normal 0.957140 0.289626 0.000385
  outer loop
   vertex 0.590243 0.205058 1.045779
   vertex 0.605278 0.155442 0.992438
   vertex 0.590258 0.205081 0.991102
  endloop
 endfacet
 facet normal 0.957143 0.289617 -0.000000
  outer loop
   vertex 0.605278 0.155442 0.992438
   vertex 0.605278 0.155442 0.937830
   vertex 0.590258 0.205081 0.991102
  endloop
 endfacet
 facet normal 0.957391 0.288795 0.000836
  outer loop
   vertex 0.590258 0.205081 0.991102
   vertex 0.605278 0.155442 0.937830
   vertex 0.590252 0.205259 0.936519
  endloop
 endfacet
 facet normal 0.957397 0.288775 -0.000000
  outer loop
   vertex 0.605278 0.155442 0.937830
   vertex 0.605278 0.155442 0.883221
   vertex 0.590252 0.205259 0.936519
  endloop
 endfacet
 facet normal 0.957397 0.288775 0.000000
  outer loop
   vertex 0.590252 0.205259 0.936519
   vertex 0.605278 0.155442 0.883221
   vertex 0.590252 0.205259 0.881910
  endloop
 endfacet
 facet normal 0.957397 0.288775 -0.000000
  outer loop
   vertex 0.605278 0.155442 0.883221
   vertex 0.605278 0.155442 0.828612
   vertex 0.590252 0.205259 0.881910
  endloop
 endfacet
 facet normal 0.957397 0.288775 0.000000
  outer loop
   vertex 0.590252 0.205259 0.881910
   vertex 0.605278 0.155442 0.828612
   vertex 0.590252 0.205259 0.827302
  endloop
 endfacet
 facet normal 0.957397 0.288775 -0.000000
  outer loop
   vertex 0.605278 0.155442 0.828612
   vertex 0.605278 0.155442 0.774004
   vertex 0.590252 0.205259 0.827302
  endloop
 endfacet
 facet normal 0.957397 0.288775 0.000000
  outer loop
   vertex 0.590252 0.205259 0.827302
   vertex 0.605278 0.155442 0.774004
   vertex 0.590252 0.205259 0.772693
  endloop
 endfacet
 facet normal 0.957397 0.288775 -0.000000
  outer loop
   vertex 0.605278 0.155442 0.774004
   vertex 0.605278 0.155442 0.719396
   vertex 0.590252 0.205259 0.772693
  endloop
 endfacet
 facet normal 0.957397 0.288775 0.000000
  outer loop
   vertex 0.590252 0.205259 0.772693
   vertex 0.605278 0.155442 0.719396
   vertex 0.590252 0.205259 0.718084
  endloop
 endfacet
 facet normal 0.957397 0.288775 -0.000000
  outer loop
   vertex 0.605278 0.155442 0.719396
   vertex 0.605278 0.155442 0.664787
   vertex 0.590252 0.205259 0.718084
  endloop
 endfacet
 facet normal 0.957397 0.288775 0.000000
  outer loop
   vertex 0.590252 0.205259 0.718084
   vertex 0.605278 0.155442 0.664787
   vertex 0.590252 0.205259 0.663476
  endloop
 endfacet
 facet normal 0.957397 0.288775 -0.000000
  outer loop
   vertex 0.605278 0.155442 0.664787
   vertex 0.605278 0.155442 0.610178
   vertex 0.590252 0.205259 0.663476
  endloop
 endfacet
 facet normal 0.957397 0.288775 0.000000
  outer loop
   vertex 0.590252 0.205259 0.663476
   vertex 0.605278 0.155442 0.610178
   vertex 0.590252 0.205259 0.608868
  endloop
 endfacet
 facet normal 0.957397 0.288775 -0.000000
  outer loop
   vertex 0.605278 0.155442 0.610178
   vertex 0.605278 0.155442 0.555570
   vertex 0.590252 0.205259 0.608868
  endloop
 endfacet
 facet normal 0.957397 0.288775 0.000000
  outer loop
   vertex 0.590252 0.205259 0.608868
   vertex 0.605278 0.155442 0.555570
   vertex 0.590252 0.205259 0.554259
  endloop
 endfacet
 facet normal 0.957397 0.288775 -0.000000
  outer loop
   vertex 0.605278 0.155442 0.555570
   vertex 0.605278 0.155442 0.500961
   vertex 0.590252 0.205259 0.554259
  endloop
 endfacet
 facet normal 0.957397 0.288775 0.000000
  outer loop
   vertex 0.590252 0.205259 0.554259
   vertex 0.605278 0.155442 0.500961
   vertex 0.590252 0.205259 0.499651
  endloop
 endfacet
 facet normal 0.957397 0.288775 -0.000000
  outer loop
   vertex 0.605278 0.155442 0.500961
   vertex 0.605278 0.155442 0.446353
   vertex 0.590252 0.205259 0.499651
  endloop
 endfacet
 facet normal 0.957397 0.288775 0.000000
  outer loop
   vertex 0.590252 0.205259 0.499651
   vertex 0.605278 0.155442 0.446353
   vertex 0.590252 0.205259 0.445043
  endloop
 endfacet
 facet normal 0.957397 0.288775 -0.000000
  outer loop
   vertex 0.605278 0.155442 0.446353
   vertex 0.605278 0.155442 0.391745
   vertex 0.590252 0.205259 0.445043
  endloop
 endfacet
 facet normal 0.957397 0.288775 0.000000
  outer loop
   vertex 0.590252 0.205259 0.445043
   vertex 0.605278 0.155442 0.391745
   vertex 0.590252 0.205259 0.390434
  endloop
 endfacet
 facet normal 0.957397 0.288775 -0.000000
  outer loop
   vertex 0.605278 0.155442 0.391745
   vertex 0.605278 0.155442 0.337132
   vertex 0.590252 0.205259 0.390434
  endloop
 endfacet
 facet normal 0.957396 0.288780 -0.000005
  outer loop
   vertex 0.590252 0.205259 0.390434
   vertex 0.605278 0.155442 0.337132
   vertex 0.590252 0.205258 0.335822
  endloop
 endfacet
 facet normal 0.957395 0.288780 0.000007
  outer loop
   vertex 0.605278 0.155442 0.337132
   vertex 0.605279 0.155440 0.282404
   vertex 0.590252 0.205258 0.335822
  endloop
 endfacet
 facet normal 0.995613 0.093526 -0.002953
  outer loop
   vertex 0.618995 0.085706 1.159833
   vertex 0.623241 0.041312 1.185364
   vertex 0.623731 0.035034 1.151736
  endloop
 endfacet
 facet normal 0.999374 0.034429 0.008135
  outer loop
   vertex 0.623241 0.041312 1.185364
   vertex 0.624564 0.004847 1.177164
   vertex 0.623731 0.035034 1.151736
  endloop
 endfacet
 facet normal 0.999694 0.024475 -0.003693
  outer loop
   vertex 0.623731 0.035034 1.151736
   vertex 0.624564 0.004847 1.177164
   vertex 0.624780 -0.008041 1.150221
  endloop
 endfacet
 facet normal 0.999687 0.024522 -0.005048
  outer loop
   vertex 0.624780 -0.008041 1.150221
   vertex 0.624640 -0.011723 1.104611
   vertex 0.623731 0.035034 1.151736
  endloop
 endfacet
 facet normal 0.999356 0.033187 -0.013652
  outer loop
   vertex 0.623731 0.035034 1.151736
   vertex 0.624640 -0.011723 1.104611
   vertex 0.622772 0.043790 1.102818
  endloop
 endfacet
 facet normal 0.999409 0.033829 0.006169
  outer loop
   vertex 0.624640 -0.011723 1.104611
   vertex 0.624800 -0.006149 1.048120
   vertex 0.622772 0.043790 1.102818
  endloop
 endfacet
 facet normal 0.999443 0.032570 0.007321
  outer loop
   vertex 0.622772 0.043790 1.102818
   vertex 0.624800 -0.006149 1.048120
   vertex 0.623111 0.045728 1.047910
  endloop
 endfacet
 facet normal 0.999470 0.032545 0.001050
  outer loop
   vertex 0.624800 -0.006149 1.048120
   vertex 0.624863 -0.006271 0.991938
   vertex 0.623111 0.045728 1.047910
  endloop
 endfacet
 facet normal 0.999461 0.032831 0.000784
  outer loop
   vertex 0.623111 0.045728 1.047910
   vertex 0.624863 -0.006271 0.991938
   vertex 0.623152 0.045811 0.992146
  endloop
 endfacet
 facet normal 0.999459 0.032826 0.002225
  outer loop
   vertex 0.624863 -0.006271 0.991938
   vertex 0.624920 -0.004342 0.937884
   vertex 0.623152 0.045811 0.992146
  endloop
 endfacet
 facet normal 0.999441 0.033390 0.001703
  outer loop
   vertex 0.623152 0.045811 0.992146
   vertex 0.624920 -0.004342 0.937884
   vertex 0.623202 0.047081 0.937884
  endloop
 endfacet
 facet normal 0.999442 0.033390 -0.000000
  outer loop
   vertex 0.624920 -0.004342 0.937884
   vertex 0.624920 -0.004342 0.883275
   vertex 0.623202 0.047081 0.937884
  endloop
 endfacet
 facet normal 0.999442 0.033390 0.000001
  outer loop
   vertex 0.623202 0.047081 0.937884
   vertex 0.624920 -0.004342 0.883275
   vertex 0.623202 0.047082 0.883275
  endloop
 endfacet
 facet normal 0.999442 0.033390 -0.000000
  outer loop
   vertex 0.624920 -0.004342 0.883275
   vertex 0.624920 -0.004342 0.828667
   vertex 0.623202 0.047082 0.883275
  endloop
 endfacet
 facet normal 0.999442 0.033390 -0.000001
  outer loop
   vertex 0.623202 0.047082 0.883275
   vertex 0.624920 -0.004342 0.828667
   vertex 0.623202 0.047081 0.828667
  endloop
 endfacet
 facet normal 0.999442 0.033390 -0.000019
  outer loop
   vertex 0.624920 -0.004342 0.828667
   vertex 0.624919 -0.004342 0.774058
   vertex 0.623202 0.047081 0.828667
  endloop
 endfacet
 facet normal 0.999443 0.033371 0.000000
  outer loop
   vertex 0.623202 0.047081 0.828667
   vertex 0.624919 -0.004342 0.774058
   vertex 0.623202 0.047081 0.774058
  endloop
 endfacet
 facet normal 0.999443 0.033371 -0.000000
  outer loop
   vertex 0.624919 -0.004342 0.774058
   vertex 0.624919 -0.004342 0.719450
   vertex 0.623202 0.047081 0.774058
  endloop
 endfacet
 facet normal 0.999443 0.033370 0.000001
  outer loop
   vertex 0.623202 0.047081 0.774058
   vertex 0.624919 -0.004342 0.719450
   vertex 0.623202 0.047082 0.719450
  endloop
 endfacet
 facet normal 0.999443 0.033370 0.000019
  outer loop
   vertex 0.624919 -0.004342 0.719450
   vertex 0.624920 -0.004342 0.664842
   vertex 0.623202 0.047082 0.719450
  endloop
 endfacet
 facet normal 0.999442 0.033390 -0.000001
  outer loop
   vertex 0.623202 0.047082 0.719450
   vertex 0.624920 -0.004342 0.664842
   vertex 0.623202 0.047081 0.664842
  endloop
 endfacet
 facet normal 0.999442 0.033390 -0.000000
  outer loop
   vertex 0.624920 -0.004342 0.664842
   vertex 0.624920 -0.004342 0.610233
   vertex 0.623202 0.047081 0.664842
  endloop
 endfacet
 facet normal 0.999442 0.033390 0.000000
  outer loop
   vertex 0.623202 0.047081 0.664842
   vertex 0.624920 -0.004342 0.610233
   vertex 0.623202 0.047081 0.610233
  endloop
 endfacet
 facet normal 0.999442 0.033390 -0.000000
  outer loop
   vertex 0.624920 -0.004342 0.610233
   vertex 0.624920 -0.004342 0.555625
   vertex 0.623202 0.047081 0.610233
  endloop
 endfacet
 facet normal 0.999442 0.033390 0.000001
  outer loop
   vertex 0.623202 0.047081 0.610233
   vertex 0.624920 -0.004342 0.555625
   vertex 0.623202 0.047082 0.555625
  endloop
 endfacet
 facet normal 0.999442 0.033390 -0.000000
  outer loop
   vertex 0.624920 -0.004342 0.555625
   vertex 0.624920 -0.004342 0.501017
   vertex 0.623202 0.047082 0.555625
  endloop
 endfacet
 facet normal 0.999442 0.033390 0.000000
  outer loop
   vertex 0.623202 0.047082 0.555625
   vertex 0.624920 -0.004342 0.501017
   vertex 0.623202 0.047082 0.501017
  endloop
 endfacet
 facet normal 0.999442 0.033390 -0.000000
  outer loop
   vertex 0.624920 -0.004342 0.501017
   vertex 0.624920 -0.004342 0.446407
   vertex 0.623202 0.047082 0.501017
  endloop
 endfacet
 facet normal 0.999442 0.033390 0.000000
  outer loop
   vertex 0.623202 0.047082 0.501017
   vertex 0.624920 -0.004342 0.446407
   vertex 0.623202 0.047082 0.446407
  endloop
 endfacet
 facet normal 0.999442 0.033390 -0.000000
  outer loop
   vertex 0.624920 -0.004342 0.446407
   vertex 0.624920 -0.004342 0.391799
   vertex 0.623202 0.047082 0.446407
  endloop
 endfacet
 facet normal 0.999442 0.033390 -0.000001
  outer loop
   vertex 0.623202 0.047082 0.446407
   vertex 0.624920 -0.004342 0.391799
   vertex 0.623202 0.047081 0.391799
  endloop
 endfacet
 facet normal 0.999442 0.033390 -0.000000
  outer loop
   vertex 0.624920 -0.004342 0.391799
   vertex 0.624920 -0.004342 0.337191
   vertex 0.623202 0.047081 0.391799
  endloop
 endfacet
 facet normal 0.999442 0.033390 0.000001
  outer loop
   vertex 0.623202 0.047081 0.391799
   vertex 0.624920 -0.004342 0.337191
   vertex 0.623202 0.047082 0.337191
  endloop
 endfacet
 facet normal 0.991761 -0.128104 0.000000
  outer loop
   vertex 0.616055 -0.104700 0.391800
   vertex 0.616055 -0.104700 0.337191
   vertex 0.622505 -0.054765 0.391799
  endloop
 endfacet
 facet normal 0.991761 -0.128104 0.000000
  outer loop
   vertex 0.622505 -0.054765 0.391799
   vertex 0.616055 -0.104700 0.337191
   vertex 0.622505 -0.054765 0.337191
  endloop
 endfacet
 facet normal 0.991761 -0.128104 0.000000
  outer loop
   vertex 0.616055 -0.104700 0.446408
   vertex 0.616055 -0.104700 0.391800
   vertex 0.622505 -0.054765 0.446407
  endloop
 endfacet
 facet normal 0.991761 -0.128104 0.000000
  outer loop
   vertex 0.622505 -0.054765 0.446407
   vertex 0.616055 -0.104700 0.391800
   vertex 0.622505 -0.054765 0.391799
  endloop
 endfacet
 facet normal 0.991761 -0.128104 0.000000
  outer loop
   vertex 0.616055 -0.104700 0.501017
   vertex 0.616055 -0.104700 0.446408
   vertex 0.622505 -0.054765 0.501017
  endloop
 endfacet
 facet normal 0.991761 -0.128104 0.000000
  outer loop
   vertex 0.622505 -0.054765 0.501017
   vertex 0.616055 -0.104700 0.446408
   vertex 0.622505 -0.054765 0.446407
  endloop
 endfacet
 facet normal 0.991760 -0.128106 0.000000
  outer loop
   vertex 0.616055 -0.104700 0.555625
   vertex 0.616055 -0.104700 0.501017
   vertex 0.622505 -0.054766 0.555624
  endloop
 endfacet
 facet normal 0.991761 -0.128104 -0.000002
  outer loop
   vertex 0.622505 -0.054766 0.555624
   vertex 0.616055 -0.104700 0.501017
   vertex 0.622505 -0.054765 0.501017
  endloop
 endfacet
 facet normal 0.991761 -0.128104 0.000000
  outer loop
   vertex 0.616055 -0.104700 0.610233
   vertex 0.616055 -0.104700 0.555625
   vertex 0.622505 -0.054765 0.610233
  endloop
 endfacet
 facet normal 0.991760 -0.128106 0.000002
  outer loop
   vertex 0.622505 -0.054765 0.610233
   vertex 0.616055 -0.104700 0.555625
   vertex 0.622505 -0.054766 0.555624
  endloop
 endfacet
 facet normal 0.991761 -0.128104 0.000000
  outer loop
   vertex 0.616055 -0.104700 0.664842
   vertex 0.616055 -0.104700 0.610233
   vertex 0.622505 -0.054765 0.664842
  endloop
 endfacet
 facet normal 0.991761 -0.128104 0.000000
  outer loop
   vertex 0.622505 -0.054765 0.664842
   vertex 0.616055 -0.104700 0.610233
   vertex 0.622505 -0.054765 0.610233
  endloop
 endfacet
 facet normal 0.991761 -0.128104 0.000000
  outer loop
   vertex 0.616055 -0.104700 0.719450
   vertex 0.616055 -0.104700 0.664842
   vertex 0.622505 -0.054765 0.719450
  endloop
 endfacet
 facet normal 0.991761 -0.128104 0.000000
  outer loop
   vertex 0.622505 -0.054765 0.719450
   vertex 0.616055 -0.104700 0.664842
   vertex 0.622505 -0.054765 0.664842
  endloop
 endfacet
 facet normal 0.991761 -0.128101 0.000000
  outer loop
   vertex 0.616055 -0.104700 0.774058
   vertex 0.616055 -0.104700 0.719450
   vertex 0.622505 -0.054764 0.774058
  endloop
 endfacet
 facet normal 0.991761 -0.128104 0.000002
  outer loop
   vertex 0.622505 -0.054764 0.774058
   vertex 0.616055 -0.104700 0.719450
   vertex 0.622505 -0.054765 0.719450
  endloop
 endfacet
 facet normal 0.991761 -0.128104 0.000000
  outer loop
   vertex 0.616055 -0.104700 0.828667
   vertex 0.616055 -0.104700 0.774058
   vertex 0.622505 -0.054765 0.828667
  endloop
 endfacet
 facet normal 0.991761 -0.128101 -0.000002
  outer loop
   vertex 0.622505 -0.054765 0.828667
   vertex 0.616055 -0.104700 0.774058
   vertex 0.622505 -0.054764 0.774058
  endloop
 endfacet
 facet normal 0.991761 -0.128104 0.000000
  outer loop
   vertex 0.616055 -0.104700 0.883275
   vertex 0.616055 -0.104700 0.828667
   vertex 0.622505 -0.054765 0.883275
  endloop
 endfacet
 facet normal 0.991761 -0.128104 0.000000
  outer loop
   vertex 0.622505 -0.054765 0.883275
   vertex 0.616055 -0.104700 0.828667
   vertex 0.622505 -0.054765 0.828667
  endloop
 endfacet
 facet normal 0.991599 -0.129346 0.001155
  outer loop
   vertex 0.615820 -0.106017 0.937543
   vertex 0.616055 -0.104700 0.883275
   vertex 0.622505 -0.054765 0.937884
  endloop
 endfacet
 facet normal 0.991761 -0.128104 0.000000
  outer loop
   vertex 0.622505 -0.054765 0.937884
   vertex 0.616055 -0.104700 0.883275
   vertex 0.622505 -0.054765 0.883275
  endloop
 endfacet
 facet normal 0.991006 -0.133768 0.003521
  outer loop
   vertex 0.615790 -0.104802 0.992144
   vertex 0.615820 -0.106017 0.937543
   vertex 0.622402 -0.055816 0.992203
  endloop
 endfacet
 facet normal 0.991601 -0.129335 -0.000622
  outer loop
   vertex 0.622402 -0.055816 0.992203
   vertex 0.615820 -0.106017 0.937543
   vertex 0.622505 -0.054765 0.937884
  endloop
 endfacet
 facet normal 0.991397 -0.130883 -0.001421
  outer loop
   vertex 0.615565 -0.107106 1.047377
   vertex 0.615790 -0.104802 0.992144
   vertex 0.622141 -0.057297 1.047581
  endloop
 endfacet
 facet normal 0.991012 -0.133766 0.001094
  outer loop
   vertex 0.622141 -0.057297 1.047581
   vertex 0.615790 -0.104802 0.992144
   vertex 0.622402 -0.055816 0.992203
  endloop
 endfacet
 facet normal 0.990282 -0.139072 0.000703
  outer loop
   vertex 0.615197 -0.109503 1.091540
   vertex 0.615565 -0.107106 1.047377
   vertex 0.621263 -0.066283 1.096656
  endloop
 endfacet
 facet normal 0.991381 -0.130861 -0.006225
  outer loop
   vertex 0.621263 -0.066283 1.096656
   vertex 0.615565 -0.107106 1.047377
   vertex 0.622141 -0.057297 1.047581
  endloop
 endfacet
 facet normal 0.990931 -0.133457 0.015654
  outer loop
   vertex 0.621963 -0.056850 1.132764
   vertex 0.616101 -0.101703 1.121451
   vertex 0.621263 -0.066283 1.096656
  endloop
 endfacet
 facet normal 0.990166 -0.139743 0.006515
  outer loop
   vertex 0.621263 -0.066283 1.096656
   vertex 0.616101 -0.101703 1.121451
   vertex 0.615197 -0.109503 1.091540
  endloop
 endfacet
 facet normal 0.979418 -0.200562 0.022700
  outer loop
   vertex 0.615197 -0.109503 1.091540
   vertex 0.616101 -0.101703 1.121451
   vertex 0.609803 -0.134763 1.101089
  endloop
 endfacet
 facet normal 0.977684 -0.210054 -0.003389
  outer loop
   vertex 0.609803 -0.134763 1.101089
   vertex 0.606069 -0.151419 1.056238
   vertex 0.615197 -0.109503 1.091540
  endloop
 endfacet
 facet normal 0.977662 -0.210158 -0.003260
  outer loop
   vertex 0.615197 -0.109503 1.091540
   vertex 0.606069 -0.151419 1.056238
   vertex 0.615565 -0.107106 1.047377
  endloop
 endfacet
 facet normal 0.977413 -0.211166 -0.008565
  outer loop
   vertex 0.606069 -0.151419 1.056238
   vertex 0.602900 -0.163657 0.996324
   vertex 0.615565 -0.107106 1.047377
  endloop
 endfacet
 facet normal 0.976761 -0.214275 -0.004959
  outer loop
   vertex 0.615565 -0.107106 1.047377
   vertex 0.602900 -0.163657 0.996324
   vertex 0.615790 -0.104802 0.992144
  endloop
 endfacet
 facet normal 0.920703 -0.390265 0.000000
  outer loop
   vertex 0.563340 -0.270326 0.391854
   vertex 0.563340 -0.270326 0.337246
   vertex 0.586822 -0.214928 0.391799
  endloop
 endfacet
 facet normal 0.920703 -0.390265 0.000000
  outer loop
   vertex 0.563340 -0.270326 0.446463
   vertex 0.563340 -0.270326 0.391854
   vertex 0.586822 -0.214928 0.446407
  endloop
 endfacet
 facet normal 0.920703 -0.390265 0.000000
  outer loop
   vertex 0.586822 -0.214928 0.446407
   vertex 0.563340 -0.270326 0.391854
   vertex 0.586822 -0.214928 0.391799
  endloop
 endfacet
 facet normal 0.920703 -0.390265 0.000000
  outer loop
   vertex 0.563340 -0.270326 0.501071
   vertex 0.563340 -0.270326 0.446463
   vertex 0.586822 -0.214928 0.501017
  endloop
 endfacet
 facet normal 0.920703 -0.390265 0.000000
  outer loop
   vertex 0.586822 -0.214928 0.501017
   vertex 0.563340 -0.270326 0.446463
   vertex 0.586822 -0.214928 0.446407
  endloop
 endfacet
 facet normal 0.920703 -0.390265 0.000000
  outer loop
   vertex 0.563340 -0.270326 0.555679
   vertex 0.563340 -0.270326 0.501071
   vertex 0.586822 -0.214928 0.555625
  endloop
 endfacet
 facet normal 0.920703 -0.390265 0.000000
  outer loop
   vertex 0.586822 -0.214928 0.555625
   vertex 0.563340 -0.270326 0.501071
   vertex 0.586822 -0.214928 0.501017
  endloop
 endfacet
 facet normal 0.920703 -0.390265 0.000000
  outer loop
   vertex 0.563340 -0.270326 0.610288
   vertex 0.563340 -0.270326 0.555679
   vertex 0.586822 -0.214928 0.610233
  endloop
 endfacet
 facet normal 0.920703 -0.390265 0.000000
  outer loop
   vertex 0.586822 -0.214928 0.610233
   vertex 0.563340 -0.270326 0.555679
   vertex 0.586822 -0.214928 0.555625
  endloop
 endfacet
 facet normal 0.920703 -0.390265 0.000000
  outer loop
   vertex 0.563340 -0.270326 0.664896
   vertex 0.563340 -0.270326 0.610288
   vertex 0.586822 -0.214928 0.664842
  endloop
 endfacet
 facet normal 0.920703 -0.390265 0.000000
  outer loop
   vertex 0.586822 -0.214928 0.664842
   vertex 0.563340 -0.270326 0.610288
   vertex 0.586822 -0.214928 0.610233
  endloop
 endfacet
 facet normal 0.920705 -0.390259 0.000000
  outer loop
   vertex 0.563340 -0.270326 0.719504
   vertex 0.563340 -0.270326 0.664896
   vertex 0.586822 -0.214927 0.719450
  endloop
 endfacet
 facet normal 0.920703 -0.390265 0.000007
  outer loop
   vertex 0.586822 -0.214927 0.719450
   vertex 0.563340 -0.270326 0.664896
   vertex 0.586822 -0.214928 0.664842
  endloop
 endfacet
 facet normal 0.920703 -0.390265 0.000000
  outer loop
   vertex 0.563340 -0.270326 0.774113
   vertex 0.563340 -0.270326 0.719504
   vertex 0.586822 -0.214928 0.774058
  endloop
 endfacet
 facet normal 0.920705 -0.390259 -0.000007
  outer loop
   vertex 0.586822 -0.214928 0.774058
   vertex 0.563340 -0.270326 0.719504
   vertex 0.586822 -0.214927 0.719450
  endloop
 endfacet
 facet normal 0.920011 -0.391888 0.001946
  outer loop
   vertex 0.563516 -0.269643 0.828452
   vertex 0.563340 -0.270326 0.774113
   vertex 0.586822 -0.214928 0.828667
  endloop
 endfacet
 facet normal 0.920703 -0.390265 0.000000
  outer loop
   vertex 0.586822 -0.214928 0.828667
   vertex 0.563340 -0.270326 0.774113
   vertex 0.586822 -0.214928 0.774058
  endloop
 endfacet
 facet normal 0.921497 -0.388386 0.000875
  outer loop
   vertex 0.563019 -0.270699 0.883173
   vertex 0.563516 -0.269643 0.828452
   vertex 0.586718 -0.214470 0.883118
  endloop
 endfacet
 facet normal 0.919997 -0.391894 0.005053
  outer loop
   vertex 0.586718 -0.214470 0.883118
   vertex 0.563516 -0.269643 0.828452
   vertex 0.586822 -0.214928 0.828667
  endloop
 endfacet
 facet normal 0.920715 -0.390230 0.002049
  outer loop
   vertex 0.562568 -0.271479 0.937258
   vertex 0.563019 -0.270699 0.883173
   vertex 0.586353 -0.215358 0.937710
  endloop
 endfacet
 facet normal 0.921496 -0.388387 -0.000156
  outer loop
   vertex 0.586353 -0.215358 0.937710
   vertex 0.563019 -0.270699 0.883173
   vertex 0.586718 -0.214470 0.883118
  endloop
 endfacet
 facet normal 0.913874 -0.405807 0.012456
  outer loop
   vertex 0.560527 -0.274552 0.986884
   vertex 0.562568 -0.271479 0.937258
   vertex 0.583354 -0.223240 0.983817
  endloop
 endfacet
 facet normal 0.920721 -0.390162 -0.006810
  outer loop
   vertex 0.583354 -0.223240 0.983817
   vertex 0.562568 -0.271479 0.937258
   vertex 0.586353 -0.215358 0.937710
  endloop
 endfacet
 facet normal 0.954798 -0.297256 0.000000
  outer loop
   vertex 0.586822 -0.214928 0.446407
   vertex 0.586822 -0.214928 0.391799
   vertex 0.604588 -0.157863 0.446407
  endloop
 endfacet
 facet normal 0.954798 -0.297256 0.000000
  outer loop
   vertex 0.604588 -0.157863 0.446407
   vertex 0.586822 -0.214928 0.391799
   vertex 0.604588 -0.157863 0.391799
  endloop
 endfacet
 facet normal 0.954798 -0.297256 0.000000
  outer loop
   vertex 0.586822 -0.214928 0.501017
   vertex 0.586822 -0.214928 0.446407
   vertex 0.604588 -0.157863 0.501017
  endloop
 endfacet
 facet normal 0.954798 -0.297256 0.000000
  outer loop
   vertex 0.604588 -0.157863 0.501017
   vertex 0.586822 -0.214928 0.446407
   vertex 0.604588 -0.157863 0.446407
  endloop
 endfacet
 facet normal 0.954798 -0.297256 0.000000
  outer loop
   vertex 0.586822 -0.214928 0.555625
   vertex 0.586822 -0.214928 0.501017
   vertex 0.604588 -0.157863 0.555625
  endloop
 endfacet
 facet normal 0.954798 -0.297256 0.000000
  outer loop
   vertex 0.604588 -0.157863 0.555625
   vertex 0.586822 -0.214928 0.501017
   vertex 0.604588 -0.157863 0.501017
  endloop
 endfacet
 facet normal 0.954798 -0.297256 0.000000
  outer loop
   vertex 0.586822 -0.214928 0.610233
   vertex 0.586822 -0.214928 0.555625
   vertex 0.604588 -0.157863 0.610233
  endloop
 endfacet
 facet normal 0.954798 -0.297256 0.000000
  outer loop
   vertex 0.604588 -0.157863 0.610233
   vertex 0.586822 -0.214928 0.555625
   vertex 0.604588 -0.157863 0.555625
  endloop
 endfacet
 facet normal 0.954799 -0.297252 0.000000
  outer loop
   vertex 0.586822 -0.214928 0.664842
   vertex 0.586822 -0.214928 0.610233
   vertex 0.604588 -0.157862 0.664842
  endloop
 endfacet
 facet normal 0.954798 -0.297256 0.000006
  outer loop
   vertex 0.604588 -0.157862 0.664842
   vertex 0.586822 -0.214928 0.610233
   vertex 0.604588 -0.157863 0.610233
  endloop
 endfacet
 facet normal 0.954796 -0.297261 0.000005
  outer loop
   vertex 0.586822 -0.214927 0.719450
   vertex 0.586822 -0.214928 0.664842
   vertex 0.604588 -0.157863 0.719450
  endloop
 endfacet
 facet normal 0.954799 -0.297252 -0.000006
  outer loop
   vertex 0.604588 -0.157863 0.719450
   vertex 0.586822 -0.214928 0.664842
   vertex 0.604588 -0.157862 0.664842
  endloop
 endfacet
 facet normal 0.954799 -0.297252 -0.000005
  outer loop
   vertex 0.586822 -0.214928 0.774058
   vertex 0.586822 -0.214927 0.719450
   vertex 0.604588 -0.157862 0.774058
  endloop
 endfacet
 facet normal 0.954796 -0.297261 0.000006
  outer loop
   vertex 0.604588 -0.157862 0.774058
   vertex 0.586822 -0.214927 0.719450
   vertex 0.604588 -0.157863 0.719450
  endloop
 endfacet
 facet normal 0.954799 -0.297252 0.000000
  outer loop
   vertex 0.586822 -0.214928 0.828667
   vertex 0.586822 -0.214928 0.774058
   vertex 0.604588 -0.157862 0.828667
  endloop
 endfacet
 facet normal 0.954799 -0.297252 0.000000
  outer loop
   vertex 0.604588 -0.157862 0.828667
   vertex 0.586822 -0.214928 0.774058
   vertex 0.604588 -0.157862 0.774058
  endloop
 endfacet
 facet normal 0.953599 -0.301048 0.004353
  outer loop
   vertex 0.586718 -0.214470 0.883118
   vertex 0.586822 -0.214928 0.828667
   vertex 0.604586 -0.157869 0.883280
  endloop
 endfacet
 facet normal 0.954799 -0.297252 -0.000004
  outer loop
   vertex 0.604586 -0.157869 0.883280
   vertex 0.586822 -0.214928 0.828667
   vertex 0.604588 -0.157862 0.828667
  endloop
 endfacet
 facet normal 0.954622 -0.297815 0.001539
  outer loop
   vertex 0.586353 -0.215358 0.937710
   vertex 0.586718 -0.214470 0.883118
   vertex 0.604132 -0.158365 0.938459
  endloop
 endfacet
 facet normal 0.953595 -0.301049 0.005140
  outer loop
   vertex 0.604132 -0.158365 0.938459
   vertex 0.586718 -0.214470 0.883118
   vertex 0.604586 -0.157869 0.883280
  endloop
 endfacet
 facet normal 0.949635 -0.313250 0.008218
  outer loop
   vertex 0.583354 -0.223240 0.983817
   vertex 0.586353 -0.215358 0.937710
   vertex 0.602900 -0.163657 0.996324
  endloop
 endfacet
 facet normal 0.954632 -0.297707 -0.006902
  outer loop
   vertex 0.602900 -0.163657 0.996324
   vertex 0.586353 -0.215358 0.937710
   vertex 0.604132 -0.158365 0.938459
  endloop
 endfacet
 facet normal 0.976864 -0.213857 0.001240
  outer loop
   vertex 0.602900 -0.163657 0.996324
   vertex 0.604132 -0.158365 0.938459
   vertex 0.615790 -0.104802 0.992144
  endloop
 endfacet
 facet normal 0.975975 -0.217817 0.005383
  outer loop
   vertex 0.615790 -0.104802 0.992144
   vertex 0.604132 -0.158365 0.938459
   vertex 0.615820 -0.106017 0.937543
  endloop
 endfacet
 facet normal 0.975974 -0.217804 0.006072
  outer loop
   vertex 0.604132 -0.158365 0.938459
   vertex 0.604586 -0.157869 0.883280
   vertex 0.615820 -0.106017 0.937543
  endloop
 endfacet
 facet normal 0.977516 -0.210859 -0.000884
  outer loop
   vertex 0.615820 -0.106017 0.937543
   vertex 0.604586 -0.157869 0.883280
   vertex 0.616055 -0.104700 0.883275
  endloop
 endfacet
 facet normal 0.977517 -0.210859 0.000008
  outer loop
   vertex 0.604586 -0.157869 0.883280
   vertex 0.604588 -0.157862 0.828667
   vertex 0.616055 -0.104700 0.883275
  endloop
 endfacet
 facet normal 0.977518 -0.210851 0.000000
  outer loop
   vertex 0.616055 -0.104700 0.883275
   vertex 0.604588 -0.157862 0.828667
   vertex 0.616055 -0.104700 0.828667
  endloop
 endfacet
 facet normal 0.977518 -0.210851 0.000000
  outer loop
   vertex 0.604588 -0.157862 0.828667
   vertex 0.604588 -0.157862 0.774058
   vertex 0.616055 -0.104700 0.828667
  endloop
 endfacet
 facet normal 0.977518 -0.210851 0.000000
  outer loop
   vertex 0.616055 -0.104700 0.828667
   vertex 0.604588 -0.157862 0.774058
   vertex 0.616055 -0.104700 0.774058
  endloop
 endfacet
 facet normal 0.977518 -0.210851 0.000004
  outer loop
   vertex 0.604588 -0.157862 0.774058
   vertex 0.604588 -0.157863 0.719450
   vertex 0.616055 -0.104700 0.774058
  endloop
 endfacet
 facet normal 0.977519 -0.210847 0.000000
  outer loop
   vertex 0.616055 -0.104700 0.774058
   vertex 0.604588 -0.157863 0.719450
   vertex 0.616055 -0.104700 0.719450
  endloop
 endfacet
 facet normal 0.977519 -0.210847 -0.000004
  outer loop
   vertex 0.604588 -0.157863 0.719450
   vertex 0.604588 -0.157862 0.664842
   vertex 0.616055 -0.104700 0.719450
  endloop
 endfacet
 facet normal 0.977518 -0.210851 0.000000
  outer loop
   vertex 0.616055 -0.104700 0.719450
   vertex 0.604588 -0.157862 0.664842
   vertex 0.616055 -0.104700 0.664842
  endloop
 endfacet
 facet normal 0.977518 -0.210851 0.000004
  outer loop
   vertex 0.604588 -0.157862 0.664842
   vertex 0.604588 -0.157863 0.610233
   vertex 0.616055 -0.104700 0.664842
  endloop
 endfacet
 facet normal 0.977519 -0.210847 0.000000
  outer loop
   vertex 0.616055 -0.104700 0.664842
   vertex 0.604588 -0.157863 0.610233
   vertex 0.616055 -0.104700 0.610233
  endloop
 endfacet
 facet normal 0.977519 -0.210847 0.000000
  outer loop
   vertex 0.604588 -0.157863 0.610233
   vertex 0.604588 -0.157863 0.555625
   vertex 0.616055 -0.104700 0.610233
  endloop
 endfacet
 facet normal 0.977519 -0.210847 0.000000
  outer loop
   vertex 0.616055 -0.104700 0.610233
   vertex 0.604588 -0.157863 0.555625
   vertex 0.616055 -0.104700 0.555625
  endloop
 endfacet
 facet normal 0.977519 -0.210847 0.000000
  outer loop
   vertex 0.604588 -0.157863 0.555625
   vertex 0.604588 -0.157863 0.501017
   vertex 0.616055 -0.104700 0.555625
  endloop
 endfacet
 facet normal 0.977519 -0.210847 0.000000
  outer loop
   vertex 0.616055 -0.104700 0.555625
   vertex 0.604588 -0.157863 0.501017
   vertex 0.616055 -0.104700 0.501017
  endloop
 endfacet
 facet normal 0.977519 -0.210847 0.000000
  outer loop
   vertex 0.604588 -0.157863 0.501017
   vertex 0.604588 -0.157863 0.446407
   vertex 0.616055 -0.104700 0.501017
  endloop
 endfacet
 facet normal 0.977519 -0.210847 0.000000
  outer loop
   vertex 0.616055 -0.104700 0.501017
   vertex 0.604588 -0.157863 0.446407
   vertex 0.616055 -0.104700 0.446408
  endloop
 endfacet
 facet normal 0.977519 -0.210847 0.000000
  outer loop
   vertex 0.604588 -0.157863 0.446407
   vertex 0.604588 -0.157863 0.391799
   vertex 0.616055 -0.104700 0.446408
  endloop
 endfacet
 facet normal 0.977519 -0.210847 0.000000
  outer loop
   vertex 0.616055 -0.104700 0.446408
   vertex 0.604588 -0.157863 0.391799
   vertex 0.616055 -0.104700 0.391800
  endloop
 endfacet
 facet normal 0.998855 -0.047840 0.000000
  outer loop
   vertex 0.622505 -0.054765 0.391799
   vertex 0.622505 -0.054765 0.337191
   vertex 0.624920 -0.004342 0.391799
  endloop
 endfacet
 facet normal 0.998855 -0.047840 0.000000
  outer loop
   vertex 0.624920 -0.004342 0.391799
   vertex 0.622505 -0.054765 0.337191
   vertex 0.624920 -0.004342 0.337191
  endloop
 endfacet
 facet normal 0.998855 -0.047840 0.000000
  outer loop
   vertex 0.622505 -0.054765 0.446407
   vertex 0.622505 -0.054765 0.391799
   vertex 0.624920 -0.004342 0.446407
  endloop
 endfacet
 facet normal 0.998855 -0.047840 0.000000
  outer loop
   vertex 0.624920 -0.004342 0.446407
   vertex 0.622505 -0.054765 0.391799
   vertex 0.624920 -0.004342 0.391799
  endloop
 endfacet
 facet normal 0.998855 -0.047840 0.000000
  outer loop
   vertex 0.622505 -0.054765 0.501017
   vertex 0.622505 -0.054765 0.446407
   vertex 0.624920 -0.004342 0.501017
  endloop
 endfacet
 facet normal 0.998855 -0.047840 0.000000
  outer loop
   vertex 0.624920 -0.004342 0.501017
   vertex 0.622505 -0.054765 0.446407
   vertex 0.624920 -0.004342 0.446407
  endloop
 endfacet
 facet normal 0.998855 -0.047839 -0.000001
  outer loop
   vertex 0.622505 -0.054766 0.555624
   vertex 0.622505 -0.054765 0.501017
   vertex 0.624920 -0.004342 0.555625
  endloop
 endfacet
 facet normal 0.998855 -0.047840 0.000000
  outer loop
   vertex 0.624920 -0.004342 0.555625
   vertex 0.622505 -0.054765 0.501017
   vertex 0.624920 -0.004342 0.501017
  endloop
 endfacet
 facet normal 0.998855 -0.047840 0.000001
  outer loop
   vertex 0.622505 -0.054765 0.610233
   vertex 0.622505 -0.054766 0.555624
   vertex 0.624920 -0.004342 0.610233
  endloop
 endfacet
 facet normal 0.998855 -0.047839 0.000000
  outer loop
   vertex 0.624920 -0.004342 0.610233
   vertex 0.622505 -0.054766 0.555624
   vertex 0.624920 -0.004342 0.555625
  endloop
 endfacet
 facet normal 0.998855 -0.047840 0.000000
  outer loop
   vertex 0.622505 -0.054765 0.664842
   vertex 0.622505 -0.054765 0.610233
   vertex 0.624920 -0.004342 0.664842
  endloop
 endfacet
 facet normal 0.998855 -0.047840 0.000000
  outer loop
   vertex 0.624920 -0.004342 0.664842
   vertex 0.622505 -0.054765 0.610233
   vertex 0.624920 -0.004342 0.610233
  endloop
 endfacet
 facet normal 0.998856 -0.047820 0.000000
  outer loop
   vertex 0.622505 -0.054765 0.719450
   vertex 0.622505 -0.054765 0.664842
   vertex 0.624919 -0.004342 0.719450
  endloop
 endfacet
 facet normal 0.998855 -0.047840 0.000019
  outer loop
   vertex 0.624919 -0.004342 0.719450
   vertex 0.622505 -0.054765 0.664842
   vertex 0.624920 -0.004342 0.664842
  endloop
 endfacet
 facet normal 0.998856 -0.047821 0.000001
  outer loop
   vertex 0.622505 -0.054764 0.774058
   vertex 0.622505 -0.054765 0.719450
   vertex 0.624919 -0.004342 0.774058
  endloop
 endfacet
 facet normal 0.998856 -0.047820 0.000000
  outer loop
   vertex 0.624919 -0.004342 0.774058
   vertex 0.622505 -0.054765 0.719450
   vertex 0.624919 -0.004342 0.719450
  endloop
 endfacet
 facet normal 0.998855 -0.047840 -0.000001
  outer loop
   vertex 0.622505 -0.054765 0.828667
   vertex 0.622505 -0.054764 0.774058
   vertex 0.624920 -0.004342 0.828667
  endloop
 endfacet
 facet normal 0.998856 -0.047821 -0.000019
  outer loop
   vertex 0.624920 -0.004342 0.828667
   vertex 0.622505 -0.054764 0.774058
   vertex 0.624919 -0.004342 0.774058
  endloop
 endfacet
 facet normal 0.998855 -0.047840 0.000000
  outer loop
   vertex 0.622505 -0.054765 0.883275
   vertex 0.622505 -0.054765 0.828667
   vertex 0.624920 -0.004342 0.883275
  endloop
 endfacet
 facet normal 0.998855 -0.047840 0.000000
  outer loop
   vertex 0.624920 -0.004342 0.883275
   vertex 0.622505 -0.054765 0.828667
   vertex 0.624920 -0.004342 0.828667
  endloop
 endfacet
 facet normal 0.998855 -0.047840 0.000000
  outer loop
   vertex 0.622505 -0.054765 0.937884
   vertex 0.622505 -0.054765 0.883275
   vertex 0.624920 -0.004342 0.937884
  endloop
 endfacet
 facet normal 0.998855 -0.047840 0.000000
  outer loop
   vertex 0.624920 -0.004342 0.937884
   vertex 0.622505 -0.054765 0.883275
   vertex 0.624920 -0.004342 0.883275
  endloop
 endfacet
 facet normal 0.998768 -0.049606 0.000934
  outer loop
   vertex 0.622402 -0.055816 0.992203
   vertex 0.622505 -0.054765 0.937884
   vertex 0.624863 -0.006271 0.991938
  endloop
 endfacet
 facet normal 0.998855 -0.047840 -0.000654
  outer loop
   vertex 0.624863 -0.006271 0.991938
   vertex 0.622505 -0.054765 0.937884
   vertex 0.624920 -0.004342 0.937884
  endloop
 endfacet
 facet normal 0.998644 -0.051951 0.003317
  outer loop
   vertex 0.622141 -0.057297 1.047581
   vertex 0.622402 -0.055816 0.992203
   vertex 0.624800 -0.006149 1.048120
  endloop
 endfacet
 facet normal 0.998768 -0.049605 0.001228
  outer loop
   vertex 0.624800 -0.006149 1.048120
   vertex 0.622402 -0.055816 0.992203
   vertex 0.624863 -0.006271 0.991938
  endloop
 endfacet
 facet normal 0.998012 -0.062701 0.006374
  outer loop
   vertex 0.621263 -0.066283 1.096656
   vertex 0.622141 -0.057297 1.047581
   vertex 0.624640 -0.011723 1.104611
  endloop
 endfacet
 facet normal 0.998650 -0.051893 -0.002291
  outer loop
   vertex 0.624640 -0.011723 1.104611
   vertex 0.622141 -0.057297 1.047581
   vertex 0.624800 -0.006149 1.048120
  endloop
 endfacet
 facet normal 0.998415 -0.046045 -0.032370
  outer loop
   vertex 0.624099 -0.028802 1.158749
   vertex 0.621963 -0.056850 1.132764
   vertex 0.624780 -0.008041 1.150221
  endloop
 endfacet
 facet normal 0.998304 -0.058201 0.001634
  outer loop
   vertex 0.624780 -0.008041 1.150221
   vertex 0.621963 -0.056850 1.132764
   vertex 0.624640 -0.011723 1.104611
  endloop
 endfacet
 facet normal 0.998114 -0.061291 -0.003338
  outer loop
   vertex 0.624640 -0.011723 1.104611
   vertex 0.621963 -0.056850 1.132764
   vertex 0.621263 -0.066283 1.096656
  endloop
 endfacet
 facet normal 0.999500 -0.024650 0.019804
  outer loop
   vertex 0.624780 -0.008041 1.150221
   vertex 0.624564 0.004847 1.177164
   vertex 0.624099 -0.028802 1.158749
  endloop
 endfacet
 facet normal 0.995615 0.093499 -0.002783
  outer loop
   vertex 0.623731 0.035034 1.151736
   vertex 0.622772 0.043790 1.102818
   vertex 0.618995 0.085706 1.159833
  endloop
 endfacet
 facet normal 0.993959 0.108833 -0.014166
  outer loop
   vertex 0.618995 0.085706 1.159833
   vertex 0.622772 0.043790 1.102818
   vertex 0.616708 0.099134 1.102526
  endloop
 endfacet
 facet normal 0.993996 0.108964 0.009983
  outer loop
   vertex 0.622772 0.043790 1.102818
   vertex 0.623111 0.045728 1.047910
   vertex 0.616708 0.099134 1.102526
  endloop
 endfacet
 facet normal 0.992723 0.120409 -0.001358
  outer loop
   vertex 0.616708 0.099134 1.102526
   vertex 0.623111 0.045728 1.047910
   vertex 0.616464 0.100528 1.047770
  endloop
 endfacet
 facet normal 0.992723 0.120415 0.000909
  outer loop
   vertex 0.623111 0.045728 1.047910
   vertex 0.623152 0.045811 0.992146
   vertex 0.616464 0.100528 1.047770
  endloop
 endfacet
 facet normal 0.992758 0.120125 0.001199
  outer loop
   vertex 0.616464 0.100528 1.047770
   vertex 0.623152 0.045811 0.992146
   vertex 0.616523 0.100595 0.992192
  endloop
 endfacet
 facet normal 0.992752 0.120122 0.003726
  outer loop
   vertex 0.623152 0.045811 0.992146
   vertex 0.623202 0.047081 0.937884
   vertex 0.616523 0.100595 0.992192
  endloop
 endfacet
 facet normal 0.992949 0.118414 0.005434
  outer loop
   vertex 0.616523 0.100595 0.992192
   vertex 0.623202 0.047081 0.937884
   vertex 0.616804 0.100731 0.937884
  endloop
 endfacet
 facet normal 0.992964 0.118416 0.000002
  outer loop
   vertex 0.623202 0.047081 0.937884
   vertex 0.623202 0.047082 0.883275
   vertex 0.616804 0.100731 0.937884
  endloop
 endfacet
 facet normal 0.992964 0.118418 0.000000
  outer loop
   vertex 0.616804 0.100731 0.937884
   vertex 0.623202 0.047082 0.883275
   vertex 0.616804 0.100731 0.883275
  endloop
 endfacet
 facet normal 0.992964 0.118418 -0.000002
  outer loop
   vertex 0.623202 0.047082 0.883275
   vertex 0.623202 0.047081 0.828667
   vertex 0.616804 0.100731 0.883275
  endloop
 endfacet
 facet normal 0.992964 0.118416 0.000000
  outer loop
   vertex 0.616804 0.100731 0.883275
   vertex 0.623202 0.047081 0.828667
   vertex 0.616804 0.100731 0.828667
  endloop
 endfacet
 facet normal 0.992964 0.118416 -0.000000
  outer loop
   vertex 0.623202 0.047081 0.828667
   vertex 0.623202 0.047081 0.774058
   vertex 0.616804 0.100731 0.828667
  endloop
 endfacet
 facet normal 0.992964 0.118416 0.000000
  outer loop
   vertex 0.616804 0.100731 0.828667
   vertex 0.623202 0.047081 0.774058
   vertex 0.616804 0.100731 0.774058
  endloop
 endfacet
 facet normal 0.992964 0.118416 0.000002
  outer loop
   vertex 0.623202 0.047081 0.774058
   vertex 0.623202 0.047082 0.719450
   vertex 0.616804 0.100731 0.774058
  endloop
 endfacet
 facet normal 0.992964 0.118418 0.000000
  outer loop
   vertex 0.616804 0.100731 0.774058
   vertex 0.623202 0.047082 0.719450
   vertex 0.616804 0.100731 0.719450
  endloop
 endfacet
 facet normal 0.992964 0.118418 -0.000002
  outer loop
   vertex 0.623202 0.047082 0.719450
   vertex 0.623202 0.047081 0.664842
   vertex 0.616804 0.100731 0.719450
  endloop
 endfacet
 facet normal 0.992964 0.118416 0.000000
  outer loop
   vertex 0.616804 0.100731 0.719450
   vertex 0.623202 0.047081 0.664842
   vertex 0.616804 0.100731 0.664842
  endloop
 endfacet
 facet normal 0.992964 0.118416 -0.000000
  outer loop
   vertex 0.623202 0.047081 0.664842
   vertex 0.623202 0.047081 0.610233
   vertex 0.616804 0.100731 0.664842
  endloop
 endfacet
 facet normal 0.992964 0.118416 0.000000
  outer loop
   vertex 0.616804 0.100731 0.664842
   vertex 0.623202 0.047081 0.610233
   vertex 0.616804 0.100731 0.610233
  endloop
 endfacet
 facet normal 0.992964 0.118416 0.000002
  outer loop
   vertex 0.623202 0.047081 0.610233
   vertex 0.623202 0.047082 0.555625
   vertex 0.616804 0.100731 0.610233
  endloop
 endfacet
 facet normal 0.992964 0.118418 0.000000
  outer loop
   vertex 0.616804 0.100731 0.610233
   vertex 0.623202 0.047082 0.555625
   vertex 0.616804 0.100731 0.555625
  endloop
 endfacet
 facet normal 0.992964 0.118418 -0.000000
  outer loop
   vertex 0.623202 0.047082 0.555625
   vertex 0.623202 0.047082 0.501017
   vertex 0.616804 0.100731 0.555625
  endloop
 endfacet
 facet normal 0.992964 0.118418 0.000000
  outer loop
   vertex 0.616804 0.100731 0.555625
   vertex 0.623202 0.047082 0.501017
   vertex 0.616804 0.100731 0.501017
  endloop
 endfacet
 facet normal 0.992964 0.118418 -0.000000
  outer loop
   vertex 0.623202 0.047082 0.501017
   vertex 0.623202 0.047082 0.446407
   vertex 0.616804 0.100731 0.501017
  endloop
 endfacet
 facet normal 0.992964 0.118418 0.000000
  outer loop
   vertex 0.616804 0.100731 0.501017
   vertex 0.623202 0.047082 0.446407
   vertex 0.616804 0.100731 0.446407
  endloop
 endfacet
 facet normal 0.992964 0.118418 -0.000002
  outer loop
   vertex 0.623202 0.047082 0.446407
   vertex 0.623202 0.047081 0.391799
   vertex 0.616804 0.100731 0.446407
  endloop
 endfacet
 facet normal 0.992964 0.118416 0.000000
  outer loop
   vertex 0.616804 0.100731 0.446407
   vertex 0.623202 0.047081 0.391799
   vertex 0.616804 0.100731 0.391799
  endloop
 endfacet
 facet normal 0.992964 0.118416 0.000002
  outer loop
   vertex 0.623202 0.047081 0.391799
   vertex 0.623202 0.047082 0.337191
   vertex 0.616804 0.100731 0.391799
  endloop
 endfacet
 facet normal 0.992964 0.118418 0.000000
  outer loop
   vertex 0.616804 0.100731 0.391799
   vertex 0.623202 0.047082 0.337191
   vertex 0.616804 0.100731 0.337190
  endloop
 endfacet
 facet normal 0.992964 0.118418 0.000004
  outer loop
   vertex 0.623202 0.047082 0.337191
   vertex 0.623202 0.047084 0.282586
   vertex 0.616804 0.100731 0.337190
  endloop
 endfacet
 facet normal 0.992963 0.118424 -0.000002
  outer loop
   vertex 0.616804 0.100731 0.337190
   vertex 0.623202 0.047084 0.282586
   vertex 0.616804 0.100730 0.282520
  endloop
 endfacet
 facet normal 0.978521 0.206145 -0.000004
  outer loop
   vertex 0.616804 0.100731 0.337190
   vertex 0.616804 0.100730 0.282520
   vertex 0.605278 0.155442 0.337132
  endloop
 endfacet
 facet normal 0.978524 0.206132 0.000011
  outer loop
   vertex 0.605278 0.155442 0.337132
   vertex 0.616804 0.100730 0.282520
   vertex 0.605279 0.155440 0.282404
  endloop
 endfacet
 facet normal 0.931873 0.362784 -0.000007
  outer loop
   vertex 0.590252 0.205259 0.390434
   vertex 0.590252 0.205258 0.335822
   vertex 0.573546 0.248171 0.379786
  endloop
 endfacet
 facet normal 0.931876 0.362778 0.000000
  outer loop
   vertex 0.573546 0.248171 0.379786
   vertex 0.590252 0.205258 0.335822
   vertex 0.573546 0.248171 0.325175
  endloop
 endfacet
 facet normal 0.978521 0.206145 -0.000000
  outer loop
   vertex 0.616804 0.100731 0.391799
   vertex 0.616804 0.100731 0.337190
   vertex 0.605278 0.155442 0.391745
  endloop
 endfacet
 facet normal 0.978521 0.206145 0.000000
  outer loop
   vertex 0.605278 0.155442 0.391745
   vertex 0.616804 0.100731 0.337190
   vertex 0.605278 0.155442 0.337132
  endloop
 endfacet
 facet normal 0.931873 0.362786 -0.000000
  outer loop
   vertex 0.590252 0.205259 0.445043
   vertex 0.590252 0.205259 0.390434
   vertex 0.573546 0.248171 0.434394
  endloop
 endfacet
 facet normal 0.931873 0.362786 0.000000
  outer loop
   vertex 0.573546 0.248171 0.434394
   vertex 0.590252 0.205259 0.390434
   vertex 0.573546 0.248171 0.379786
  endloop
 endfacet
 facet normal 0.978521 0.206145 -0.000000
  outer loop
   vertex 0.616804 0.100731 0.446407
   vertex 0.616804 0.100731 0.391799
   vertex 0.605278 0.155442 0.446353
  endloop
 endfacet
 facet normal 0.978521 0.206145 0.000000
  outer loop
   vertex 0.605278 0.155442 0.446353
   vertex 0.616804 0.100731 0.391799
   vertex 0.605278 0.155442 0.391745
  endloop
 endfacet
 facet normal 0.931873 0.362786 -0.000000
  outer loop
   vertex 0.590252 0.205259 0.499651
   vertex 0.590252 0.205259 0.445043
   vertex 0.573546 0.248171 0.489002
  endloop
 endfacet
 facet normal 0.931873 0.362786 0.000000
  outer loop
   vertex 0.573546 0.248171 0.489002
   vertex 0.590252 0.205259 0.445043
   vertex 0.573546 0.248171 0.434394
  endloop
 endfacet
 facet normal 0.978521 0.206145 -0.000000
  outer loop
   vertex 0.616804 0.100731 0.501017
   vertex 0.616804 0.100731 0.446407
   vertex 0.605278 0.155442 0.500961
  endloop
 endfacet
 facet normal 0.978521 0.206145 0.000000
  outer loop
   vertex 0.605278 0.155442 0.500961
   vertex 0.616804 0.100731 0.446407
   vertex 0.605278 0.155442 0.446353
  endloop
 endfacet
 facet normal 0.931873 0.362786 -0.000000
  outer loop
   vertex 0.590252 0.205259 0.554259
   vertex 0.590252 0.205259 0.499651
   vertex 0.573546 0.248171 0.543611
  endloop
 endfacet
 facet normal 0.931873 0.362786 0.000000
  outer loop
   vertex 0.573546 0.248171 0.543611
   vertex 0.590252 0.205259 0.499651
   vertex 0.573546 0.248171 0.489002
  endloop
 endfacet
 facet normal 0.978521 0.206145 -0.000000
  outer loop
   vertex 0.616804 0.100731 0.555625
   vertex 0.616804 0.100731 0.501017
   vertex 0.605278 0.155442 0.555570
  endloop
 endfacet
 facet normal 0.978521 0.206145 0.000000
  outer loop
   vertex 0.605278 0.155442 0.555570
   vertex 0.616804 0.100731 0.501017
   vertex 0.605278 0.155442 0.500961
  endloop
 endfacet
 facet normal 0.931873 0.362786 -0.000000
  outer loop
   vertex 0.590252 0.205259 0.608868
   vertex 0.590252 0.205259 0.554259
   vertex 0.573546 0.248171 0.598220
  endloop
 endfacet
 facet normal 0.931873 0.362786 0.000000
  outer loop
   vertex 0.573546 0.248171 0.598220
   vertex 0.590252 0.205259 0.554259
   vertex 0.573546 0.248171 0.543611
  endloop
 endfacet
 facet normal 0.978521 0.206145 -0.000000
  outer loop
   vertex 0.616804 0.100731 0.610233
   vertex 0.616804 0.100731 0.555625
   vertex 0.605278 0.155442 0.610178
  endloop
 endfacet
 facet normal 0.978521 0.206145 0.000000
  outer loop
   vertex 0.605278 0.155442 0.610178
   vertex 0.616804 0.100731 0.555625
   vertex 0.605278 0.155442 0.555570
  endloop
 endfacet
 facet normal 0.931873 0.362786 -0.000000
  outer loop
   vertex 0.590252 0.205259 0.663476
   vertex 0.590252 0.205259 0.608868
   vertex 0.573546 0.248171 0.652827
  endloop
 endfacet
 facet normal 0.931873 0.362786 0.000000
  outer loop
   vertex 0.573546 0.248171 0.652827
   vertex 0.590252 0.205259 0.608868
   vertex 0.573546 0.248171 0.598220
  endloop
 endfacet
 facet normal 0.978521 0.206145 -0.000000
  outer loop
   vertex 0.616804 0.100731 0.664842
   vertex 0.616804 0.100731 0.610233
   vertex 0.605278 0.155442 0.664787
  endloop
 endfacet
 facet normal 0.978521 0.206145 0.000000
  outer loop
   vertex 0.605278 0.155442 0.664787
   vertex 0.616804 0.100731 0.610233
   vertex 0.605278 0.155442 0.610178
  endloop
 endfacet
 facet normal 0.931873 0.362786 -0.000000
  outer loop
   vertex 0.590252 0.205259 0.718084
   vertex 0.590252 0.205259 0.663476
   vertex 0.573546 0.248171 0.707437
  endloop
 endfacet
 facet normal 0.931873 0.362786 0.000000
  outer loop
   vertex 0.573546 0.248171 0.707437
   vertex 0.590252 0.205259 0.663476
   vertex 0.573546 0.248171 0.652827
  endloop
 endfacet
 facet normal 0.978521 0.206145 -0.000000
  outer loop
   vertex 0.616804 0.100731 0.719450
   vertex 0.616804 0.100731 0.664842
   vertex 0.605278 0.155442 0.719396
  endloop
 endfacet
 facet normal 0.978521 0.206145 0.000000
  outer loop
   vertex 0.605278 0.155442 0.719396
   vertex 0.616804 0.100731 0.664842
   vertex 0.605278 0.155442 0.664787
  endloop
 endfacet
 facet normal 0.931873 0.362786 -0.000000
  outer loop
   vertex 0.590252 0.205259 0.772693
   vertex 0.590252 0.205259 0.718084
   vertex 0.573546 0.248171 0.762045
  endloop
 endfacet
 facet normal 0.931873 0.362786 0.000000
  outer loop
   vertex 0.573546 0.248171 0.762045
   vertex 0.590252 0.205259 0.718084
   vertex 0.573546 0.248171 0.707437
  endloop
 endfacet
 facet normal 0.978521 0.206145 -0.000000
  outer loop
   vertex 0.616804 0.100731 0.774058
   vertex 0.616804 0.100731 0.719450
   vertex 0.605278 0.155442 0.774004
  endloop
 endfacet
 facet normal 0.978521 0.206145 0.000000
  outer loop
   vertex 0.605278 0.155442 0.774004
   vertex 0.616804 0.100731 0.719450
   vertex 0.605278 0.155442 0.719396
  endloop
 endfacet
 facet normal 0.931873 0.362786 -0.000000
  outer loop
   vertex 0.590252 0.205259 0.827302
   vertex 0.590252 0.205259 0.772693
   vertex 0.573546 0.248171 0.816653
  endloop
 endfacet
 facet normal 0.931873 0.362786 0.000000
  outer loop
   vertex 0.573546 0.248171 0.816653
   vertex 0.590252 0.205259 0.772693
   vertex 0.573546 0.248171 0.762045
  endloop
 endfacet
 facet normal 0.978521 0.206145 -0.000000
  outer loop
   vertex 0.616804 0.100731 0.828667
   vertex 0.616804 0.100731 0.774058
   vertex 0.605278 0.155442 0.828612
  endloop
 endfacet
 facet normal 0.978521 0.206145 0.000000
  outer loop
   vertex 0.605278 0.155442 0.828612
   vertex 0.616804 0.100731 0.774058
   vertex 0.605278 0.155442 0.774004
  endloop
 endfacet
 facet normal 0.931877 0.362774 -0.000000
  outer loop
   vertex 0.590252 0.205259 0.881910
   vertex 0.590252 0.205259 0.827302
   vertex 0.573547 0.248170 0.871262
  endloop
 endfacet
 facet normal 0.931874 0.362783 -0.000011
  outer loop
   vertex 0.573547 0.248170 0.871262
   vertex 0.590252 0.205259 0.827302
   vertex 0.573546 0.248171 0.816653
  endloop
 endfacet
 facet normal 0.978521 0.206145 -0.000000
  outer loop
   vertex 0.616804 0.100731 0.883275
   vertex 0.616804 0.100731 0.828667
   vertex 0.605278 0.155442 0.883221
  endloop
 endfacet
 facet normal 0.978521 0.206145 0.000000
  outer loop
   vertex 0.605278 0.155442 0.883221
   vertex 0.616804 0.100731 0.828667
   vertex 0.605278 0.155442 0.828612
  endloop
 endfacet
 facet normal 0.931877 0.362774 -0.000000
  outer loop
   vertex 0.590252 0.205259 0.936519
   vertex 0.590252 0.205259 0.881910
   vertex 0.573547 0.248170 0.925870
  endloop
 endfacet
 facet normal 0.931877 0.362774 0.000000
  outer loop
   vertex 0.573547 0.248170 0.925870
   vertex 0.590252 0.205259 0.881910
   vertex 0.573547 0.248170 0.871262
  endloop
 endfacet
 facet normal 0.978521 0.206145 -0.000000
  outer loop
   vertex 0.616804 0.100731 0.937884
   vertex 0.616804 0.100731 0.883275
   vertex 0.605278 0.155442 0.937830
  endloop
 endfacet
 facet normal 0.978521 0.206145 0.000000
  outer loop
   vertex 0.605278 0.155442 0.937830
   vertex 0.616804 0.100731 0.883275
   vertex 0.605278 0.155442 0.883221
  endloop
 endfacet
 facet normal 0.932249 0.361815 0.001077
  outer loop
   vertex 0.590258 0.205081 0.991102
   vertex 0.590252 0.205259 0.936519
   vertex 0.573547 0.248170 0.980478
  endloop
 endfacet
 facet normal 0.931877 0.362774 0.000000
  outer loop
   vertex 0.573547 0.248170 0.980478
   vertex 0.590252 0.205259 0.936519
   vertex 0.573547 0.248170 0.925870
  endloop
 endfacet
 facet normal 0.979612 0.200820 0.005571
  outer loop
   vertex 0.616523 0.100595 0.992192
   vertex 0.616804 0.100731 0.937884
   vertex 0.605278 0.155442 0.992438
  endloop
 endfacet
 facet normal 0.978521 0.206145 0.000000
  outer loop
   vertex 0.605278 0.155442 0.992438
   vertex 0.616804 0.100731 0.937884
   vertex 0.605278 0.155442 0.937830
  endloop
 endfacet
 facet normal 0.931082 0.364810 0.000409
  outer loop
   vertex 0.590243 0.205058 1.045779
   vertex 0.590258 0.205081 0.991102
   vertex 0.573165 0.248657 1.035132
  endloop
 endfacet
 facet normal 0.932061 0.362287 0.003286
  outer loop
   vertex 0.573165 0.248657 1.035132
   vertex 0.590258 0.205081 0.991102
   vertex 0.573547 0.248170 0.980478
  endloop
 endfacet
 facet normal 0.979879 0.199589 0.001281
  outer loop
   vertex 0.616464 0.100528 1.047770
   vertex 0.616523 0.100595 0.992192
   vertex 0.605287 0.155406 1.047047
  endloop
 endfacet
 facet normal 0.979623 0.200847 -0.000029
  outer loop
   vertex 0.605287 0.155406 1.047047
   vertex 0.616523 0.100595 0.992192
   vertex 0.605278 0.155442 0.992438
  endloop
 endfacet
 facet normal 0.979642 0.200753 0.000746
  outer loop
   vertex 0.616708 0.099134 1.102526
   vertex 0.616464 0.100528 1.047770
   vertex 0.605375 0.154441 1.101492
  endloop
 endfacet
 facet normal 0.979876 0.199597 0.001954
  outer loop
   vertex 0.605375 0.154441 1.101492
   vertex 0.616464 0.100528 1.047770
   vertex 0.605287 0.155406 1.047047
  endloop
 endfacet
 facet normal 0.981013 0.193839 0.006269
  outer loop
   vertex 0.618995 0.085706 1.159833
   vertex 0.616708 0.099134 1.102526
   vertex 0.607385 0.144667 1.153557
  endloop
 endfacet
 facet normal 0.979645 0.200737 -0.000136
  outer loop
   vertex 0.607385 0.144667 1.153557
   vertex 0.616708 0.099134 1.102526
   vertex 0.605375 0.154441 1.101492
  endloop
 endfacet
 facet normal 0.931065 0.364852 -0.001186
  outer loop
   vertex 0.590264 0.205182 1.100446
   vertex 0.590243 0.205058 1.045779
   vertex 0.573069 0.249027 1.089694
  endloop
 endfacet
 facet normal 0.931185 0.364547 -0.000833
  outer loop
   vertex 0.573069 0.249027 1.089694
   vertex 0.590243 0.205058 1.045779
   vertex 0.573165 0.248657 1.035132
  endloop
 endfacet
 facet normal 0.843941 0.536436 -0.000002
  outer loop
   vertex 0.538217 0.317613 1.047107
   vertex 0.538215 0.317616 0.992493
   vertex 0.515633 0.353143 1.035088
  endloop
 endfacet
 facet normal 0.843934 0.536447 -0.000016
  outer loop
   vertex 0.515633 0.353143 1.035088
   vertex 0.538215 0.317616 0.992493
   vertex 0.515632 0.353143 0.980478
  endloop
 endfacet
 facet normal 0.906996 0.421132 0.002587
  outer loop
   vertex 0.573547 0.248170 0.980478
   vertex 0.557443 0.282706 1.004452
   vertex 0.573165 0.248657 1.035132
  endloop
 endfacet
 facet normal 0.906821 0.421504 0.003088
  outer loop
   vertex 0.573165 0.248657 1.035132
   vertex 0.557443 0.282706 1.004452
   vertex 0.557291 0.282634 1.058926
  endloop
 endfacet
 facet normal 0.843931 0.536451 -0.000000
  outer loop
   vertex 0.538215 0.317616 0.992493
   vertex 0.538215 0.317616 0.937884
   vertex 0.515632 0.353143 0.980478
  endloop
 endfacet
 facet normal 0.843940 0.536438 0.000016
  outer loop
   vertex 0.515632 0.353143 0.980478
   vertex 0.538215 0.317616 0.937884
   vertex 0.515633 0.353143 0.925870
  endloop
 endfacet
 facet normal 0.906312 0.422609 0.000000
  outer loop
   vertex 0.573547 0.248170 0.925870
   vertex 0.557443 0.282706 0.949843
   vertex 0.573547 0.248170 0.980478
  endloop
 endfacet
 facet normal 0.906312 0.422609 0.000000
  outer loop
   vertex 0.573547 0.248170 0.980478
   vertex 0.557443 0.282706 0.949843
   vertex 0.557443 0.282706 1.004452
  endloop
 endfacet
 facet normal 0.843942 0.536434 -0.000000
  outer loop
   vertex 0.538215 0.317616 0.937884
   vertex 0.538215 0.317616 0.883275
   vertex 0.515633 0.353143 0.925870
  endloop
 endfacet
 facet normal 0.843942 0.536434 0.000000
  outer loop
   vertex 0.515633 0.353143 0.925870
   vertex 0.538215 0.317616 0.883275
   vertex 0.515633 0.353143 0.871262
  endloop
 endfacet
 facet normal 0.906312 0.422609 0.000000
  outer loop
   vertex 0.573547 0.248170 0.871262
   vertex 0.557443 0.282706 0.895235
   vertex 0.573547 0.248170 0.925870
  endloop
 endfacet
 facet normal 0.906312 0.422609 0.000000
  outer loop
   vertex 0.573547 0.248170 0.925870
   vertex 0.557443 0.282706 0.895235
   vertex 0.557443 0.282706 0.949843
  endloop
 endfacet
 facet normal 0.843942 0.536434 -0.000000
  outer loop
   vertex 0.538215 0.317616 0.883275
   vertex 0.538215 0.317616 0.828667
   vertex 0.515633 0.353143 0.871262
  endloop
 endfacet
 facet normal 0.843942 0.536434 0.000000
  outer loop
   vertex 0.515633 0.353143 0.871262
   vertex 0.538215 0.317616 0.828667
   vertex 0.515633 0.353143 0.816653
  endloop
 endfacet
 facet normal 0.906315 0.422603 -0.000009
  outer loop
   vertex 0.573546 0.248171 0.816653
   vertex 0.557443 0.282706 0.840627
   vertex 0.573547 0.248170 0.871262
  endloop
 endfacet
 facet normal 0.906312 0.422609 0.000000
  outer loop
   vertex 0.573547 0.248170 0.871262
   vertex 0.557443 0.282706 0.840627
   vertex 0.557443 0.282706 0.895235
  endloop
 endfacet
 facet normal 0.843942 0.536434 -0.000000
  outer loop
   vertex 0.538215 0.317616 0.828667
   vertex 0.538215 0.317616 0.774058
   vertex 0.515633 0.353143 0.816653
  endloop
 endfacet
 facet normal 0.843942 0.536434 0.000000
  outer loop
   vertex 0.515633 0.353143 0.816653
   vertex 0.538215 0.317616 0.774058
   vertex 0.515633 0.353143 0.762045
  endloop
 endfacet
 facet normal 0.906317 0.422598 0.000000
  outer loop
   vertex 0.573546 0.248171 0.762045
   vertex 0.557443 0.282706 0.786017
   vertex 0.573546 0.248171 0.816653
  endloop
 endfacet
 facet normal 0.906317 0.422598 0.000000
  outer loop
   vertex 0.573546 0.248171 0.816653
   vertex 0.557443 0.282706 0.786017
   vertex 0.557443 0.282706 0.840627
  endloop
 endfacet
 facet normal 0.843942 0.536434 -0.000000
  outer loop
   vertex 0.538215 0.317616 0.774058
   vertex 0.538215 0.317616 0.719450
   vertex 0.515633 0.353143 0.762045
  endloop
 endfacet
 facet normal 0.843934 0.536447 -0.000016
  outer loop
   vertex 0.515633 0.353143 0.762045
   vertex 0.538215 0.317616 0.719450
   vertex 0.515632 0.353143 0.707437
  endloop
 endfacet
 facet normal 0.906317 0.422598 0.000000
  outer loop
   vertex 0.573546 0.248171 0.707437
   vertex 0.557443 0.282706 0.731409
   vertex 0.573546 0.248171 0.762045
  endloop
 endfacet
 facet normal 0.906317 0.422598 0.000000
  outer loop
   vertex 0.573546 0.248171 0.762045
   vertex 0.557443 0.282706 0.731409
   vertex 0.557443 0.282706 0.786017
  endloop
 endfacet
 facet normal 0.843931 0.536451 -0.000000
  outer loop
   vertex 0.538215 0.317616 0.719450
   vertex 0.538215 0.317616 0.664842
   vertex 0.515632 0.353143 0.707437
  endloop
 endfacet
 facet normal 0.843940 0.536438 0.000016
  outer loop
   vertex 0.515632 0.353143 0.707437
   vertex 0.538215 0.317616 0.664842
   vertex 0.515633 0.353143 0.652827
  endloop
 endfacet
 facet normal 0.906317 0.422598 0.000000
  outer loop
   vertex 0.573546 0.248171 0.652827
   vertex 0.557443 0.282706 0.676801
   vertex 0.573546 0.248171 0.707437
  endloop
 endfacet
 facet normal 0.906317 0.422598 0.000000
  outer loop
   vertex 0.573546 0.248171 0.707437
   vertex 0.557443 0.282706 0.676801
   vertex 0.557443 0.282706 0.731409
  endloop
 endfacet
 facet normal 0.843942 0.536434 -0.000000
  outer loop
   vertex 0.538215 0.317616 0.664842
   vertex 0.538215 0.317616 0.610233
   vertex 0.515633 0.353143 0.652827
  endloop
 endfacet
 facet normal 0.843942 0.536434 0.000000
  outer loop
   vertex 0.515633 0.353143 0.652827
   vertex 0.538215 0.317616 0.610233
   vertex 0.515633 0.353143 0.598219
  endloop
 endfacet
 facet normal 0.906317 0.422598 0.000000
  outer loop
   vertex 0.573546 0.248171 0.598220
   vertex 0.557443 0.282706 0.622192
   vertex 0.573546 0.248171 0.652827
  endloop
 endfacet
 facet normal 0.906317 0.422598 0.000000
  outer loop
   vertex 0.573546 0.248171 0.652827
   vertex 0.557443 0.282706 0.622192
   vertex 0.557443 0.282706 0.676801
  endloop
 endfacet
 facet normal 0.843942 0.536434 -0.000000
  outer loop
   vertex 0.538215 0.317616 0.610233
   vertex 0.538215 0.317616 0.555625
   vertex 0.515633 0.353143 0.598219
  endloop
 endfacet
 facet normal 0.843942 0.536434 0.000000
  outer loop
   vertex 0.515633 0.353143 0.598219
   vertex 0.538215 0.317616 0.555625
   vertex 0.515633 0.353143 0.543611
  endloop
 endfacet
 facet normal 0.906317 0.422598 0.000000
  outer loop
   vertex 0.573546 0.248171 0.543611
   vertex 0.557443 0.282706 0.567584
   vertex 0.573546 0.248171 0.598220
  endloop
 endfacet
 facet normal 0.906317 0.422598 0.000000
  outer loop
   vertex 0.573546 0.248171 0.598220
   vertex 0.557443 0.282706 0.567584
   vertex 0.557443 0.282706 0.622192
  endloop
 endfacet
 facet normal 0.843942 0.536434 -0.000000
  outer loop
   vertex 0.538215 0.317616 0.555625
   vertex 0.538215 0.317616 0.501017
   vertex 0.515633 0.353143 0.543611
  endloop
 endfacet
 facet normal 0.843942 0.536434 0.000000
  outer loop
   vertex 0.515633 0.353143 0.543611
   vertex 0.538215 0.317616 0.501017
   vertex 0.515633 0.353143 0.489002
  endloop
 endfacet
 facet normal 0.906317 0.422598 0.000000
  outer loop
   vertex 0.573546 0.248171 0.489002
   vertex 0.557443 0.282706 0.512976
   vertex 0.573546 0.248171 0.543611
  endloop
 endfacet
 facet normal 0.906317 0.422598 0.000000
  outer loop
   vertex 0.573546 0.248171 0.543611
   vertex 0.557443 0.282706 0.512976
   vertex 0.557443 0.282706 0.567584
  endloop
 endfacet
 facet normal 0.843942 0.536434 -0.000000
  outer loop
   vertex 0.538215 0.317616 0.501017
   vertex 0.538215 0.317616 0.446407
   vertex 0.515633 0.353143 0.489002
  endloop
 endfacet
 facet normal 0.843942 0.536434 0.000000
  outer loop
   vertex 0.515633 0.353143 0.489002
   vertex 0.538215 0.317616 0.446407
   vertex 0.515633 0.353143 0.434394
  endloop
 endfacet
 facet normal 0.906317 0.422598 0.000000
  outer loop
   vertex 0.573546 0.248171 0.434394
   vertex 0.557443 0.282706 0.458367
   vertex 0.573546 0.248171 0.489002
  endloop
 endfacet
 facet normal 0.906317 0.422598 0.000000
  outer loop
   vertex 0.573546 0.248171 0.489002
   vertex 0.557443 0.282706 0.458367
   vertex 0.557443 0.282706 0.512976
  endloop
 endfacet
 facet normal 0.843942 0.536434 -0.000000
  outer loop
   vertex 0.538215 0.317616 0.446407
   vertex 0.538215 0.317616 0.391799
   vertex 0.515633 0.353143 0.434394
  endloop
 endfacet
 facet normal 0.843942 0.536434 0.000000
  outer loop
   vertex 0.515633 0.353143 0.434394
   vertex 0.538215 0.317616 0.391799
   vertex 0.515633 0.353143 0.379786
  endloop
 endfacet
 facet normal 0.906317 0.422598 0.000000
  outer loop
   vertex 0.573546 0.248171 0.379786
   vertex 0.557443 0.282706 0.403759
   vertex 0.573546 0.248171 0.434394
  endloop
 endfacet
 facet normal 0.906317 0.422598 0.000000
  outer loop
   vertex 0.573546 0.248171 0.434394
   vertex 0.557443 0.282706 0.403759
   vertex 0.557443 0.282706 0.458367
  endloop
 endfacet
 facet normal 0.843942 0.536434 -0.000000
  outer loop
   vertex 0.538215 0.317616 0.391799
   vertex 0.538215 0.317616 0.337191
   vertex 0.515633 0.353143 0.379786
  endloop
 endfacet
 facet normal 0.906317 0.422598 0.000000
  outer loop
   vertex 0.573546 0.248171 0.325175
   vertex 0.557443 0.282706 0.349150
   vertex 0.573546 0.248171 0.379786
  endloop
 endfacet
 facet normal 0.906317 0.422598 0.000000
  outer loop
   vertex 0.573546 0.248171 0.379786
   vertex 0.557443 0.282706 0.349150
   vertex 0.557443 0.282706 0.403759
  endloop
 endfacet
 facet normal 0.906320 0.422591 0.000006
  outer loop
   vertex 0.573544 0.248176 0.270564
   vertex 0.557444 0.282705 0.294536
   vertex 0.573546 0.248171 0.325175
  endloop
 endfacet
 facet normal 0.906320 0.422593 0.000008
  outer loop
   vertex 0.573546 0.248171 0.325175
   vertex 0.557444 0.282705 0.294536
   vertex 0.557443 0.282706 0.349150
  endloop
 endfacet
 facet normal 0.896685 0.271266 -0.349816
  outer loop
   vertex 0.566331 0.251871 0.153696
   vertex 0.566194 0.252244 0.153634
   vertex 0.566569 0.251982 0.154392
  endloop
 endfacet
 facet normal 0.896743 0.271085 -0.349807
  outer loop
   vertex 0.566331 0.251871 0.153696
   vertex 0.566569 0.251982 0.154392
   vertex 0.569191 0.244093 0.155000
  endloop
 endfacet
 facet normal 0.867656 -0.087315 -0.489438
  outer loop
   vertex 0.563508 0.173737 0.135357
   vertex 0.558760 0.163961 0.128684
   vertex 0.560491 0.170613 0.130566
  endloop
 endfacet
 facet normal 0.447070 -0.031417 -0.893947
  outer loop
   vertex 0.513428 -0.005258 0.094253
   vertex 0.461244 -0.059397 0.070058
   vertex 0.461692 -0.005246 0.068379
  endloop
 endfacet
 facet normal 0.443826 -0.031440 -0.895561
  outer loop
   vertex 0.461244 -0.059397 0.070058
   vertex 0.403676 -0.058593 0.041500
   vertex 0.461692 -0.005246 0.068379
  endloop
 endfacet
 facet normal 0.446964 -0.035721 -0.893838
  outer loop
   vertex 0.461692 -0.005246 0.068379
   vertex 0.403676 -0.058593 0.041500
   vertex 0.404298 -0.005193 0.039677
  endloop
 endfacet
 facet normal 0.434443 0.108572 -0.894132
  outer loop
   vertex 0.558760 0.163961 0.128684
   vertex 0.507171 0.105994 0.096579
   vertex 0.515544 0.150619 0.106066
  endloop
 endfacet
 facet normal 0.427853 0.133137 -0.893989
  outer loop
   vertex 0.515544 0.150619 0.106066
   vertex 0.469165 0.151005 0.083927
   vertex 0.519552 0.173589 0.111405
  endloop
 endfacet
 facet normal 0.418797 0.154401 -0.894857
  outer loop
   vertex 0.519552 0.173589 0.111405
   vertex 0.469165 0.151005 0.083927
   vertex 0.520962 0.209007 0.118176
  endloop
 endfacet
 facet normal 0.409644 0.164059 -0.897372
  outer loop
   vertex 0.520962 0.209007 0.118176
   vertex 0.469165 0.151005 0.083927
   vertex 0.455341 0.215661 0.089437
  endloop
 endfacet
 facet normal 0.409952 0.188559 -0.892404
  outer loop
   vertex 0.520962 0.209007 0.118176
   vertex 0.455341 0.215661 0.089437
   vertex 0.514926 0.272709 0.128863
  endloop
 endfacet
 facet normal 0.393880 0.207448 -0.895446
  outer loop
   vertex 0.514926 0.272709 0.128863
   vertex 0.455341 0.215661 0.089437
   vertex 0.461763 0.264658 0.103613
  endloop
 endfacet
 facet normal 0.358235 0.262353 -0.896012
  outer loop
   vertex 0.405040 0.325627 0.097342
   vertex 0.412902 0.268939 0.083887
   vertex 0.379994 0.312173 0.083389
  endloop
 endfacet
 facet normal 0.641234 0.767345 -0.000002
  outer loop
   vertex 0.412159 0.469814 0.349205
   vertex 0.412160 0.469813 0.294589
   vertex 0.386336 0.491393 0.326542
  endloop
 endfacet
 facet normal 0.641227 0.767351 -0.000012
  outer loop
   vertex 0.386336 0.491393 0.326542
   vertex 0.412160 0.469813 0.294589
   vertex 0.386335 0.491393 0.271918
  endloop
 endfacet
 facet normal 0.732001 0.681303 0.000000
  outer loop
   vertex 0.470392 0.411495 0.379786
   vertex 0.442010 0.441989 0.337191
   vertex 0.442010 0.441989 0.391799
  endloop
 endfacet
 facet normal 0.641233 0.767346 -0.000000
  outer loop
   vertex 0.412159 0.469814 0.403813
   vertex 0.412159 0.469814 0.349205
   vertex 0.386336 0.491393 0.381150
  endloop
 endfacet
 facet normal 0.641233 0.767346 0.000000
  outer loop
   vertex 0.386336 0.491393 0.381150
   vertex 0.412159 0.469814 0.349205
   vertex 0.386336 0.491393 0.326542
  endloop
 endfacet
 facet normal 0.732001 0.681303 0.000000
  outer loop
   vertex 0.470392 0.411495 0.379786
   vertex 0.442010 0.441989 0.391799
   vertex 0.470392 0.411495 0.434394
  endloop
 endfacet
 facet normal 0.732001 0.681303 0.000000
  outer loop
   vertex 0.470392 0.411495 0.434394
   vertex 0.442010 0.441989 0.391799
   vertex 0.442010 0.441989 0.446408
  endloop
 endfacet
 facet normal 0.641233 0.767346 -0.000000
  outer loop
   vertex 0.412159 0.469814 0.458422
   vertex 0.412159 0.469814 0.403813
   vertex 0.386336 0.491393 0.435759
  endloop
 endfacet
 facet normal 0.641233 0.767346 0.000000
  outer loop
   vertex 0.386336 0.491393 0.435759
   vertex 0.412159 0.469814 0.403813
   vertex 0.386336 0.491393 0.381150
  endloop
 endfacet
 facet normal 0.731999 0.681306 -0.000013
  outer loop
   vertex 0.470392 0.411495 0.434394
   vertex 0.442010 0.441989 0.446408
   vertex 0.470392 0.411496 0.489002
  endloop
 endfacet
 facet normal 0.731990 0.681315 0.000000
  outer loop
   vertex 0.470392 0.411496 0.489002
   vertex 0.442010 0.441989 0.446408
   vertex 0.442010 0.441989 0.501017
  endloop
 endfacet
 facet normal 0.641233 0.767346 -0.000000
  outer loop
   vertex 0.412159 0.469814 0.513030
   vertex 0.412159 0.469814 0.458422
   vertex 0.386336 0.491393 0.490368
  endloop
 endfacet
 facet normal 0.641233 0.767346 0.000000
  outer loop
   vertex 0.386336 0.491393 0.490368
   vertex 0.412159 0.469814 0.458422
   vertex 0.386336 0.491393 0.435759
  endloop
 endfacet
 facet normal 0.731992 0.681313 0.000013
  outer loop
   vertex 0.470392 0.411496 0.489002
   vertex 0.442010 0.441989 0.501017
   vertex 0.470392 0.411495 0.543611
  endloop
 endfacet
 facet normal 0.732001 0.681303 0.000000
  outer loop
   vertex 0.470392 0.411495 0.543611
   vertex 0.442010 0.441989 0.501017
   vertex 0.442010 0.441989 0.555625
  endloop
 endfacet
 facet normal 0.641233 0.767346 -0.000000
  outer loop
   vertex 0.412159 0.469814 0.567638
   vertex 0.412159 0.469814 0.513030
   vertex 0.386336 0.491393 0.544976
  endloop
 endfacet
 facet normal 0.641233 0.767346 0.000000
  outer loop
   vertex 0.386336 0.491393 0.544976
   vertex 0.412159 0.469814 0.513030
   vertex 0.386336 0.491393 0.490368
  endloop
 endfacet
 facet normal 0.732001 0.681303 0.000000
  outer loop
   vertex 0.470392 0.411495 0.543611
   vertex 0.442010 0.441989 0.555625
   vertex 0.470392 0.411495 0.598219
  endloop
 endfacet
 facet normal 0.732001 0.681303 0.000000
  outer loop
   vertex 0.470392 0.411495 0.598219
   vertex 0.442010 0.441989 0.555625
   vertex 0.442010 0.441989 0.610233
  endloop
 endfacet
 facet normal 0.641233 0.767346 -0.000000
  outer loop
   vertex 0.412159 0.469814 0.622247
   vertex 0.412159 0.469814 0.567638
   vertex 0.386336 0.491393 0.599585
  endloop
 endfacet
 facet normal 0.641233 0.767346 0.000000
  outer loop
   vertex 0.386336 0.491393 0.599585
   vertex 0.412159 0.469814 0.567638
   vertex 0.386336 0.491393 0.544976
  endloop
 endfacet
 facet normal 0.732001 0.681303 0.000000
  outer loop
   vertex 0.470392 0.411495 0.598219
   vertex 0.442010 0.441989 0.610233
   vertex 0.470392 0.411495 0.652827
  endloop
 endfacet
 facet normal 0.732010 0.681294 -0.000012
  outer loop
   vertex 0.470392 0.411495 0.652827
   vertex 0.442010 0.441989 0.610233
   vertex 0.442010 0.441990 0.664842
  endloop
 endfacet
 facet normal 0.641233 0.767346 -0.000000
  outer loop
   vertex 0.412159 0.469814 0.676855
   vertex 0.412159 0.469814 0.622247
   vertex 0.386336 0.491393 0.654193
  endloop
 endfacet
 facet normal 0.641233 0.767346 0.000000
  outer loop
   vertex 0.386336 0.491393 0.654193
   vertex 0.412159 0.469814 0.622247
   vertex 0.386336 0.491393 0.599585
  endloop
 endfacet
 facet normal 0.732012 0.681291 0.000000
  outer loop
   vertex 0.470392 0.411495 0.652827
   vertex 0.442010 0.441990 0.664842
   vertex 0.470392 0.411495 0.707437
  endloop
 endfacet
 facet normal 0.732012 0.681291 0.000000
  outer loop
   vertex 0.470392 0.411495 0.707437
   vertex 0.442010 0.441990 0.664842
   vertex 0.442010 0.441990 0.719450
  endloop
 endfacet
 facet normal 0.641233 0.767346 -0.000000
  outer loop
   vertex 0.412159 0.469814 0.731463
   vertex 0.412159 0.469814 0.676855
   vertex 0.386336 0.491393 0.708801
  endloop
 endfacet
 facet normal 0.641233 0.767346 0.000000
  outer loop
   vertex 0.386336 0.491393 0.708801
   vertex 0.412159 0.469814 0.676855
   vertex 0.386336 0.491393 0.654193
  endloop
 endfacet
 facet normal 0.732010 0.681294 -0.000013
  outer loop
   vertex 0.470392 0.411495 0.707437
   vertex 0.442010 0.441990 0.719450
   vertex 0.470392 0.411496 0.762045
  endloop
 endfacet
 facet normal 0.732001 0.681304 0.000000
  outer loop
   vertex 0.470392 0.411496 0.762045
   vertex 0.442010 0.441990 0.719450
   vertex 0.442010 0.441990 0.774058
  endloop
 endfacet
 facet normal 0.641233 0.767346 -0.000000
  outer loop
   vertex 0.412159 0.469814 0.786073
   vertex 0.412159 0.469814 0.731463
   vertex 0.386336 0.491393 0.763410
  endloop
 endfacet
 facet normal 0.641233 0.767346 0.000000
  outer loop
   vertex 0.386336 0.491393 0.763410
   vertex 0.412159 0.469814 0.731463
   vertex 0.386336 0.491393 0.708801
  endloop
 endfacet
 facet normal 0.732001 0.681304 0.000000
  outer loop
   vertex 0.470392 0.411496 0.762045
   vertex 0.442010 0.441990 0.774058
   vertex 0.470392 0.411496 0.816653
  endloop
 endfacet
 facet normal 0.732001 0.681304 0.000000
  outer loop
   vertex 0.470392 0.411496 0.816653
   vertex 0.442010 0.441990 0.774058
   vertex 0.442010 0.441990 0.828667
  endloop
 endfacet
 facet normal 0.641233 0.767346 -0.000000
  outer loop
   vertex 0.412159 0.469814 0.840681
   vertex 0.412159 0.469814 0.786073
   vertex 0.386336 0.491393 0.818018
  endloop
 endfacet
 facet normal 0.641233 0.767346 0.000000
  outer loop
   vertex 0.386336 0.491393 0.818018
   vertex 0.412159 0.469814 0.786073
   vertex 0.386336 0.491393 0.763410
  endloop
 endfacet
 facet normal 0.732001 0.681304 0.000000
  outer loop
   vertex 0.470392 0.411496 0.816653
   vertex 0.442010 0.441990 0.828667
   vertex 0.470392 0.411496 0.871262
  endloop
 endfacet
 facet normal 0.732001 0.681304 0.000000
  outer loop
   vertex 0.470392 0.411496 0.871262
   vertex 0.442010 0.441990 0.828667
   vertex 0.442010 0.441990 0.883275
  endloop
 endfacet
 facet normal 0.641233 0.767346 -0.000000
  outer loop
   vertex 0.412159 0.469814 0.895289
   vertex 0.412159 0.469814 0.840681
   vertex 0.386336 0.491393 0.872626
  endloop
 endfacet
 facet normal 0.641233 0.767346 0.000000
  outer loop
   vertex 0.386336 0.491393 0.872626
   vertex 0.412159 0.469814 0.840681
   vertex 0.386336 0.491393 0.818018
  endloop
 endfacet
 facet normal 0.732003 0.681301 0.000013
  outer loop
   vertex 0.470392 0.411496 0.871262
   vertex 0.442010 0.441990 0.883275
   vertex 0.470392 0.411495 0.925870
  endloop
 endfacet
 facet normal 0.732012 0.681291 0.000000
  outer loop
   vertex 0.470392 0.411495 0.925870
   vertex 0.442010 0.441990 0.883275
   vertex 0.442010 0.441990 0.937884
  endloop
 endfacet
 facet normal 0.641233 0.767346 -0.000000
  outer loop
   vertex 0.412159 0.469814 0.949898
   vertex 0.412159 0.469814 0.895289
   vertex 0.386336 0.491393 0.927236
  endloop
 endfacet
 facet normal 0.641233 0.767346 0.000000
  outer loop
   vertex 0.386336 0.491393 0.927236
   vertex 0.412159 0.469814 0.895289
   vertex 0.386336 0.491393 0.872626
  endloop
 endfacet
 facet normal 0.732010 0.681294 -0.000013
  outer loop
   vertex 0.470392 0.411495 0.925870
   vertex 0.442010 0.441990 0.937884
   vertex 0.470392 0.411496 0.980478
  endloop
 endfacet
 facet normal 0.732001 0.681304 0.000000
  outer loop
   vertex 0.470392 0.411496 0.980478
   vertex 0.442010 0.441990 0.937884
   vertex 0.442010 0.441990 0.992493
  endloop
 endfacet
 facet normal 0.641233 0.767346 -0.000000
  outer loop
   vertex 0.412159 0.469814 1.004506
   vertex 0.412159 0.469814 0.949898
   vertex 0.386336 0.491393 0.981844
  endloop
 endfacet
 facet normal 0.641233 0.767346 0.000000
  outer loop
   vertex 0.386336 0.491393 0.981844
   vertex 0.412159 0.469814 0.949898
   vertex 0.386336 0.491393 0.927236
  endloop
 endfacet
 facet normal 0.732001 0.681304 0.000000
  outer loop
   vertex 0.470392 0.411496 0.980478
   vertex 0.442010 0.441990 0.992493
   vertex 0.470392 0.411496 1.035088
  endloop
 endfacet
 facet normal 0.732001 0.681304 0.000000
  outer loop
   vertex 0.470392 0.411496 1.035088
   vertex 0.442010 0.441990 0.992493
   vertex 0.442010 0.441990 1.047101
  endloop
 endfacet
 facet normal 0.641233 0.767346 -0.000000
  outer loop
   vertex 0.412159 0.469814 1.059114
   vertex 0.412159 0.469814 1.004506
   vertex 0.386336 0.491393 1.036452
  endloop
 endfacet
 facet normal 0.641233 0.767346 0.000000
  outer loop
   vertex 0.386336 0.491393 1.036452
   vertex 0.412159 0.469814 1.004506
   vertex 0.386336 0.491393 0.981844
  endloop
 endfacet
 facet normal 0.732003 0.681301 0.000013
  outer loop
   vertex 0.470392 0.411496 1.035088
   vertex 0.442010 0.441990 1.047101
   vertex 0.470392 0.411495 1.089696
  endloop
 endfacet
 facet normal 0.730654 0.682746 0.001946
  outer loop
   vertex 0.470392 0.411495 1.089696
   vertex 0.442010 0.441990 1.047101
   vertex 0.441934 0.441917 1.101233
  endloop
 endfacet
 facet normal 0.641233 0.767346 -0.000000
  outer loop
   vertex 0.412159 0.469814 1.113724
   vertex 0.412159 0.469814 1.059114
   vertex 0.386336 0.491393 1.091061
  endloop
 endfacet
 facet normal 0.641233 0.767346 0.000000
  outer loop
   vertex 0.386336 0.491393 1.091061
   vertex 0.412159 0.469814 1.059114
   vertex 0.386336 0.491393 1.036452
  endloop
 endfacet
 facet normal 0.730857 0.682524 0.003032
  outer loop
   vertex 0.470392 0.411495 1.089696
   vertex 0.441934 0.441917 1.101233
   vertex 0.469952 0.411724 1.144204
  endloop
 endfacet
 facet normal 0.728425 0.685095 0.006425
  outer loop
   vertex 0.469952 0.411724 1.144204
   vertex 0.441934 0.441917 1.101233
   vertex 0.442110 0.441214 1.156242
  endloop
 endfacet
 facet normal 0.641236 0.767343 0.000005
  outer loop
   vertex 0.412161 0.469812 1.168340
   vertex 0.412159 0.469814 1.113724
   vertex 0.386336 0.491393 1.145669
  endloop
 endfacet
 facet normal 0.641233 0.767346 0.000000
  outer loop
   vertex 0.386336 0.491393 1.145669
   vertex 0.412159 0.469814 1.113724
   vertex 0.386336 0.491393 1.091061
  endloop
 endfacet
 facet normal 0.727298 0.686321 0.000814
  outer loop
   vertex 0.469952 0.411724 1.144204
   vertex 0.442110 0.441214 1.156242
   vertex 0.469800 0.411820 1.199046
  endloop
 endfacet
 facet normal 0.727189 0.686437 0.000964
  outer loop
   vertex 0.469800 0.411820 1.199046
   vertex 0.442110 0.441214 1.156242
   vertex 0.442360 0.440873 1.210473
  endloop
 endfacet
 facet normal 0.641199 0.767374 -0.000034
  outer loop
   vertex 0.412128 0.469842 1.222941
   vertex 0.412161 0.469812 1.168340
   vertex 0.386335 0.491393 1.200277
  endloop
 endfacet
 facet normal 0.641233 0.767347 0.000012
  outer loop
   vertex 0.386335 0.491393 1.200277
   vertex 0.412161 0.469812 1.168340
   vertex 0.386336 0.491393 1.145669
  endloop
 endfacet
 facet normal 0.728160 0.685382 0.005976
  outer loop
   vertex 0.469800 0.411820 1.199046
   vertex 0.442360 0.440873 1.210473
   vertex 0.473061 0.407839 1.258276
  endloop
 endfacet
 facet normal 0.736666 0.676231 -0.005810
  outer loop
   vertex 0.473061 0.407839 1.258276
   vertex 0.442360 0.440873 1.210473
   vertex 0.442257 0.441455 1.265146
  endloop
 endfacet
 facet normal 0.641327 0.767266 0.001238
  outer loop
   vertex 0.412239 0.469662 1.276998
   vertex 0.412128 0.469842 1.222941
   vertex 0.386318 0.491364 1.254882
  endloop
 endfacet
 facet normal 0.640867 0.767651 0.000607
  outer loop
   vertex 0.386318 0.491364 1.254882
   vertex 0.412128 0.469842 1.222941
   vertex 0.386335 0.491393 1.200277
  endloop
 endfacet
 facet normal 0.645888 0.763417 0.004826
  outer loop
   vertex 0.413685 0.468108 1.329293
   vertex 0.412239 0.469662 1.276998
   vertex 0.386590 0.491156 1.309630
  endloop
 endfacet
 facet normal 0.642088 0.766631 -0.000278
  outer loop
   vertex 0.386590 0.491156 1.309630
   vertex 0.412239 0.469662 1.276998
   vertex 0.386318 0.491364 1.254882
  endloop
 endfacet
 facet normal 0.647601 0.761979 -0.000309
  outer loop
   vertex 0.417092 0.465228 1.367676
   vertex 0.413685 0.468108 1.329293
   vertex 0.389673 0.488531 1.367083
  endloop
 endfacet
 facet normal 0.647916 0.761712 0.000035
  outer loop
   vertex 0.389673 0.488531 1.367083
   vertex 0.413685 0.468108 1.329293
   vertex 0.386590 0.491156 1.309630
  endloop
 endfacet
 facet normal 0.106622 -0.763857 0.636518
  outer loop
   vertex 0.413941 0.371885 1.320716
   vertex 0.420779 0.321281 1.258843
   vertex 0.465649 0.373327 1.313785
  endloop
 endfacet
 facet normal 0.062392 -0.749509 0.659048
  outer loop
   vertex 0.465649 0.373327 1.313785
   vertex 0.420779 0.321281 1.258843
   vertex 0.480299 0.327123 1.259852
  endloop
 endfacet
 facet normal 0.035240 -0.507722 0.860800
  outer loop
   vertex 0.480299 0.327123 1.259852
   vertex 0.420779 0.321281 1.258843
   vertex 0.458492 0.267565 1.225616
  endloop
 endfacet
 facet normal -0.082326 -0.565440 0.820670
  outer loop
   vertex 0.458492 0.267565 1.225616
   vertex 0.420779 0.321281 1.258843
   vertex 0.405856 0.264410 1.218162
  endloop
 endfacet
 facet normal -0.122036 -0.239617 0.963167
  outer loop
   vertex 0.405856 0.264410 1.218162
   vertex 0.414644 0.214127 1.206766
   vertex 0.458492 0.267565 1.225616
  endloop
 endfacet
 facet normal -0.002774 -0.330629 0.943757
  outer loop
   vertex 0.458492 0.267565 1.225616
   vertex 0.414644 0.214127 1.206766
   vertex 0.469812 0.213687 1.206774
  endloop
 endfacet
 facet normal -0.001371 -0.153951 0.988078
  outer loop
   vertex 0.414644 0.214127 1.206766
   vertex 0.416063 0.158822 1.198151
   vertex 0.469812 0.213687 1.206774
  endloop
 endfacet
 facet normal -0.032947 -0.123600 0.991785
  outer loop
   vertex 0.469812 0.213687 1.206774
   vertex 0.416063 0.158822 1.198151
   vertex 0.470540 0.158600 1.199933
  endloop
 endfacet
 facet normal -0.032919 -0.164424 0.985840
  outer loop
   vertex 0.416063 0.158822 1.198151
   vertex 0.417323 0.106449 1.189458
   vertex 0.470540 0.158600 1.199933
  endloop
 endfacet
 facet normal -0.088590 -0.108479 0.990143
  outer loop
   vertex 0.470540 0.158600 1.199933
   vertex 0.417323 0.106449 1.189458
   vertex 0.472133 0.104834 1.194185
  endloop
 endfacet
 facet normal -0.088421 -0.100128 0.991038
  outer loop
   vertex 0.417323 0.106449 1.189458
   vertex 0.429820 0.051883 1.185060
   vertex 0.472133 0.104834 1.194185
  endloop
 endfacet
 facet normal -0.019326 -0.154776 0.987760
  outer loop
   vertex 0.472133 0.104834 1.194185
   vertex 0.429820 0.051883 1.185060
   vertex 0.479247 0.060338 1.187352
  endloop
 endfacet
 facet normal 0.003642 -0.281405 0.959582
  outer loop
   vertex 0.479247 0.060338 1.187352
   vertex 0.429820 0.051883 1.185060
   vertex 0.475558 0.009516 1.172462
  endloop
 endfacet
 facet normal -0.185817 -0.458948 0.868815
  outer loop
   vertex 0.475558 0.009516 1.172462
   vertex 0.429820 0.051883 1.185060
   vertex 0.411170 -0.002895 1.152135
  endloop
 endfacet
 facet normal -0.165118 -0.227973 0.959565
  outer loop
   vertex 0.411170 -0.002895 1.152135
   vertex 0.417909 -0.065887 1.138329
   vertex 0.462581 -0.031372 1.154216
  endloop
 endfacet
 facet normal 0.040850 -0.460922 0.886500
  outer loop
   vertex 0.462581 -0.031372 1.154216
   vertex 0.417909 -0.065887 1.138329
   vertex 0.470929 -0.063998 1.136868
  endloop
 endfacet
 facet normal 0.039421 -0.397347 0.916821
  outer loop
   vertex 0.417909 -0.065887 1.138329
   vertex 0.429431 -0.112038 1.117832
   vertex 0.470929 -0.063998 1.136868
  endloop
 endfacet
 facet normal -0.007621 -0.362679 0.931883
  outer loop
   vertex 0.470929 -0.063998 1.136868
   vertex 0.429431 -0.112038 1.117832
   vertex 0.483744 -0.110936 1.118705
  endloop
 endfacet
 facet normal -0.996955 0.010504 0.077268
  outer loop
   vertex 0.406561 0.012653 1.090553
   vertex 0.406562 -0.065171 1.101146
   vertex 0.411170 -0.002895 1.152135
  endloop
 endfacet
 facet normal -0.944457 -0.163518 0.285067
  outer loop
   vertex 0.411170 -0.002895 1.152135
   vertex 0.406562 -0.065171 1.101146
   vertex 0.417909 -0.065887 1.138329
  endloop
 endfacet
 facet normal -0.223731 -0.337083 0.914505
  outer loop
   vertex 0.462581 -0.031372 1.154216
   vertex 0.475558 0.009516 1.172462
   vertex 0.411170 -0.002895 1.152135
  endloop
 endfacet
 facet normal 0.631875 -0.591541 0.500813
  outer loop
   vertex 0.406905 0.403965 1.367485
   vertex 0.413941 0.371885 1.320716
   vertex 0.448879 0.434686 1.350813
  endloop
 endfacet
 facet normal 0.129401 -0.486168 0.864232
  outer loop
   vertex 0.448879 0.434686 1.350813
   vertex 0.413941 0.371885 1.320716
   vertex 0.465649 0.373327 1.313785
  endloop
 endfacet
 facet normal 0.774424 0.632537 0.012837
  outer loop
   vertex 0.492803 0.383566 1.263331
   vertex 0.492832 0.384375 1.221717
   vertex 0.473061 0.407839 1.258276
  endloop
 endfacet
 facet normal 0.765559 0.643365 0.001093
  outer loop
   vertex 0.473061 0.407839 1.258276
   vertex 0.492832 0.384375 1.221717
   vertex 0.469800 0.411820 1.199046
  endloop
 endfacet
 facet normal 0.736278 0.676614 -0.009425
  outer loop
   vertex 0.473061 0.407839 1.258276
   vertex 0.442257 0.441455 1.265146
   vertex 0.466668 0.415509 1.309483
  endloop
 endfacet
 facet normal 0.723708 0.690085 0.005379
  outer loop
   vertex 0.466668 0.415509 1.309483
   vertex 0.442257 0.441455 1.265146
   vertex 0.439052 0.444452 1.311864
  endloop
 endfacet
 facet normal 0.461133 -0.608090 0.646206
  outer loop
   vertex 0.465649 0.373327 1.313785
   vertex 0.480299 0.327123 1.259852
   vertex 0.499583 0.375102 1.291240
  endloop
 endfacet
 facet normal 0.330511 -0.606122 0.723449
  outer loop
   vertex 0.499583 0.375102 1.291240
   vertex 0.480299 0.327123 1.259852
   vertex 0.525024 0.338624 1.249055
  endloop
 endfacet
 facet normal 0.817277 0.576198 -0.007407
  outer loop
   vertex 0.515940 0.351400 1.206258
   vertex 0.492832 0.384375 1.221717
   vertex 0.509024 0.361840 1.255299
  endloop
 endfacet
 facet normal 0.803385 0.595336 0.012134
  outer loop
   vertex 0.509024 0.361840 1.255299
   vertex 0.492832 0.384375 1.221717
   vertex 0.492803 0.383566 1.263331
  endloop
 endfacet
 facet normal 0.281604 -0.217817 0.934481
  outer loop
   vertex 0.525024 0.338624 1.249055
   vertex 0.480299 0.327123 1.259852
   vertex 0.527469 0.271554 1.232685
  endloop
 endfacet
 facet normal -0.061891 -0.480280 0.874929
  outer loop
   vertex 0.527469 0.271554 1.232685
   vertex 0.480299 0.327123 1.259852
   vertex 0.458492 0.267565 1.225616
  endloop
 endfacet
 facet normal 0.880079 0.474826 0.000564
  outer loop
   vertex 0.558497 0.280150 1.160862
   vertex 0.557407 0.282226 1.113934
   vertex 0.539489 0.315381 1.160846
  endloop
 endfacet
 facet normal 0.878152 0.478373 -0.002679
  outer loop
   vertex 0.539489 0.315381 1.160846
   vertex 0.557407 0.282226 1.113934
   vertex 0.538049 0.317695 1.102032
  endloop
 endfacet
 facet normal 0.833317 0.552760 -0.006300
  outer loop
   vertex 0.535373 0.322131 1.208656
   vertex 0.539489 0.315381 1.160846
   vertex 0.515940 0.351400 1.206258
  endloop
 endfacet
 facet normal 0.841883 0.539593 0.008585
  outer loop
   vertex 0.515940 0.351400 1.206258
   vertex 0.539489 0.315381 1.160846
   vertex 0.515052 0.353762 1.144881
  endloop
 endfacet
 facet normal 0.904228 0.426967 -0.008445
  outer loop
   vertex 0.558497 0.280150 1.160862
   vertex 0.569413 0.257551 1.187094
   vertex 0.574426 0.246158 1.147832
  endloop
 endfacet
 facet normal 0.927526 0.373625 0.010009
  outer loop
   vertex 0.569413 0.257551 1.187094
   vertex 0.586126 0.216030 1.188246
   vertex 0.574426 0.246158 1.147832
  endloop
 endfacet
 facet normal 0.936797 0.349715 -0.010500
  outer loop
   vertex 0.574426 0.246158 1.147832
   vertex 0.586126 0.216030 1.188246
   vertex 0.592954 0.196663 1.152385
  endloop
 endfacet
 facet normal -0.076080 -0.343360 0.936118
  outer loop
   vertex 0.458492 0.267565 1.225616
   vertex 0.469812 0.213687 1.206774
   vertex 0.527469 0.271554 1.232685
  endloop
 endfacet
 facet normal -0.031340 -0.382291 0.923510
  outer loop
   vertex 0.527469 0.271554 1.232685
   vertex 0.469812 0.213687 1.206774
   vertex 0.523453 0.212662 1.208170
  endloop
 endfacet
 facet normal 0.938240 -0.196506 0.284766
  outer loop
   vertex 0.586126 0.216030 1.188246
   vertex 0.565523 0.154332 1.213553
   vertex 0.592954 0.196663 1.152385
  endloop
 endfacet
 facet normal 0.814123 0.237892 0.529728
  outer loop
   vertex 0.592954 0.196663 1.152385
   vertex 0.565523 0.154332 1.213553
   vertex 0.607385 0.144667 1.153557
  endloop
 endfacet
 facet normal -0.028177 -0.123556 0.991938
  outer loop
   vertex 0.469812 0.213687 1.206774
   vertex 0.470540 0.158600 1.199933
   vertex 0.523453 0.212662 1.208170
  endloop
 endfacet
 facet normal -0.076703 -0.076394 0.994123
  outer loop
   vertex 0.523453 0.212662 1.208170
   vertex 0.470540 0.158600 1.199933
   vertex 0.523592 0.158296 1.204003
  endloop
 endfacet
 facet normal 0.821429 0.019729 0.569970
  outer loop
   vertex 0.565523 0.154332 1.213553
   vertex 0.571474 0.098762 1.206900
   vertex 0.607385 0.144667 1.153557
  endloop
 endfacet
 facet normal 0.716498 0.211833 0.664648
  outer loop
   vertex 0.607385 0.144667 1.153557
   vertex 0.571474 0.098762 1.206900
   vertex 0.618995 0.085706 1.159833
  endloop
 endfacet
 facet normal -0.076658 -0.108235 0.991165
  outer loop
   vertex 0.470540 0.158600 1.199933
   vertex 0.472133 0.104834 1.194185
   vertex 0.523592 0.158296 1.204003
  endloop
 endfacet
 facet normal -0.088815 -0.096569 0.991356
  outer loop
   vertex 0.523592 0.158296 1.204003
   vertex 0.472133 0.104834 1.194185
   vertex 0.525123 0.104225 1.198873
  endloop
 endfacet
 facet normal 0.694477 -0.057749 0.717194
  outer loop
   vertex 0.571474 0.098762 1.206900
   vertex 0.579588 0.047831 1.194942
   vertex 0.618995 0.085706 1.159833
  endloop
 endfacet
 facet normal 0.256184 0.500196 0.827148
  outer loop
   vertex 0.618995 0.085706 1.159833
   vertex 0.579588 0.047831 1.194942
   vertex 0.623241 0.041312 1.185364
  endloop
 endfacet
 facet normal -0.088799 -0.165042 0.982281
  outer loop
   vertex 0.472133 0.104834 1.194185
   vertex 0.479247 0.060338 1.187352
   vertex 0.525123 0.104225 1.198873
  endloop
 endfacet
 facet normal -0.034484 -0.219885 0.974916
  outer loop
   vertex 0.525123 0.104225 1.198873
   vertex 0.479247 0.060338 1.187352
   vertex 0.527203 0.053305 1.187462
  endloop
 endfacet
 facet normal 0.160394 -0.305139 0.938703
  outer loop
   vertex 0.579588 0.047831 1.194942
   vertex 0.591213 0.003401 1.178513
   vertex 0.623241 0.041312 1.185364
  endloop
 endfacet
 facet normal 0.048862 -0.217446 0.974849
  outer loop
   vertex 0.623241 0.041312 1.185364
   vertex 0.591213 0.003401 1.178513
   vertex 0.624564 0.004847 1.177164
  endloop
 endfacet
 facet normal -0.042976 -0.278030 0.959611
  outer loop
   vertex 0.479247 0.060338 1.187352
   vertex 0.475558 0.009516 1.172462
   vertex 0.527203 0.053305 1.187462
  endloop
 endfacet
 facet normal -0.031548 -0.290402 0.956384
  outer loop
   vertex 0.527203 0.053305 1.187462
   vertex 0.475558 0.009516 1.172462
   vertex 0.537935 0.005631 1.173340
  endloop
 endfacet
 facet normal 0.056223 -0.479915 0.875512
  outer loop
   vertex 0.624564 0.004847 1.177164
   vertex 0.591213 0.003401 1.178513
   vertex 0.624099 -0.028802 1.158749
  endloop
 endfacet
 facet normal 0.098969 -0.445140 0.889975
  outer loop
   vertex 0.624099 -0.028802 1.158749
   vertex 0.591213 0.003401 1.178513
   vertex 0.567143 -0.033090 1.162938
  endloop
 endfacet
 facet normal -0.033730 -0.328232 0.943995
  outer loop
   vertex 0.537935 0.005631 1.173340
   vertex 0.475558 0.009516 1.172462
   vertex 0.513060 -0.031743 1.159456
  endloop
 endfacet
 facet normal -0.098290 -0.379354 0.920016
  outer loop
   vertex 0.513060 -0.031743 1.159456
   vertex 0.475558 0.009516 1.172462
   vertex 0.462581 -0.031372 1.154216
  endloop
 endfacet
 facet normal 0.096392 -0.382735 0.918816
  outer loop
   vertex 0.567143 -0.033090 1.162938
   vertex 0.579089 -0.068648 1.146873
   vertex 0.624099 -0.028802 1.158749
  endloop
 endfacet
 facet normal 0.393301 -0.640783 0.659326
  outer loop
   vertex 0.624099 -0.028802 1.158749
   vertex 0.579089 -0.068648 1.146873
   vertex 0.621963 -0.056850 1.132764
  endloop
 endfacet
 facet normal -0.093769 -0.486012 0.868907
  outer loop
   vertex 0.462581 -0.031372 1.154216
   vertex 0.470929 -0.063998 1.136868
   vertex 0.513060 -0.031743 1.159456
  endloop
 endfacet
 facet normal -0.087754 -0.491961 0.866183
  outer loop
   vertex 0.513060 -0.031743 1.159456
   vertex 0.470929 -0.063998 1.136868
   vertex 0.525164 -0.066302 1.141054
  endloop
 endfacet
 facet normal 0.371973 -0.302131 0.877697
  outer loop
   vertex 0.579089 -0.068648 1.146873
   vertex 0.591941 -0.110362 1.127067
   vertex 0.621963 -0.056850 1.132764
  endloop
 endfacet
 facet normal 0.308861 -0.270361 0.911872
  outer loop
   vertex 0.621963 -0.056850 1.132764
   vertex 0.591941 -0.110362 1.127067
   vertex 0.616101 -0.101703 1.121451
  endloop
 endfacet
 facet normal -0.087220 -0.380127 0.920813
  outer loop
   vertex 0.470929 -0.063998 1.136868
   vertex 0.483744 -0.110936 1.118705
   vertex 0.525164 -0.066302 1.141054
  endloop
 endfacet
 facet normal -0.043469 -0.414759 0.908893
  outer loop
   vertex 0.525164 -0.066302 1.141054
   vertex 0.483744 -0.110936 1.118705
   vertex 0.538974 -0.110376 1.121602
  endloop
 endfacet
 facet normal 0.368882 -0.537374 0.758390
  outer loop
   vertex 0.616101 -0.101703 1.121451
   vertex 0.591941 -0.110362 1.127067
   vertex 0.609803 -0.134763 1.101089
  endloop
 endfacet
 facet normal 0.247050 -0.615733 0.748224
  outer loop
   vertex 0.609803 -0.134763 1.101089
   vertex 0.591941 -0.110362 1.127067
   vertex 0.579876 -0.156294 1.093252
  endloop
 endfacet
 facet normal -0.040455 -0.496323 0.867195
  outer loop
   vertex 0.538974 -0.110376 1.121602
   vertex 0.483744 -0.110936 1.118705
   vertex 0.525556 -0.163791 1.090405
  endloop
 endfacet
 facet normal -0.018822 -0.483473 0.875157
  outer loop
   vertex 0.525556 -0.163791 1.090405
   vertex 0.483744 -0.110936 1.118705
   vertex 0.470555 -0.164021 1.089095
  endloop
 endfacet
 facet normal 0.518317 -0.814878 0.259464
  outer loop
   vertex 0.609803 -0.134763 1.101089
   vertex 0.579876 -0.156294 1.093252
   vertex 0.606069 -0.151419 1.056238
  endloop
 endfacet
 facet normal 0.768585 -0.411707 0.489668
  outer loop
   vertex 0.606069 -0.151419 1.056238
   vertex 0.579876 -0.156294 1.093252
   vertex 0.586869 -0.213955 1.033795
  endloop
 endfacet
 facet normal -0.017228 -0.567762 0.823012
  outer loop
   vertex 0.525556 -0.163791 1.090405
   vertex 0.470555 -0.164021 1.089095
   vertex 0.511235 -0.221796 1.050090
  endloop
 endfacet
 facet normal -0.075436 -0.593888 0.801003
  outer loop
   vertex 0.511235 -0.221796 1.050090
   vertex 0.470555 -0.164021 1.089095
   vertex 0.457334 -0.219577 1.046659
  endloop
 endfacet
 facet normal 0.954885 -0.296804 0.010119
  outer loop
   vertex 0.606069 -0.151419 1.056238
   vertex 0.586869 -0.213955 1.033795
   vertex 0.602900 -0.163657 0.996324
  endloop
 endfacet
 facet normal 0.950714 -0.309930 -0.009285
  outer loop
   vertex 0.602900 -0.163657 0.996324
   vertex 0.586869 -0.213955 1.033795
   vertex 0.583354 -0.223240 0.983817
  endloop
 endfacet
 facet normal 0.913859 -0.405880 0.011132
  outer loop
   vertex 0.583354 -0.223240 0.983817
   vertex 0.586869 -0.213955 1.033795
   vertex 0.560527 -0.274552 0.986884
  endloop
 endfacet
 facet normal -0.074004 -0.359129 0.930349
  outer loop
   vertex 0.457334 -0.219577 1.046659
   vertex 0.468970 -0.280159 1.024199
   vertex 0.511235 -0.221796 1.050090
  endloop
 endfacet
 facet normal -0.056423 -0.370438 0.927142
  outer loop
   vertex 0.511235 -0.221796 1.050090
   vertex 0.468970 -0.280159 1.024199
   vertex 0.523969 -0.276838 1.028873
  endloop
 endfacet
 facet normal 0.688767 -0.724982 -0.001254
  outer loop
   vertex 0.403574 -0.476937 0.924603
   vertex 0.455149 -0.427961 0.937726
   vertex 0.405375 -0.475326 0.982456
  endloop
 endfacet
 facet normal 0.694238 -0.719670 0.010458
  outer loop
   vertex 0.405375 -0.475326 0.982456
   vertex 0.455149 -0.427961 0.937726
   vertex 0.460437 -0.422183 0.984302
  endloop
 endfacet
 facet normal 0.689248 -0.724523 0.001740
  outer loop
   vertex 0.403628 -0.477017 0.869901
   vertex 0.454688 -0.428411 0.883212
   vertex 0.403574 -0.476937 0.924603
  endloop
 endfacet
 facet normal 0.688578 -0.725162 0.000163
  outer loop
   vertex 0.403574 -0.476937 0.924603
   vertex 0.454688 -0.428411 0.883212
   vertex 0.455149 -0.427961 0.937726
  endloop
 endfacet
 facet normal 0.688348 -0.725381 0.000002
  outer loop
   vertex 0.403626 -0.477019 0.815288
   vertex 0.454867 -0.428394 0.828667
   vertex 0.403628 -0.477017 0.869901
  endloop
 endfacet
 facet normal 0.689207 -0.724562 0.002036
  outer loop
   vertex 0.403628 -0.477017 0.869901
   vertex 0.454867 -0.428394 0.828667
   vertex 0.454688 -0.428411 0.883212
  endloop
 endfacet
 facet normal 0.688342 -0.725386 -0.000013
  outer loop
   vertex 0.403626 -0.477018 0.760679
   vertex 0.454867 -0.428394 0.774058
   vertex 0.403626 -0.477019 0.815288
  endloop
 endfacet
 facet normal 0.688348 -0.725381 0.000000
  outer loop
   vertex 0.403626 -0.477019 0.815288
   vertex 0.454867 -0.428394 0.774058
   vertex 0.454867 -0.428394 0.828667
  endloop
 endfacet
 facet normal 0.688340 -0.725388 0.000000
  outer loop
   vertex 0.403626 -0.477018 0.706071
   vertex 0.454867 -0.428394 0.719450
   vertex 0.403626 -0.477018 0.760679
  endloop
 endfacet
 facet normal 0.688340 -0.725388 0.000000
  outer loop
   vertex 0.403626 -0.477018 0.760679
   vertex 0.454867 -0.428394 0.719450
   vertex 0.454867 -0.428394 0.774058
  endloop
 endfacet
 facet normal 0.688333 -0.725395 0.000000
  outer loop
   vertex 0.403626 -0.477018 0.651463
   vertex 0.454867 -0.428395 0.664842
   vertex 0.403626 -0.477018 0.706071
  endloop
 endfacet
 facet normal 0.688339 -0.725390 0.000013
  outer loop
   vertex 0.403626 -0.477018 0.706071
   vertex 0.454867 -0.428395 0.664842
   vertex 0.454867 -0.428394 0.719450
  endloop
 endfacet
 facet normal 0.688340 -0.725388 0.000000
  outer loop
   vertex 0.403626 -0.477018 0.596854
   vertex 0.454867 -0.428394 0.610233
   vertex 0.403626 -0.477018 0.651463
  endloop
 endfacet
 facet normal 0.688335 -0.725393 -0.000013
  outer loop
   vertex 0.403626 -0.477018 0.651463
   vertex 0.454867 -0.428394 0.610233
   vertex 0.454867 -0.428395 0.664842
  endloop
 endfacet
 facet normal 0.688340 -0.725388 0.000000
  outer loop
   vertex 0.403626 -0.477018 0.542246
   vertex 0.454867 -0.428394 0.555625
   vertex 0.403626 -0.477018 0.596854
  endloop
 endfacet
 facet normal 0.688340 -0.725388 0.000000
  outer loop
   vertex 0.403626 -0.477018 0.596854
   vertex 0.454867 -0.428394 0.555625
   vertex 0.454867 -0.428394 0.610233
  endloop
 endfacet
 facet normal 0.688340 -0.725388 0.000000
  outer loop
   vertex 0.403626 -0.477018 0.487638
   vertex 0.454867 -0.428394 0.501017
   vertex 0.403626 -0.477018 0.542246
  endloop
 endfacet
 facet normal 0.688340 -0.725388 0.000000
  outer loop
   vertex 0.403626 -0.477018 0.542246
   vertex 0.454867 -0.428394 0.501017
   vertex 0.454867 -0.428394 0.555625
  endloop
 endfacet
 facet normal 0.688340 -0.725388 0.000000
  outer loop
   vertex 0.403626 -0.477018 0.433029
   vertex 0.454867 -0.428394 0.446407
   vertex 0.403626 -0.477018 0.487638
  endloop
 endfacet
 facet normal 0.688340 -0.725388 0.000000
  outer loop
   vertex 0.403626 -0.477018 0.487638
   vertex 0.454867 -0.428394 0.446407
   vertex 0.454867 -0.428394 0.501017
  endloop
 endfacet
 facet normal 0.688340 -0.725388 0.000000
  outer loop
   vertex 0.403626 -0.477018 0.378420
   vertex 0.454867 -0.428394 0.391799
   vertex 0.403626 -0.477018 0.433029
  endloop
 endfacet
 facet normal 0.688340 -0.725388 0.000000
  outer loop
   vertex 0.403626 -0.477018 0.433029
   vertex 0.454867 -0.428394 0.391799
   vertex 0.454867 -0.428394 0.446407
  endloop
 endfacet
 facet normal 0.688340 -0.725388 0.000000
  outer loop
   vertex 0.403626 -0.477018 0.323810
   vertex 0.454867 -0.428394 0.337191
   vertex 0.403626 -0.477018 0.378420
  endloop
 endfacet
 facet normal 0.688340 -0.725388 0.000000
  outer loop
   vertex 0.403626 -0.477018 0.378420
   vertex 0.454867 -0.428394 0.337191
   vertex 0.454867 -0.428394 0.391799
  endloop
 endfacet
 facet normal 0.765292 -0.643683 0.000000
  outer loop
   vertex 0.454867 -0.428394 0.337191
   vertex 0.499810 -0.374960 0.350570
   vertex 0.454867 -0.428394 0.391799
  endloop
 endfacet
 facet normal 0.765292 -0.643683 0.000000
  outer loop
   vertex 0.454867 -0.428394 0.391799
   vertex 0.499810 -0.374960 0.350570
   vertex 0.499810 -0.374960 0.405178
  endloop
 endfacet
 facet normal 0.765292 -0.643683 0.000000
  outer loop
   vertex 0.454867 -0.428394 0.391799
   vertex 0.499810 -0.374960 0.405178
   vertex 0.454867 -0.428394 0.446407
  endloop
 endfacet
 facet normal 0.765292 -0.643683 0.000000
  outer loop
   vertex 0.454867 -0.428394 0.446407
   vertex 0.499810 -0.374960 0.405178
   vertex 0.499810 -0.374960 0.459786
  endloop
 endfacet
 facet normal 0.765292 -0.643683 0.000000
  outer loop
   vertex 0.454867 -0.428394 0.446407
   vertex 0.499810 -0.374960 0.459786
   vertex 0.454867 -0.428394 0.501017
  endloop
 endfacet
 facet normal 0.765292 -0.643683 0.000000
  outer loop
   vertex 0.454867 -0.428394 0.501017
   vertex 0.499810 -0.374960 0.459786
   vertex 0.499810 -0.374960 0.514395
  endloop
 endfacet
 facet normal 0.765292 -0.643683 0.000000
  outer loop
   vertex 0.454867 -0.428394 0.501017
   vertex 0.499810 -0.374960 0.514395
   vertex 0.454867 -0.428394 0.555625
  endloop
 endfacet
 facet normal 0.765292 -0.643683 0.000000
  outer loop
   vertex 0.454867 -0.428394 0.555625
   vertex 0.499810 -0.374960 0.514395
   vertex 0.499810 -0.374960 0.569004
  endloop
 endfacet
 facet normal 0.765292 -0.643683 0.000000
  outer loop
   vertex 0.454867 -0.428394 0.555625
   vertex 0.499810 -0.374960 0.569004
   vertex 0.454867 -0.428394 0.610233
  endloop
 endfacet
 facet normal 0.765292 -0.643683 0.000000
  outer loop
   vertex 0.454867 -0.428394 0.610233
   vertex 0.499810 -0.374960 0.569004
   vertex 0.499810 -0.374960 0.623612
  endloop
 endfacet
 facet normal 0.765294 -0.643681 -0.000012
  outer loop
   vertex 0.454867 -0.428394 0.610233
   vertex 0.499810 -0.374960 0.623612
   vertex 0.454867 -0.428395 0.664842
  endloop
 endfacet
 facet normal 0.765298 -0.643676 0.000000
  outer loop
   vertex 0.454867 -0.428395 0.664842
   vertex 0.499810 -0.374960 0.623612
   vertex 0.499810 -0.374960 0.678221
  endloop
 endfacet
 facet normal 0.765297 -0.643677 0.000012
  outer loop
   vertex 0.454867 -0.428395 0.664842
   vertex 0.499810 -0.374960 0.678221
   vertex 0.454867 -0.428394 0.719450
  endloop
 endfacet
 facet normal 0.765292 -0.643683 0.000000
  outer loop
   vertex 0.454867 -0.428394 0.719450
   vertex 0.499810 -0.374960 0.678221
   vertex 0.499810 -0.374960 0.732829
  endloop
 endfacet
 facet normal 0.765292 -0.643683 0.000000
  outer loop
   vertex 0.454867 -0.428394 0.719450
   vertex 0.499810 -0.374960 0.732829
   vertex 0.454867 -0.428394 0.774058
  endloop
 endfacet
 facet normal 0.765292 -0.643683 0.000000
  outer loop
   vertex 0.454867 -0.428394 0.774058
   vertex 0.499810 -0.374960 0.732829
   vertex 0.499810 -0.374960 0.787437
  endloop
 endfacet
 facet normal 0.765292 -0.643683 0.000000
  outer loop
   vertex 0.454867 -0.428394 0.774058
   vertex 0.499810 -0.374960 0.787437
   vertex 0.454867 -0.428394 0.828667
  endloop
 endfacet
 facet normal 0.767650 -0.640839 0.006256
  outer loop
   vertex 0.454867 -0.428394 0.828667
   vertex 0.499810 -0.374960 0.787437
   vertex 0.499036 -0.375357 0.841745
  endloop
 endfacet
 facet normal 0.768141 -0.640277 0.002321
  outer loop
   vertex 0.454867 -0.428394 0.828667
   vertex 0.499036 -0.375357 0.841745
   vertex 0.454688 -0.428411 0.883212
  endloop
 endfacet
 facet normal 0.765119 -0.643865 -0.005501
  outer loop
   vertex 0.454688 -0.428411 0.883212
   vertex 0.499036 -0.375357 0.841745
   vertex 0.499471 -0.375310 0.896749
  endloop
 endfacet
 facet normal 0.764584 -0.644524 -0.001145
  outer loop
   vertex 0.454688 -0.428411 0.883212
   vertex 0.499471 -0.375310 0.896749
   vertex 0.455149 -0.427961 0.937726
  endloop
 endfacet
 facet normal 0.767253 -0.641318 0.005860
  outer loop
   vertex 0.455149 -0.427961 0.937726
   vertex 0.499471 -0.375310 0.896749
   vertex 0.498620 -0.375843 0.949839
  endloop
 endfacet
 facet normal 0.768822 -0.639414 -0.007966
  outer loop
   vertex 0.455149 -0.427961 0.937726
   vertex 0.498620 -0.375843 0.949839
   vertex 0.460437 -0.422183 0.984302
  endloop
 endfacet
 facet normal 0.769724 -0.638353 -0.005539
  outer loop
   vertex 0.460437 -0.422183 0.984302
   vertex 0.498620 -0.375843 0.949839
   vertex 0.496166 -0.379121 0.986597
  endloop
 endfacet
 facet normal 0.769800 -0.638218 -0.009244
  outer loop
   vertex 0.481913 -0.396559 1.003614
   vertex 0.460437 -0.422183 0.984302
   vertex 0.496166 -0.379121 0.986597
  endloop
 endfacet
 facet normal 0.430378 -0.095615 0.897570
  outer loop
   vertex 0.470107 -0.334009 1.015938
   vertex 0.481913 -0.396559 1.003614
   vertex 0.524533 -0.339268 0.989281
  endloop
 endfacet
 facet normal 0.809343 -0.581598 0.081898
  outer loop
   vertex 0.524533 -0.339268 0.989281
   vertex 0.481913 -0.396559 1.003614
   vertex 0.496166 -0.379121 0.986597
  endloop
 endfacet
 facet normal -0.074523 -0.152749 0.985451
  outer loop
   vertex 0.468970 -0.280159 1.024199
   vertex 0.470107 -0.334009 1.015938
   vertex 0.523969 -0.276838 1.028873
  endloop
 endfacet
 facet normal 0.341067 -0.501251 0.795249
  outer loop
   vertex 0.523969 -0.276838 1.028873
   vertex 0.470107 -0.334009 1.015938
   vertex 0.524533 -0.339268 0.989281
  endloop
 endfacet
 facet normal 0.814606 -0.580008 0.002660
  outer loop
   vertex 0.496166 -0.379121 0.986597
   vertex 0.498620 -0.375843 0.949839
   vertex 0.524533 -0.339268 0.989281
  endloop
 endfacet
 facet normal 0.825020 -0.564807 -0.018277
  outer loop
   vertex 0.524533 -0.339268 0.989281
   vertex 0.498620 -0.375843 0.949839
   vertex 0.533055 -0.325192 0.938980
  endloop
 endfacet
 facet normal 0.827721 -0.561088 0.007635
  outer loop
   vertex 0.498620 -0.375843 0.949839
   vertex 0.499471 -0.375310 0.896749
   vertex 0.533055 -0.325192 0.938980
  endloop
 endfacet
 facet normal 0.828462 -0.560015 0.005772
  outer loop
   vertex 0.533055 -0.325192 0.938980
   vertex 0.499471 -0.375310 0.896749
   vertex 0.534227 -0.324017 0.884767
  endloop
 endfacet
 facet normal 0.827177 -0.561909 -0.006062
  outer loop
   vertex 0.499471 -0.375310 0.896749
   vertex 0.499036 -0.375357 0.841745
   vertex 0.534227 -0.324017 0.884767
  endloop
 endfacet
 facet normal 0.825402 -0.564543 -0.001467
  outer loop
   vertex 0.534227 -0.324017 0.884767
   vertex 0.499036 -0.375357 0.841745
   vertex 0.534220 -0.323885 0.830000
  endloop
 endfacet
 facet normal 0.826349 -0.563107 0.007661
  outer loop
   vertex 0.499036 -0.375357 0.841745
   vertex 0.499810 -0.374960 0.787437
   vertex 0.534220 -0.323885 0.830000
  endloop
 endfacet
 facet normal 0.827975 -0.560754 0.003522
  outer loop
   vertex 0.534220 -0.323885 0.830000
   vertex 0.499810 -0.374960 0.787437
   vertex 0.534141 -0.324344 0.775478
  endloop
 endfacet
 facet normal 0.827594 -0.561327 0.000000
  outer loop
   vertex 0.499810 -0.374960 0.787437
   vertex 0.499810 -0.374960 0.732829
   vertex 0.534141 -0.324344 0.775478
  endloop
 endfacet
 facet normal 0.827594 -0.561327 0.000000
  outer loop
   vertex 0.534141 -0.324344 0.775478
   vertex 0.499810 -0.374960 0.732829
   vertex 0.534141 -0.324344 0.720870
  endloop
 endfacet
 facet normal 0.827594 -0.561327 0.000000
  outer loop
   vertex 0.499810 -0.374960 0.732829
   vertex 0.499810 -0.374960 0.678221
   vertex 0.534141 -0.324344 0.720870
  endloop
 endfacet
 facet normal 0.827594 -0.561327 0.000000
  outer loop
   vertex 0.534141 -0.324344 0.720870
   vertex 0.499810 -0.374960 0.678221
   vertex 0.534141 -0.324344 0.666262
  endloop
 endfacet
 facet normal 0.827594 -0.561327 0.000000
  outer loop
   vertex 0.499810 -0.374960 0.678221
   vertex 0.499810 -0.374960 0.623612
   vertex 0.534141 -0.324344 0.666262
  endloop
 endfacet
 facet normal 0.827594 -0.561327 0.000000
  outer loop
   vertex 0.534141 -0.324344 0.666262
   vertex 0.499810 -0.374960 0.623612
   vertex 0.534141 -0.324344 0.611653
  endloop
 endfacet
 facet normal 0.827594 -0.561327 0.000000
  outer loop
   vertex 0.499810 -0.374960 0.623612
   vertex 0.499810 -0.374960 0.569004
   vertex 0.534141 -0.324344 0.611653
  endloop
 endfacet
 facet normal 0.827594 -0.561327 0.000000
  outer loop
   vertex 0.534141 -0.324344 0.611653
   vertex 0.499810 -0.374960 0.569004
   vertex 0.534141 -0.324344 0.557044
  endloop
 endfacet
 facet normal 0.827594 -0.561327 0.000000
  outer loop
   vertex 0.499810 -0.374960 0.569004
   vertex 0.499810 -0.374960 0.514395
   vertex 0.534141 -0.324344 0.557044
  endloop
 endfacet
 facet normal 0.827594 -0.561327 0.000000
  outer loop
   vertex 0.534141 -0.324344 0.557044
   vertex 0.499810 -0.374960 0.514395
   vertex 0.534141 -0.324344 0.502436
  endloop
 endfacet
 facet normal 0.827594 -0.561327 0.000000
  outer loop
   vertex 0.499810 -0.374960 0.514395
   vertex 0.499810 -0.374960 0.459786
   vertex 0.534141 -0.324344 0.502436
  endloop
 endfacet
 facet normal 0.827594 -0.561327 0.000000
  outer loop
   vertex 0.534141 -0.324344 0.502436
   vertex 0.499810 -0.374960 0.459786
   vertex 0.534141 -0.324344 0.447827
  endloop
 endfacet
 facet normal 0.827594 -0.561327 0.000000
  outer loop
   vertex 0.499810 -0.374960 0.459786
   vertex 0.499810 -0.374960 0.405178
   vertex 0.534141 -0.324344 0.447827
  endloop
 endfacet
 facet normal 0.827594 -0.561327 0.000000
  outer loop
   vertex 0.534141 -0.324344 0.447827
   vertex 0.499810 -0.374960 0.405178
   vertex 0.534141 -0.324344 0.393219
  endloop
 endfacet
 facet normal 0.827594 -0.561327 0.000000
  outer loop
   vertex 0.499810 -0.374960 0.405178
   vertex 0.499810 -0.374960 0.350570
   vertex 0.534141 -0.324344 0.393219
  endloop
 endfacet
 facet normal 0.827588 -0.561336 0.000015
  outer loop
   vertex 0.534141 -0.324344 0.393219
   vertex 0.499810 -0.374960 0.350570
   vertex 0.534142 -0.324344 0.338611
  endloop
 endfacet
 facet normal -0.035371 0.544086 0.838284
  outer loop
   vertex 0.295471 -0.464843 1.054103
   vertex 0.315919 -0.491544 1.072296
   vertex 0.348690 -0.464987 1.056442
  endloop
 endfacet
 facet normal 0.327419 0.152635 0.932469
  outer loop
   vertex 0.348690 -0.464987 1.056442
   vertex 0.315919 -0.491544 1.072296
   vertex 0.365254 -0.506921 1.057490
  endloop
 endfacet
 facet normal 0.694626 -0.718432 -0.036744
  outer loop
   vertex 0.460437 -0.422183 0.984302
   vertex 0.431227 -0.451711 1.009445
   vertex 0.405375 -0.475326 0.982456
  endloop
 endfacet
 facet normal 0.664167 -0.747374 0.017755
  outer loop
   vertex 0.405375 -0.475326 0.982456
   vertex 0.431227 -0.451711 1.009445
   vertex 0.389463 -0.488293 1.031852
  endloop
 endfacet
 facet normal -0.014934 0.456442 0.889628
  outer loop
   vertex 0.372263 -0.431417 1.039614
   vertex 0.317618 -0.428005 1.036946
   vertex 0.348690 -0.464987 1.056442
  endloop
 endfacet
 facet normal -0.038225 0.440680 0.896850
  outer loop
   vertex 0.348690 -0.464987 1.056442
   vertex 0.317618 -0.428005 1.036946
   vertex 0.295471 -0.464843 1.054103
  endloop
 endfacet
 facet normal 0.276269 -0.153592 0.948728
  outer loop
   vertex 0.415964 -0.384176 1.024823
   vertex 0.431227 -0.451711 1.009445
   vertex 0.481913 -0.396559 1.003614
  endloop
 endfacet
 facet normal 0.738159 -0.671039 0.069491
  outer loop
   vertex 0.481913 -0.396559 1.003614
   vertex 0.431227 -0.451711 1.009445
   vertex 0.460437 -0.422183 0.984302
  endloop
 endfacet
 facet normal 0.027839 0.312229 0.949599
  outer loop
   vertex 0.308863 -0.383359 1.022523
   vertex 0.317618 -0.428005 1.036946
   vertex 0.362171 -0.383720 1.021079
  endloop
 endfacet
 facet normal -0.023232 0.357840 0.933494
  outer loop
   vertex 0.362171 -0.383720 1.021079
   vertex 0.317618 -0.428005 1.036946
   vertex 0.372263 -0.431417 1.039614
  endloop
 endfacet
 facet normal -0.016137 0.191231 0.981412
  outer loop
   vertex 0.416205 -0.332332 1.014725
   vertex 0.415964 -0.384176 1.024823
   vertex 0.470107 -0.334009 1.015938
  endloop
 endfacet
 facet normal 0.280432 -0.134331 0.950428
  outer loop
   vertex 0.470107 -0.334009 1.015938
   vertex 0.415964 -0.384176 1.024823
   vertex 0.481913 -0.396559 1.003614
  endloop
 endfacet
 facet normal 0.086242 0.047567 0.995138
  outer loop
   vertex 0.309268 -0.334511 1.020153
   vertex 0.308863 -0.383359 1.022523
   vertex 0.360394 -0.332747 1.015638
  endloop
 endfacet
 facet normal 0.027649 0.107051 0.993869
  outer loop
   vertex 0.360394 -0.332747 1.015638
   vertex 0.308863 -0.383359 1.022523
   vertex 0.362171 -0.383720 1.021079
  endloop
 endfacet
 facet normal -0.013937 -0.164988 0.986197
  outer loop
   vertex 0.414131 -0.281002 1.023283
   vertex 0.416205 -0.332332 1.014725
   vertex 0.468970 -0.280159 1.024199
  endloop
 endfacet
 facet normal -0.026968 -0.152134 0.987992
  outer loop
   vertex 0.468970 -0.280159 1.024199
   vertex 0.416205 -0.332332 1.014725
   vertex 0.470107 -0.334009 1.015938
  endloop
 endfacet
 facet normal 0.039741 -0.161802 0.986023
  outer loop
   vertex 0.308792 -0.278959 1.029288
   vertex 0.309268 -0.334511 1.020153
   vertex 0.362351 -0.281070 1.026783
  endloop
 endfacet
 facet normal 0.093245 -0.213274 0.972533
  outer loop
   vertex 0.362351 -0.281070 1.026783
   vertex 0.309268 -0.334511 1.020153
   vertex 0.360394 -0.332747 1.015638
  endloop
 endfacet
 facet normal 0.001876 -0.356828 0.934168
  outer loop
   vertex 0.402190 -0.223773 1.045167
   vertex 0.414131 -0.281002 1.023283
   vertex 0.457334 -0.219577 1.046659
  endloop
 endfacet
 facet normal -0.010280 -0.349334 0.936942
  outer loop
   vertex 0.457334 -0.219577 1.046659
   vertex 0.414131 -0.281002 1.023283
   vertex 0.468970 -0.280159 1.024199
  endloop
 endfacet
 facet normal -0.566001 0.484836 0.666766
  outer loop
   vertex 0.315629 -0.232677 1.001438
   vertex 0.308792 -0.278959 1.029288
   vertex 0.345212 -0.220767 1.017890
  endloop
 endfacet
 facet normal 0.052419 0.160259 0.985682
  outer loop
   vertex 0.345212 -0.220767 1.017890
   vertex 0.308792 -0.278959 1.029288
   vertex 0.362351 -0.281070 1.026783
  endloop
 endfacet
 facet normal -0.706480 0.707670 0.009418
  outer loop
   vertex 0.372730 -0.175566 0.993468
   vertex 0.315629 -0.232677 1.001438
   vertex 0.372813 -0.176134 1.042374
  endloop
 endfacet
 facet normal -0.395584 -0.241465 0.886120
  outer loop
   vertex 0.372813 -0.176134 1.042374
   vertex 0.315629 -0.232677 1.001438
   vertex 0.345212 -0.220767 1.017890
  endloop
 endfacet
 facet normal -0.711242 0.702783 0.015182
  outer loop
   vertex 0.373281 -0.173843 0.939524
   vertex 0.323991 -0.224063 0.955111
   vertex 0.372730 -0.175566 0.993468
  endloop
 endfacet
 facet normal -0.706889 0.707313 0.003924
  outer loop
   vertex 0.372730 -0.175566 0.993468
   vertex 0.323991 -0.224063 0.955111
   vertex 0.315629 -0.232677 1.001438
  endloop
 endfacet
 facet normal -0.728908 0.684236 0.022706
  outer loop
   vertex 0.374899 -0.170643 0.895035
   vertex 0.331508 -0.217003 0.899137
   vertex 0.373281 -0.173843 0.939524
  endloop
 endfacet
 facet normal -0.714873 0.699210 -0.007812
  outer loop
   vertex 0.373281 -0.173843 0.939524
   vertex 0.331508 -0.217003 0.899137
   vertex 0.323991 -0.224063 0.955111
  endloop
 endfacet
 facet normal -0.585644 0.596681 0.548629
  outer loop
   vertex 0.374899 -0.170643 0.895035
   vertex 0.315729 -0.151451 0.811000
   vertex 0.331508 -0.217003 0.899137
  endloop
 endfacet
 facet normal 0.669922 0.648133 0.362115
  outer loop
   vertex 0.331508 -0.217003 0.899137
   vertex 0.315729 -0.151451 0.811000
   vertex 0.254240 -0.133950 0.893432
  endloop
 endfacet
 facet normal 0.758857 -0.220363 0.612843
  outer loop
   vertex 0.254240 -0.133950 0.893432
   vertex 0.315729 -0.151451 0.811000
   vertex 0.269528 -0.099600 0.886853
  endloop
 endfacet
 facet normal 0.886793 0.351950 0.299550
  outer loop
   vertex 0.269528 -0.099600 0.886853
   vertex 0.315729 -0.151451 0.811000
   vertex 0.273782 -0.087622 0.860186
  endloop
 endfacet
 facet normal 0.934159 -0.356797 0.006535
  outer loop
   vertex 0.250053 -0.144024 0.941937
   vertex 0.254240 -0.133950 0.893432
   vertex 0.266194 -0.101810 0.939419
  endloop
 endfacet
 facet normal 0.915735 -0.399656 0.041278
  outer loop
   vertex 0.266194 -0.101810 0.939419
   vertex 0.254240 -0.133950 0.893432
   vertex 0.269528 -0.099600 0.886853
  endloop
 endfacet
 facet normal 0.930283 -0.364913 -0.037584
  outer loop
   vertex 0.247881 -0.155358 0.998220
   vertex 0.250053 -0.144024 0.941937
   vertex 0.267209 -0.105620 0.993709
  endloop
 endfacet
 facet normal 0.932349 -0.359037 -0.042628
  outer loop
   vertex 0.267209 -0.105620 0.993709
   vertex 0.250053 -0.144024 0.941937
   vertex 0.266194 -0.101810 0.939419
  endloop
 endfacet
 facet normal 0.963073 -0.256950 -0.080416
  outer loop
   vertex 0.249840 -0.161690 1.041914
   vertex 0.247881 -0.155358 0.998220
   vertex 0.264802 -0.108201 1.050190
  endloop
 endfacet
 facet normal 0.932555 -0.360276 0.023278
  outer loop
   vertex 0.264802 -0.108201 1.050190
   vertex 0.247881 -0.155358 0.998220
   vertex 0.267209 -0.105620 0.993709
  endloop
 endfacet
 facet normal 0.952185 -0.304355 0.026670
  outer loop
   vertex 0.264802 -0.108201 1.050190
   vertex 0.267209 -0.105620 0.993709
   vertex 0.280741 -0.058712 1.045892
  endloop
 endfacet
 facet normal 0.964184 -0.264971 -0.011844
  outer loop
   vertex 0.280741 -0.058712 1.045892
   vertex 0.267209 -0.105620 0.993709
   vertex 0.280677 -0.056465 0.990413
  endloop
 endfacet
 facet normal 0.945629 -0.325246 0.000737
  outer loop
   vertex 0.265467 -0.106165 1.095450
   vertex 0.264802 -0.108201 1.050190
   vertex 0.277708 -0.070575 1.095543
  endloop
 endfacet
 facet normal 0.951346 -0.307740 -0.015413
  outer loop
   vertex 0.277708 -0.070575 1.095543
   vertex 0.264802 -0.108201 1.050190
   vertex 0.280741 -0.058712 1.045892
  endloop
 endfacet
 facet normal 0.987508 -0.155870 0.023082
  outer loop
   vertex 0.277708 -0.070575 1.095543
   vertex 0.280741 -0.058712 1.045892
   vertex 0.286185 -0.017117 1.093871
  endloop
 endfacet
 facet normal 0.991404 -0.130834 0.000935
  outer loop
   vertex 0.286185 -0.017117 1.093871
   vertex 0.280741 -0.058712 1.045892
   vertex 0.286855 -0.012459 1.035202
  endloop
 endfacet
 facet normal 0.991159 -0.132522 -0.006511
  outer loop
   vertex 0.280741 -0.058712 1.045892
   vertex 0.280677 -0.056465 0.990413
   vertex 0.286855 -0.012459 1.035202
  endloop
 endfacet
 facet normal 0.990573 -0.136973 -0.002058
  outer loop
   vertex 0.286855 -0.012459 1.035202
   vertex 0.280677 -0.056465 0.990413
   vertex 0.286788 -0.012122 0.980500
  endloop
 endfacet
 facet normal 0.990763 -0.135527 0.004526
  outer loop
   vertex 0.280677 -0.056465 0.990413
   vertex 0.280662 -0.058377 0.936447
   vertex 0.286788 -0.012122 0.980500
  endloop
 endfacet
 facet normal 0.990530 -0.137151 0.006263
  outer loop
   vertex 0.286788 -0.012122 0.980500
   vertex 0.280662 -0.058377 0.936447
   vertex 0.287200 -0.011625 0.926224
  endloop
 endfacet
 facet normal 0.990730 -0.134705 0.017573
  outer loop
   vertex 0.280662 -0.058377 0.936447
   vertex 0.281841 -0.056228 0.886450
   vertex 0.287200 -0.011625 0.926224
  endloop
 endfacet
 facet normal 0.991887 -0.126830 0.008585
  outer loop
   vertex 0.287200 -0.011625 0.926224
   vertex 0.281841 -0.056228 0.886450
   vertex 0.287055 -0.015797 0.881345
  endloop
 endfacet
 facet normal 0.963174 -0.266361 -0.036700
  outer loop
   vertex 0.267209 -0.105620 0.993709
   vertex 0.266194 -0.101810 0.939419
   vertex 0.280677 -0.056465 0.990413
  endloop
 endfacet
 facet normal 0.948914 -0.315347 0.010909
  outer loop
   vertex 0.280677 -0.056465 0.990413
   vertex 0.266194 -0.101810 0.939419
   vertex 0.280662 -0.058377 0.936447
  endloop
 endfacet
 facet normal 0.948658 -0.312791 0.047018
  outer loop
   vertex 0.266194 -0.101810 0.939419
   vertex 0.269528 -0.099600 0.886853
   vertex 0.280662 -0.058377 0.936447
  endloop
 endfacet
 facet normal 0.961954 -0.272990 0.010951
  outer loop
   vertex 0.280662 -0.058377 0.936447
   vertex 0.269528 -0.099600 0.886853
   vertex 0.281841 -0.056228 0.886450
  endloop
 endfacet
 facet normal 0.707350 0.683252 0.181172
  outer loop
   vertex 0.323991 -0.224063 0.955111
   vertex 0.331508 -0.217003 0.899137
   vertex 0.250053 -0.144024 0.941937
  endloop
 endfacet
 facet normal 0.710204 0.674570 0.201407
  outer loop
   vertex 0.250053 -0.144024 0.941937
   vertex 0.331508 -0.217003 0.899137
   vertex 0.254240 -0.133950 0.893432
  endloop
 endfacet
 facet normal 0.723009 0.643926 0.250234
  outer loop
   vertex 0.315629 -0.232677 1.001438
   vertex 0.323991 -0.224063 0.955111
   vertex 0.247881 -0.155358 0.998220
  endloop
 endfacet
 facet normal 0.710770 0.683770 0.165123
  outer loop
   vertex 0.247881 -0.155358 0.998220
   vertex 0.323991 -0.224063 0.955111
   vertex 0.250053 -0.144024 0.941937
  endloop
 endfacet
 facet normal -0.017099 -0.604355 0.796532
  outer loop
   vertex 0.470555 -0.164021 1.089095
   vertex 0.416548 -0.168528 1.084516
   vertex 0.457334 -0.219577 1.046659
  endloop
 endfacet
 facet normal 0.022470 -0.583869 0.811537
  outer loop
   vertex 0.457334 -0.219577 1.046659
   vertex 0.416548 -0.168528 1.084516
   vertex 0.402190 -0.223773 1.045167
  endloop
 endfacet
 facet normal -0.004178 -0.486334 0.873763
  outer loop
   vertex 0.483744 -0.110936 1.118705
   vertex 0.429431 -0.112038 1.117832
   vertex 0.470555 -0.164021 1.089095
  endloop
 endfacet
 facet normal -0.031328 -0.502440 0.864044
  outer loop
   vertex 0.470555 -0.164021 1.089095
   vertex 0.429431 -0.112038 1.117832
   vertex 0.416548 -0.168528 1.084516
  endloop
 endfacet
 facet normal -0.937112 0.194631 0.289723
  outer loop
   vertex 0.406562 -0.065171 1.101146
   vertex 0.393466 -0.119796 1.095483
   vertex 0.417909 -0.065887 1.138329
  endloop
 endfacet
 facet normal -0.397776 -0.453526 0.797552
  outer loop
   vertex 0.417909 -0.065887 1.138329
   vertex 0.393466 -0.119796 1.095483
   vertex 0.429431 -0.112038 1.117832
  endloop
 endfacet
 facet normal -0.930233 0.366011 -0.026516
  outer loop
   vertex 0.392867 -0.124861 1.046582
   vertex 0.372813 -0.176134 1.042374
   vertex 0.393466 -0.119796 1.095483
  endloop
 endfacet
 facet normal -0.931327 0.364144 0.005464
  outer loop
   vertex 0.392493 -0.125006 0.992504
   vertex 0.372730 -0.175566 0.993468
   vertex 0.392867 -0.124861 1.046582
  endloop
 endfacet
 facet normal -0.931446 0.363833 0.005806
  outer loop
   vertex 0.392867 -0.124861 1.046582
   vertex 0.372730 -0.175566 0.993468
   vertex 0.372813 -0.176134 1.042374
  endloop
 endfacet
 facet normal -0.929001 0.370054 -0.004235
  outer loop
   vertex 0.392774 -0.124914 0.938907
   vertex 0.373281 -0.173843 0.939524
   vertex 0.392493 -0.125006 0.992504
  endloop
 endfacet
 facet normal -0.931360 0.364093 0.002116
  outer loop
   vertex 0.392493 -0.125006 0.992504
   vertex 0.373281 -0.173843 0.939524
   vertex 0.372730 -0.175566 0.993468
  endloop
 endfacet
 facet normal -0.929194 0.369533 -0.006588
  outer loop
   vertex 0.392358 -0.126863 0.888258
   vertex 0.374899 -0.170643 0.895035
   vertex 0.392774 -0.124914 0.938907
  endloop
 endfacet
 facet normal -0.928998 0.370016 -0.007172
  outer loop
   vertex 0.392774 -0.124914 0.938907
   vertex 0.374899 -0.170643 0.895035
   vertex 0.373281 -0.173843 0.939524
  endloop
 endfacet
 facet normal -0.375842 -0.707857 0.598064
  outer loop
   vertex 0.273782 -0.087622 0.860186
   vertex 0.315729 -0.151451 0.811000
   vertex 0.392358 -0.126863 0.888258
  endloop
 endfacet
 facet normal -0.714904 0.376321 0.589317
  outer loop
   vertex 0.392358 -0.126863 0.888258
   vertex 0.315729 -0.151451 0.811000
   vertex 0.374899 -0.170643 0.895035
  endloop
 endfacet
 facet normal 0.961601 -0.272705 0.030907
  outer loop
   vertex 0.269528 -0.099600 0.886853
   vertex 0.273782 -0.087622 0.860186
   vertex 0.281841 -0.056228 0.886450
  endloop
 endfacet
 facet normal 0.972819 -0.230413 -0.023087
  outer loop
   vertex 0.281841 -0.056228 0.886450
   vertex 0.273782 -0.087622 0.860186
   vertex 0.284049 -0.044184 0.859287
  endloop
 endfacet
 facet normal 0.991870 -0.124713 0.025328
  outer loop
   vertex 0.281841 -0.056228 0.886450
   vertex 0.284049 -0.044184 0.859287
   vertex 0.287055 -0.015797 0.881345
  endloop
 endfacet
 facet normal -0.553666 -0.832194 0.030124
  outer loop
   vertex 0.292073 0.006656 1.032760
   vertex 0.406097 -0.070723 0.990831
   vertex 0.406323 -0.068830 1.047280
  endloop
 endfacet
 facet normal -0.388458 -0.431311 0.814292
  outer loop
   vertex 0.292073 0.006656 1.032760
   vertex 0.406323 -0.068830 1.047280
   vertex 0.406561 0.012653 1.090553
  endloop
 endfacet
 facet normal -0.999990 0.000586 0.004397
  outer loop
   vertex 0.406561 0.012653 1.090553
   vertex 0.406323 -0.068830 1.047280
   vertex 0.406562 -0.065171 1.101146
  endloop
 endfacet
 facet normal 0.971271 -0.237849 -0.007792
  outer loop
   vertex 0.286855 -0.012459 1.035202
   vertex 0.293993 0.015960 1.057469
   vertex 0.286185 -0.017117 1.093871
  endloop
 endfacet
 facet normal 0.976496 -0.215077 0.014020
  outer loop
   vertex 0.286185 -0.017117 1.093871
   vertex 0.293993 0.015960 1.057469
   vertex 0.293878 0.018908 1.110702
  endloop
 endfacet
 facet normal -0.683758 -0.718016 -0.130107
  outer loop
   vertex 0.346361 0.059294 1.149529
   vertex 0.406561 0.012653 1.090553
   vertex 0.411170 -0.002895 1.152135
  endloop
 endfacet
 facet normal -0.043311 -0.503808 0.862729
  outer loop
   vertex 0.429820 0.051883 1.185060
   vertex 0.373657 0.053413 1.183134
   vertex 0.411170 -0.002895 1.152135
  endloop
 endfacet
 facet normal -0.640979 -0.650939 0.406724
  outer loop
   vertex 0.411170 -0.002895 1.152135
   vertex 0.373657 0.053413 1.183134
   vertex 0.346361 0.059294 1.149529
  endloop
 endfacet
 facet normal 0.059458 -0.166319 0.984278
  outer loop
   vertex 0.362503 0.105203 1.192559
   vertex 0.373657 0.053413 1.183134
   vertex 0.417323 0.106449 1.189458
  endloop
 endfacet
 facet normal -0.036550 -0.088599 0.995397
  outer loop
   vertex 0.417323 0.106449 1.189458
   vertex 0.373657 0.053413 1.183134
   vertex 0.429820 0.051883 1.185060
  endloop
 endfacet
 facet normal -0.055473 -0.048595 0.997277
  outer loop
   vertex 0.360391 0.159637 1.195094
   vertex 0.362503 0.105203 1.192559
   vertex 0.416063 0.158822 1.198151
  endloop
 endfacet
 facet normal 0.059401 -0.162062 0.984991
  outer loop
   vertex 0.416063 0.158822 1.198151
   vertex 0.362503 0.105203 1.192559
   vertex 0.417323 0.106449 1.189458
  endloop
 endfacet
 facet normal 0.082882 -0.286949 0.954354
  outer loop
   vertex 0.358548 0.225356 1.215014
   vertex 0.360391 0.159637 1.195094
   vertex 0.414644 0.214127 1.206766
  endloop
 endfacet
 facet normal -0.056428 -0.155085 0.986288
  outer loop
   vertex 0.414644 0.214127 1.206766
   vertex 0.360391 0.159637 1.195094
   vertex 0.416063 0.158822 1.198151
  endloop
 endfacet
 facet normal 0.109111 -0.210479 0.971490
  outer loop
   vertex 0.381367 0.258140 1.219554
   vertex 0.358548 0.225356 1.215014
   vertex 0.405856 0.264410 1.218162
  endloop
 endfacet
 facet normal 0.102596 -0.202775 0.973836
  outer loop
   vertex 0.405856 0.264410 1.218162
   vertex 0.358548 0.225356 1.215014
   vertex 0.414644 0.214127 1.206766
  endloop
 endfacet
 facet normal 0.490233 -0.445004 0.749428
  outer loop
   vertex 0.381367 0.258140 1.219554
   vertex 0.369636 0.274323 1.236837
   vertex 0.358548 0.225356 1.215014
  endloop
 endfacet
 facet normal 0.155727 -0.553135 0.818407
  outer loop
   vertex 0.362392 0.324884 1.272388
   vertex 0.369636 0.274323 1.236837
   vertex 0.420779 0.321281 1.258843
  endloop
 endfacet
 facet normal 0.227600 -0.605328 0.762743
  outer loop
   vertex 0.420779 0.321281 1.258843
   vertex 0.369636 0.274323 1.236837
   vertex 0.405856 0.264410 1.218162
  endloop
 endfacet
 facet normal 0.206063 -0.640610 0.739701
  outer loop
   vertex 0.405856 0.264410 1.218162
   vertex 0.369636 0.274323 1.236837
   vertex 0.381367 0.258140 1.219554
  endloop
 endfacet
 facet normal 0.037014 -0.735835 0.676149
  outer loop
   vertex 0.358317 0.374265 1.326351
   vertex 0.362392 0.324884 1.272388
   vertex 0.413941 0.371885 1.320716
  endloop
 endfacet
 facet normal 0.100476 -0.764689 0.636519
  outer loop
   vertex 0.413941 0.371885 1.320716
   vertex 0.362392 0.324884 1.272388
   vertex 0.420779 0.321281 1.258843
  endloop
 endfacet
 facet normal 0.075254 -0.848528 0.523772
  outer loop
   vertex 0.364533 0.407552 1.379384
   vertex 0.358317 0.374265 1.326351
   vertex 0.406905 0.403965 1.367485
  endloop
 endfacet
 facet normal 0.022312 -0.822874 0.567786
  outer loop
   vertex 0.406905 0.403965 1.367485
   vertex 0.358317 0.374265 1.326351
   vertex 0.413941 0.371885 1.320716
  endloop
 endfacet
 facet normal 0.176903 -0.744788 0.643426
  outer loop
   vertex 0.350076 0.430253 1.409636
   vertex 0.364533 0.407552 1.379384
   vertex 0.383861 0.439031 1.410508
  endloop
 endfacet
 facet normal -0.025203 -0.694995 0.718573
  outer loop
   vertex 0.383861 0.439031 1.410508
   vertex 0.364533 0.407552 1.379384
   vertex 0.405810 0.428940 1.401518
  endloop
 endfacet
 facet normal 0.098125 -0.800808 0.590828
  outer loop
   vertex 0.405810 0.428940 1.401518
   vertex 0.364533 0.407552 1.379384
   vertex 0.406905 0.403965 1.367485
  endloop
 endfacet
 facet normal 0.142255 -0.623856 0.768484
  outer loop
   vertex 0.360289 0.462158 1.433646
   vertex 0.350076 0.430253 1.409636
   vertex 0.383861 0.439031 1.410508
  endloop
 endfacet
 facet normal 0.493479 0.869755 -0.002249
  outer loop
   vertex 0.326884 0.532606 1.363968
   vertex 0.294133 0.551230 1.380146
   vertex 0.311624 0.541412 1.421139
  endloop
 endfacet
 facet normal 0.450013 0.892756 0.021806
  outer loop
   vertex 0.311624 0.541412 1.421139
   vertex 0.294133 0.551230 1.380146
   vertex 0.249240 0.573010 1.414917
  endloop
 endfacet
 facet normal 0.441788 0.897080 0.008478
  outer loop
   vertex 0.249240 0.573010 1.414917
   vertex 0.294133 0.551230 1.380146
   vertex 0.265921 0.565295 1.362019
  endloop
 endfacet
 facet normal 0.449000 0.893515 -0.005513
  outer loop
   vertex 0.294133 0.551230 1.380146
   vertex 0.298679 0.548639 1.330449
   vertex 0.265921 0.565295 1.362019
  endloop
 endfacet
 facet normal 0.454364 0.890815 0.001478
  outer loop
   vertex 0.265921 0.565295 1.362019
   vertex 0.298679 0.548639 1.330449
   vertex 0.267625 0.564515 1.308282
  endloop
 endfacet
 facet normal 0.452637 0.891684 0.004520
  outer loop
   vertex 0.298679 0.548639 1.330449
   vertex 0.298789 0.548859 1.276032
   vertex 0.267625 0.564515 1.308282
  endloop
 endfacet
 facet normal 0.449445 0.893308 0.000648
  outer loop
   vertex 0.267625 0.564515 1.308282
   vertex 0.298789 0.548859 1.276032
   vertex 0.267758 0.564488 1.253250
  endloop
 endfacet
 facet normal 0.449139 0.893461 0.001171
  outer loop
   vertex 0.298789 0.548859 1.276032
   vertex 0.299488 0.548579 1.221575
   vertex 0.267758 0.564488 1.253250
  endloop
 endfacet
 facet normal 0.451640 0.892190 0.004314
  outer loop
   vertex 0.267758 0.564488 1.253250
   vertex 0.299488 0.548579 1.221575
   vertex 0.267924 0.564667 1.198858
  endloop
 endfacet
 facet normal 0.454110 0.890945 -0.000000
  outer loop
   vertex 0.299488 0.548579 1.221575
   vertex 0.299488 0.548579 1.166966
   vertex 0.267924 0.564667 1.198858
  endloop
 endfacet
 facet normal 0.454110 0.890945 0.000000
  outer loop
   vertex 0.267924 0.564667 1.198858
   vertex 0.299488 0.548579 1.166966
   vertex 0.267924 0.564667 1.144250
  endloop
 endfacet
 facet normal 0.454110 0.890945 -0.000000
  outer loop
   vertex 0.299488 0.548579 1.166966
   vertex 0.299488 0.548579 1.112358
   vertex 0.267924 0.564667 1.144250
  endloop
 endfacet
 facet normal 0.454110 0.890945 0.000000
  outer loop
   vertex 0.267924 0.564667 1.144250
   vertex 0.299488 0.548579 1.112358
   vertex 0.267924 0.564667 1.089641
  endloop
 endfacet
 facet normal 0.454110 0.890945 -0.000000
  outer loop
   vertex 0.299488 0.548579 1.112358
   vertex 0.299488 0.548579 1.057750
   vertex 0.267924 0.564667 1.089641
  endloop
 endfacet
 facet normal 0.454110 0.890945 0.000000
  outer loop
   vertex 0.267924 0.564667 1.089641
   vertex 0.299488 0.548579 1.057750
   vertex 0.267924 0.564667 1.035032
  endloop
 endfacet
 facet normal 0.454110 0.890945 -0.000000
  outer loop
   vertex 0.299488 0.548579 1.057750
   vertex 0.299488 0.548579 1.003141
   vertex 0.267924 0.564667 1.035032
  endloop
 endfacet
 facet normal 0.454110 0.890945 0.000000
  outer loop
   vertex 0.267924 0.564667 1.035032
   vertex 0.299488 0.548579 1.003141
   vertex 0.267924 0.564667 0.980424
  endloop
 endfacet
 facet normal 0.454110 0.890945 -0.000000
  outer loop
   vertex 0.299488 0.548579 1.003141
   vertex 0.299488 0.548579 0.948533
   vertex 0.267924 0.564667 0.980424
  endloop
 endfacet
 facet normal 0.454110 0.890945 0.000000
  outer loop
   vertex 0.267924 0.564667 0.980424
   vertex 0.299488 0.548579 0.948533
   vertex 0.267924 0.564667 0.925816
  endloop
 endfacet
 facet normal 0.454110 0.890945 -0.000000
  outer loop
   vertex 0.299488 0.548579 0.948533
   vertex 0.299488 0.548579 0.893924
   vertex 0.267924 0.564667 0.925816
  endloop
 endfacet
 facet normal 0.454110 0.890945 0.000000
  outer loop
   vertex 0.267924 0.564667 0.925816
   vertex 0.299488 0.548579 0.893924
   vertex 0.267924 0.564667 0.871207
  endloop
 endfacet
 facet normal 0.454110 0.890945 -0.000000
  outer loop
   vertex 0.299488 0.548579 0.893924
   vertex 0.299488 0.548579 0.839315
   vertex 0.267924 0.564667 0.871207
  endloop
 endfacet
 facet normal 0.454110 0.890945 0.000000
  outer loop
   vertex 0.267924 0.564667 0.871207
   vertex 0.299488 0.548579 0.839315
   vertex 0.267924 0.564667 0.816599
  endloop
 endfacet
 facet normal 0.454110 0.890945 -0.000000
  outer loop
   vertex 0.299488 0.548579 0.839315
   vertex 0.299488 0.548579 0.784707
   vertex 0.267924 0.564667 0.816599
  endloop
 endfacet
 facet normal 0.454110 0.890945 0.000000
  outer loop
   vertex 0.267924 0.564667 0.816599
   vertex 0.299488 0.548579 0.784707
   vertex 0.267924 0.564667 0.761991
  endloop
 endfacet
 facet normal 0.454110 0.890945 -0.000000
  outer loop
   vertex 0.299488 0.548579 0.784707
   vertex 0.299488 0.548579 0.730099
   vertex 0.267924 0.564667 0.761991
  endloop
 endfacet
 facet normal 0.454110 0.890945 0.000000
  outer loop
   vertex 0.267924 0.564667 0.761991
   vertex 0.299488 0.548579 0.730099
   vertex 0.267924 0.564667 0.707381
  endloop
 endfacet
 facet normal 0.454110 0.890945 -0.000000
  outer loop
   vertex 0.299488 0.548579 0.730099
   vertex 0.299488 0.548579 0.675490
   vertex 0.267924 0.564667 0.707381
  endloop
 endfacet
 facet normal 0.454110 0.890945 0.000000
  outer loop
   vertex 0.267924 0.564667 0.707381
   vertex 0.299488 0.548579 0.675490
   vertex 0.267924 0.564667 0.652773
  endloop
 endfacet
 facet normal 0.454110 0.890945 -0.000000
  outer loop
   vertex 0.299488 0.548579 0.675490
   vertex 0.299488 0.548579 0.620882
   vertex 0.267924 0.564667 0.652773
  endloop
 endfacet
 facet normal 0.454110 0.890945 0.000000
  outer loop
   vertex 0.267924 0.564667 0.652773
   vertex 0.299488 0.548579 0.620882
   vertex 0.267924 0.564667 0.598165
  endloop
 endfacet
 facet normal 0.454110 0.890945 -0.000000
  outer loop
   vertex 0.299488 0.548579 0.620882
   vertex 0.299488 0.548579 0.566274
   vertex 0.267924 0.564667 0.598165
  endloop
 endfacet
 facet normal 0.454110 0.890945 0.000000
  outer loop
   vertex 0.267924 0.564667 0.598165
   vertex 0.299488 0.548579 0.566274
   vertex 0.267924 0.564667 0.543556
  endloop
 endfacet
 facet normal 0.454110 0.890945 -0.000000
  outer loop
   vertex 0.299488 0.548579 0.566274
   vertex 0.299488 0.548579 0.511665
   vertex 0.267924 0.564667 0.543556
  endloop
 endfacet
 facet normal 0.454110 0.890945 0.000000
  outer loop
   vertex 0.267924 0.564667 0.543556
   vertex 0.299488 0.548579 0.511665
   vertex 0.267924 0.564667 0.488948
  endloop
 endfacet
 facet normal 0.454110 0.890945 -0.000000
  outer loop
   vertex 0.299488 0.548579 0.511665
   vertex 0.299488 0.548579 0.457056
   vertex 0.267924 0.564667 0.488948
  endloop
 endfacet
 facet normal 0.454110 0.890945 0.000000
  outer loop
   vertex 0.267924 0.564667 0.488948
   vertex 0.299488 0.548579 0.457056
   vertex 0.267924 0.564667 0.434340
  endloop
 endfacet
 facet normal 0.454110 0.890945 -0.000000
  outer loop
   vertex 0.299488 0.548579 0.457056
   vertex 0.299488 0.548579 0.402448
   vertex 0.267924 0.564667 0.434340
  endloop
 endfacet
 facet normal 0.454110 0.890945 0.000000
  outer loop
   vertex 0.267924 0.564667 0.434340
   vertex 0.299488 0.548579 0.402448
   vertex 0.267924 0.564667 0.379731
  endloop
 endfacet
 facet normal 0.454110 0.890945 -0.000000
  outer loop
   vertex 0.299488 0.548579 0.402448
   vertex 0.299488 0.548579 0.347839
   vertex 0.267924 0.564667 0.379731
  endloop
 endfacet
 facet normal 0.454110 0.890945 0.000000
  outer loop
   vertex 0.267924 0.564667 0.379731
   vertex 0.299488 0.548579 0.347839
   vertex 0.267924 0.564667 0.325123
  endloop
 endfacet
 facet normal 0.454115 0.890943 -0.000008
  outer loop
   vertex 0.299488 0.548579 0.347839
   vertex 0.299485 0.548580 0.293226
   vertex 0.267924 0.564667 0.325123
  endloop
 endfacet
 facet normal 0.637858 0.576943 0.510171
  outer loop
   vertex 0.389673 0.488531 1.367083
   vertex 0.356171 0.513484 1.380751
   vertex 0.360289 0.462158 1.433646
  endloop
 endfacet
 facet normal 0.498015 0.867158 -0.004278
  outer loop
   vertex 0.329373 0.530908 1.309524
   vertex 0.298679 0.548639 1.330449
   vertex 0.326884 0.532606 1.363968
  endloop
 endfacet
 facet normal 0.494280 0.869303 -0.000108
  outer loop
   vertex 0.326884 0.532606 1.363968
   vertex 0.298679 0.548639 1.330449
   vertex 0.294133 0.551230 1.380146
  endloop
 endfacet
 facet normal 0.597133 0.802129 0.004606
  outer loop
   vertex 0.386590 0.491156 1.309630
   vertex 0.359802 0.510976 1.330857
   vertex 0.389673 0.488531 1.367083
  endloop
 endfacet
 facet normal 0.598189 0.801349 0.003252
  outer loop
   vertex 0.389673 0.488531 1.367083
   vertex 0.359802 0.510976 1.330857
   vertex 0.356171 0.513484 1.380751
  endloop
 endfacet
 facet normal 0.505987 0.862541 0.000250
  outer loop
   vertex 0.329516 0.530840 1.254755
   vertex 0.298789 0.548859 1.276032
   vertex 0.329373 0.530908 1.309524
  endloop
 endfacet
 facet normal 0.502507 0.864562 0.004511
  outer loop
   vertex 0.329373 0.530908 1.309524
   vertex 0.298789 0.548859 1.276032
   vertex 0.298679 0.548639 1.330449
  endloop
 endfacet
 facet normal 0.588335 0.808617 0.000149
  outer loop
   vertex 0.386318 0.491364 1.254882
   vertex 0.359785 0.510665 1.276242
   vertex 0.386590 0.491156 1.309630
  endloop
 endfacet
 facet normal 0.592329 0.805682 -0.004773
  outer loop
   vertex 0.386590 0.491156 1.309630
   vertex 0.359785 0.510665 1.276242
   vertex 0.359802 0.510976 1.330857
  endloop
 endfacet
 facet normal 0.504848 0.863196 0.004601
  outer loop
   vertex 0.329406 0.531195 1.200223
   vertex 0.299488 0.548579 1.221575
   vertex 0.329516 0.530840 1.254755
  endloop
 endfacet
 facet normal 0.506926 0.861987 0.002075
  outer loop
   vertex 0.329516 0.530840 1.254755
   vertex 0.299488 0.548579 1.221575
   vertex 0.298789 0.548859 1.276032
  endloop
 endfacet
 facet normal 0.595240 0.803547 0.000612
  outer loop
   vertex 0.386335 0.491393 1.200277
   vertex 0.359966 0.510910 1.221629
   vertex 0.386318 0.491364 1.254882
  endloop
 endfacet
 facet normal 0.591180 0.806520 0.005577
  outer loop
   vertex 0.386318 0.491364 1.254882
   vertex 0.359966 0.510910 1.221629
   vertex 0.359785 0.510665 1.276242
  endloop
 endfacet
 facet normal 0.502400 0.864635 0.000000
  outer loop
   vertex 0.329406 0.531195 1.145615
   vertex 0.299488 0.548579 1.166966
   vertex 0.329406 0.531195 1.200223
  endloop
 endfacet
 facet normal 0.502400 0.864635 0.000000
  outer loop
   vertex 0.329406 0.531195 1.200223
   vertex 0.299488 0.548579 1.166966
   vertex 0.299488 0.548579 1.221575
  endloop
 endfacet
 facet normal 0.594911 0.803791 0.000011
  outer loop
   vertex 0.386336 0.491393 1.145669
   vertex 0.359966 0.510910 1.167021
   vertex 0.386335 0.491393 1.200277
  endloop
 endfacet
 facet normal 0.594920 0.803785 0.000000
  outer loop
   vertex 0.386335 0.491393 1.200277
   vertex 0.359966 0.510910 1.167021
   vertex 0.359966 0.510910 1.221629
  endloop
 endfacet
 facet normal 0.502400 0.864635 0.000000
  outer loop
   vertex 0.329406 0.531195 1.091006
   vertex 0.299488 0.548579 1.112358
   vertex 0.329406 0.531195 1.145615
  endloop
 endfacet
 facet normal 0.502400 0.864635 0.000000
  outer loop
   vertex 0.329406 0.531195 1.145615
   vertex 0.299488 0.548579 1.112358
   vertex 0.299488 0.548579 1.166966
  endloop
 endfacet
 facet normal 0.594906 0.803796 0.000000
  outer loop
   vertex 0.386336 0.491393 1.091061
   vertex 0.359966 0.510910 1.112412
   vertex 0.386336 0.491393 1.145669
  endloop
 endfacet
 facet normal 0.594906 0.803796 0.000000
  outer loop
   vertex 0.386336 0.491393 1.145669
   vertex 0.359966 0.510910 1.112412
   vertex 0.359966 0.510910 1.167021
  endloop
 endfacet
 facet normal 0.502400 0.864635 0.000000
  outer loop
   vertex 0.329406 0.531195 1.036398
   vertex 0.299488 0.548579 1.057750
   vertex 0.329406 0.531195 1.091006
  endloop
 endfacet
 facet normal 0.502400 0.864635 0.000000
  outer loop
   vertex 0.329406 0.531195 1.091006
   vertex 0.299488 0.548579 1.057750
   vertex 0.299488 0.548579 1.112358
  endloop
 endfacet
 facet normal 0.594906 0.803796 0.000000
  outer loop
   vertex 0.386336 0.491393 1.036452
   vertex 0.359966 0.510910 1.057804
   vertex 0.386336 0.491393 1.091061
  endloop
 endfacet
 facet normal 0.594906 0.803796 0.000000
  outer loop
   vertex 0.386336 0.491393 1.091061
   vertex 0.359966 0.510910 1.057804
   vertex 0.359966 0.510910 1.112412
  endloop
 endfacet
 facet normal 0.502400 0.864635 0.000000
  outer loop
   vertex 0.329406 0.531195 0.981790
   vertex 0.299488 0.548579 1.003141
   vertex 0.329406 0.531195 1.036398
  endloop
 endfacet
 facet normal 0.502400 0.864635 0.000000
  outer loop
   vertex 0.329406 0.531195 1.036398
   vertex 0.299488 0.548579 1.003141
   vertex 0.299488 0.548579 1.057750
  endloop
 endfacet
 facet normal 0.594906 0.803796 0.000000
  outer loop
   vertex 0.386336 0.491393 0.981844
   vertex 0.359966 0.510910 1.003196
   vertex 0.386336 0.491393 1.036452
  endloop
 endfacet
 facet normal 0.594906 0.803796 0.000000
  outer loop
   vertex 0.386336 0.491393 1.036452
   vertex 0.359966 0.510910 1.003196
   vertex 0.359966 0.510910 1.057804
  endloop
 endfacet
 facet normal 0.502400 0.864635 0.000000
  outer loop
   vertex 0.329406 0.531195 0.927180
   vertex 0.299488 0.548579 0.948533
   vertex 0.329406 0.531195 0.981790
  endloop
 endfacet
 facet normal 0.502400 0.864635 0.000000
  outer loop
   vertex 0.329406 0.531195 0.981790
   vertex 0.299488 0.548579 0.948533
   vertex 0.299488 0.548579 1.003141
  endloop
 endfacet
 facet normal 0.594906 0.803796 0.000000
  outer loop
   vertex 0.386336 0.491393 0.927236
   vertex 0.359966 0.510910 0.948587
   vertex 0.386336 0.491393 0.981844
  endloop
 endfacet
 facet normal 0.594906 0.803796 0.000000
  outer loop
   vertex 0.386336 0.491393 0.981844
   vertex 0.359966 0.510910 0.948587
   vertex 0.359966 0.510910 1.003196
  endloop
 endfacet
 facet normal 0.502400 0.864635 0.000000
  outer loop
   vertex 0.329406 0.531195 0.872572
   vertex 0.299488 0.548579 0.893924
   vertex 0.329406 0.531195 0.927180
  endloop
 endfacet
 facet normal 0.502400 0.864635 0.000000
  outer loop
   vertex 0.329406 0.531195 0.927180
   vertex 0.299488 0.548579 0.893924
   vertex 0.299488 0.548579 0.948533
  endloop
 endfacet
 facet normal 0.594906 0.803796 0.000000
  outer loop
   vertex 0.386336 0.491393 0.872626
   vertex 0.359966 0.510910 0.893979
   vertex 0.386336 0.491393 0.927236
  endloop
 endfacet
 facet normal 0.594906 0.803796 0.000000
  outer loop
   vertex 0.386336 0.491393 0.927236
   vertex 0.359966 0.510910 0.893979
   vertex 0.359966 0.510910 0.948587
  endloop
 endfacet
 facet normal 0.502400 0.864635 0.000000
  outer loop
   vertex 0.329406 0.531195 0.817964
   vertex 0.299488 0.548579 0.839315
   vertex 0.329406 0.531195 0.872572
  endloop
 endfacet
 facet normal 0.502400 0.864635 0.000000
  outer loop
   vertex 0.329406 0.531195 0.872572
   vertex 0.299488 0.548579 0.839315
   vertex 0.299488 0.548579 0.893924
  endloop
 endfacet
 facet normal 0.594906 0.803796 0.000000
  outer loop
   vertex 0.386336 0.491393 0.818018
   vertex 0.359966 0.510910 0.839370
   vertex 0.386336 0.491393 0.872626
  endloop
 endfacet
 facet normal 0.594906 0.803796 0.000000
  outer loop
   vertex 0.386336 0.491393 0.872626
   vertex 0.359966 0.510910 0.839370
   vertex 0.359966 0.510910 0.893979
  endloop
 endfacet
 facet normal 0.502400 0.864635 0.000000
  outer loop
   vertex 0.329406 0.531195 0.763355
   vertex 0.299488 0.548579 0.784707
   vertex 0.329406 0.531195 0.817964
  endloop
 endfacet
 facet normal 0.502400 0.864635 0.000000
  outer loop
   vertex 0.329406 0.531195 0.817964
   vertex 0.299488 0.548579 0.784707
   vertex 0.299488 0.548579 0.839315
  endloop
 endfacet
 facet normal 0.594906 0.803796 0.000000
  outer loop
   vertex 0.386336 0.491393 0.763410
   vertex 0.359966 0.510910 0.784761
   vertex 0.386336 0.491393 0.818018
  endloop
 endfacet
 facet normal 0.594906 0.803796 0.000000
  outer loop
   vertex 0.386336 0.491393 0.818018
   vertex 0.359966 0.510910 0.784761
   vertex 0.359966 0.510910 0.839370
  endloop
 endfacet
 facet normal 0.502400 0.864635 0.000000
  outer loop
   vertex 0.329406 0.531195 0.708747
   vertex 0.299488 0.548579 0.730099
   vertex 0.329406 0.531195 0.763355
  endloop
 endfacet
 facet normal 0.502400 0.864635 0.000000
  outer loop
   vertex 0.329406 0.531195 0.763355
   vertex 0.299488 0.548579 0.730099
   vertex 0.299488 0.548579 0.784707
  endloop
 endfacet
 facet normal 0.594906 0.803796 0.000000
  outer loop
   vertex 0.386336 0.491393 0.708801
   vertex 0.359966 0.510910 0.730153
   vertex 0.386336 0.491393 0.763410
  endloop
 endfacet
 facet normal 0.594906 0.803796 0.000000
  outer loop
   vertex 0.386336 0.491393 0.763410
   vertex 0.359966 0.510910 0.730153
   vertex 0.359966 0.510910 0.784761
  endloop
 endfacet
 facet normal 0.502400 0.864635 0.000000
  outer loop
   vertex 0.329406 0.531195 0.654139
   vertex 0.299488 0.548579 0.675490
   vertex 0.329406 0.531195 0.708747
  endloop
 endfacet
 facet normal 0.502400 0.864635 0.000000
  outer loop
   vertex 0.329406 0.531195 0.708747
   vertex 0.299488 0.548579 0.675490
   vertex 0.299488 0.548579 0.730099
  endloop
 endfacet
 facet normal 0.594906 0.803796 0.000000
  outer loop
   vertex 0.386336 0.491393 0.654193
   vertex 0.359966 0.510910 0.675545
   vertex 0.386336 0.491393 0.708801
  endloop
 endfacet
 facet normal 0.594906 0.803796 0.000000
  outer loop
   vertex 0.386336 0.491393 0.708801
   vertex 0.359966 0.510910 0.675545
   vertex 0.359966 0.510910 0.730153
  endloop
 endfacet
 facet normal 0.502400 0.864635 0.000000
  outer loop
   vertex 0.329406 0.531195 0.599530
   vertex 0.299488 0.548579 0.620882
   vertex 0.329406 0.531195 0.654139
  endloop
 endfacet
 facet normal 0.502400 0.864635 0.000000
  outer loop
   vertex 0.329406 0.531195 0.654139
   vertex 0.299488 0.548579 0.620882
   vertex 0.299488 0.548579 0.675490
  endloop
 endfacet
 facet normal 0.594906 0.803796 0.000000
  outer loop
   vertex 0.386336 0.491393 0.599585
   vertex 0.359966 0.510910 0.620936
   vertex 0.386336 0.491393 0.654193
  endloop
 endfacet
 facet normal 0.594906 0.803796 0.000000
  outer loop
   vertex 0.386336 0.491393 0.654193
   vertex 0.359966 0.510910 0.620936
   vertex 0.359966 0.510910 0.675545
  endloop
 endfacet
 facet normal 0.502400 0.864635 0.000000
  outer loop
   vertex 0.329406 0.531195 0.544922
   vertex 0.299488 0.548579 0.566274
   vertex 0.329406 0.531195 0.599530
  endloop
 endfacet
 facet normal 0.502400 0.864635 0.000000
  outer loop
   vertex 0.329406 0.531195 0.599530
   vertex 0.299488 0.548579 0.566274
   vertex 0.299488 0.548579 0.620882
  endloop
 endfacet
 facet normal 0.594906 0.803796 0.000000
  outer loop
   vertex 0.386336 0.491393 0.544976
   vertex 0.359966 0.510910 0.566328
   vertex 0.386336 0.491393 0.599585
  endloop
 endfacet
 facet normal 0.594906 0.803796 0.000000
  outer loop
   vertex 0.386336 0.491393 0.599585
   vertex 0.359966 0.510910 0.566328
   vertex 0.359966 0.510910 0.620936
  endloop
 endfacet
 facet normal 0.502400 0.864635 0.000000
  outer loop
   vertex 0.329406 0.531195 0.490313
   vertex 0.299488 0.548579 0.511665
   vertex 0.329406 0.531195 0.544922
  endloop
 endfacet
 facet normal 0.502400 0.864635 0.000000
  outer loop
   vertex 0.329406 0.531195 0.544922
   vertex 0.299488 0.548579 0.511665
   vertex 0.299488 0.548579 0.566274
  endloop
 endfacet
 facet normal 0.594906 0.803796 0.000000
  outer loop
   vertex 0.386336 0.491393 0.490368
   vertex 0.359966 0.510910 0.511720
   vertex 0.386336 0.491393 0.544976
  endloop
 endfacet
 facet normal 0.594906 0.803796 0.000000
  outer loop
   vertex 0.386336 0.491393 0.544976
   vertex 0.359966 0.510910 0.511720
   vertex 0.359966 0.510910 0.566328
  endloop
 endfacet
 facet normal 0.502400 0.864635 0.000000
  outer loop
   vertex 0.329406 0.531195 0.435704
   vertex 0.299488 0.548579 0.457056
   vertex 0.329406 0.531195 0.490313
  endloop
 endfacet
 facet normal 0.502400 0.864635 0.000000
  outer loop
   vertex 0.329406 0.531195 0.490313
   vertex 0.299488 0.548579 0.457056
   vertex 0.299488 0.548579 0.511665
  endloop
 endfacet
 facet normal 0.594906 0.803796 0.000000
  outer loop
   vertex 0.386336 0.491393 0.435759
   vertex 0.359966 0.510910 0.457111
   vertex 0.386336 0.491393 0.490368
  endloop
 endfacet
 facet normal 0.594906 0.803796 0.000000
  outer loop
   vertex 0.386336 0.491393 0.490368
   vertex 0.359966 0.510910 0.457111
   vertex 0.359966 0.510910 0.511720
  endloop
 endfacet
 facet normal 0.502400 0.864635 0.000000
  outer loop
   vertex 0.329406 0.531195 0.381096
   vertex 0.299488 0.548579 0.402448
   vertex 0.329406 0.531195 0.435704
  endloop
 endfacet
 facet normal 0.502400 0.864635 0.000000
  outer loop
   vertex 0.329406 0.531195 0.435704
   vertex 0.299488 0.548579 0.402448
   vertex 0.299488 0.548579 0.457056
  endloop
 endfacet
 facet normal 0.594906 0.803796 0.000000
  outer loop
   vertex 0.386336 0.491393 0.381150
   vertex 0.359966 0.510910 0.402503
   vertex 0.386336 0.491393 0.435759
  endloop
 endfacet
 facet normal 0.594906 0.803796 0.000000
  outer loop
   vertex 0.386336 0.491393 0.435759
   vertex 0.359966 0.510910 0.402503
   vertex 0.359966 0.510910 0.457111
  endloop
 endfacet
 facet normal 0.502400 0.864635 0.000000
  outer loop
   vertex 0.329406 0.531195 0.326488
   vertex 0.299488 0.548579 0.347839
   vertex 0.329406 0.531195 0.381096
  endloop
 endfacet
 facet normal 0.502400 0.864635 0.000000
  outer loop
   vertex 0.329406 0.531195 0.381096
   vertex 0.299488 0.548579 0.347839
   vertex 0.299488 0.548579 0.402448
  endloop
 endfacet
 facet normal 0.594906 0.803796 0.000000
  outer loop
   vertex 0.386336 0.491393 0.326542
   vertex 0.359966 0.510910 0.347894
   vertex 0.386336 0.491393 0.381150
  endloop
 endfacet
 facet normal 0.594906 0.803796 0.000000
  outer loop
   vertex 0.386336 0.491393 0.381150
   vertex 0.359966 0.510910 0.347894
   vertex 0.359966 0.510910 0.402503
  endloop
 endfacet
 facet normal 0.502376 0.864649 0.000010
  outer loop
   vertex 0.329395 0.531202 0.271868
   vertex 0.299485 0.548580 0.293226
   vertex 0.329406 0.531195 0.326488
  endloop
 endfacet
 facet normal 0.502394 0.864639 -0.000012
  outer loop
   vertex 0.329406 0.531195 0.326488
   vertex 0.299485 0.548580 0.293226
   vertex 0.299488 0.548579 0.347839
  endloop
 endfacet
 facet normal 0.594906 0.803796 -0.000011
  outer loop
   vertex 0.386335 0.491393 0.271918
   vertex 0.359964 0.510911 0.293281
   vertex 0.386336 0.491393 0.326542
  endloop
 endfacet
 facet normal 0.594902 0.803798 -0.000007
  outer loop
   vertex 0.386336 0.491393 0.326542
   vertex 0.359964 0.510911 0.293281
   vertex 0.359966 0.510910 0.347894
  endloop
 endfacet
 facet normal 0.244981 0.360369 -0.900066
  outer loop
   vertex 0.247628 0.426387 0.084030
   vertex 0.305962 0.430060 0.101378
   vertex 0.301176 0.371300 0.076549
  endloop
 endfacet
 facet normal 0.338655 0.303960 -0.890461
  outer loop
   vertex 0.344478 0.320810 0.072830
   vertex 0.362980 0.370792 0.096928
   vertex 0.379994 0.312173 0.083389
  endloop
 endfacet
 facet normal 0.334303 0.303141 -0.892383
  outer loop
   vertex 0.379994 0.312173 0.083389
   vertex 0.362980 0.370792 0.096928
   vertex 0.405040 0.325627 0.097342
  endloop
 endfacet
 facet normal 0.366293 0.268545 -0.890906
  outer loop
   vertex 0.412902 0.268939 0.083887
   vertex 0.362689 0.274260 0.064846
   vertex 0.379994 0.312173 0.083389
  endloop
 endfacet
 facet normal 0.336242 0.285471 -0.897467
  outer loop
   vertex 0.379994 0.312173 0.083389
   vertex 0.362689 0.274260 0.064846
   vertex 0.344478 0.320810 0.072830
  endloop
 endfacet
 facet normal 0.390824 0.225164 -0.892501
  outer loop
   vertex 0.410555 0.213009 0.068749
   vertex 0.364291 0.218110 0.049777
   vertex 0.412902 0.268939 0.083887
  endloop
 endfacet
 facet normal 0.366358 0.250914 -0.896004
  outer loop
   vertex 0.412902 0.268939 0.083887
   vertex 0.364291 0.218110 0.049777
   vertex 0.362689 0.274260 0.064846
  endloop
 endfacet
 facet normal 0.331246 0.281593 -0.900545
  outer loop
   vertex 0.284782 0.224695 0.019711
   vertex 0.312638 0.274123 0.045413
   vertex 0.300792 0.207413 0.020196
  endloop
 endfacet
 facet normal 0.331202 0.281622 -0.900552
  outer loop
   vertex 0.282412 0.227252 0.019639
   vertex 0.312638 0.274123 0.045413
   vertex 0.284782 0.224695 0.019711
  endloop
 endfacet
 facet normal 0.331238 0.281596 -0.900547
  outer loop
   vertex 0.249544 0.262729 0.018643
   vertex 0.312638 0.274123 0.045413
   vertex 0.282412 0.227252 0.019639
  endloop
 endfacet
 facet normal 0.403083 0.202753 -0.892421
  outer loop
   vertex 0.349338 0.151664 0.027927
   vertex 0.364291 0.218110 0.049777
   vertex 0.408558 0.167936 0.058372
  endloop
 endfacet
 facet normal 0.390369 0.190097 -0.900819
  outer loop
   vertex 0.408558 0.167936 0.058372
   vertex 0.364291 0.218110 0.049777
   vertex 0.410555 0.213009 0.068749
  endloop
 endfacet
 facet normal 0.436563 0.112787 -0.892576
  outer loop
   vertex 0.453258 0.094565 0.069015
   vertex 0.398303 0.105595 0.043530
   vertex 0.469165 0.151005 0.083927
  endloop
 endfacet
 facet normal 0.418473 0.144632 -0.896639
  outer loop
   vertex 0.469165 0.151005 0.083927
   vertex 0.398303 0.105595 0.043530
   vertex 0.408558 0.167936 0.058372
  endloop
 endfacet
 facet normal 0.443609 0.069201 -0.893545
  outer loop
   vertex 0.460623 0.048321 0.069090
   vertex 0.403235 0.047944 0.040570
   vertex 0.453258 0.094565 0.069015
  endloop
 endfacet
 facet normal 0.432932 0.083122 -0.897586
  outer loop
   vertex 0.453258 0.094565 0.069015
   vertex 0.403235 0.047944 0.040570
   vertex 0.398303 0.105595 0.043530
  endloop
 endfacet
 facet normal 0.447195 0.020793 -0.894195
  outer loop
   vertex 0.461692 -0.005246 0.068379
   vertex 0.404298 -0.005193 0.039677
   vertex 0.460623 0.048321 0.069090
  endloop
 endfacet
 facet normal 0.444786 0.023944 -0.895317
  outer loop
   vertex 0.460623 0.048321 0.069090
   vertex 0.404298 -0.005193 0.039677
   vertex 0.403235 0.047944 0.040570
  endloop
 endfacet
 facet normal 0.434809 -0.083370 -0.896655
  outer loop
   vertex 0.461265 -0.114924 0.075231
   vertex 0.403454 -0.112535 0.046975
   vertex 0.461244 -0.059397 0.070058
  endloop
 endfacet
 facet normal 0.441461 -0.092405 -0.892510
  outer loop
   vertex 0.461244 -0.059397 0.070058
   vertex 0.403454 -0.112535 0.046975
   vertex 0.403676 -0.058593 0.041500
  endloop
 endfacet
 facet normal 0.391592 -0.195136 -0.899210
  outer loop
   vertex 0.409411 -0.226253 0.071423
   vertex 0.358127 -0.220914 0.047931
   vertex 0.409467 -0.168788 0.058977
  endloop
 endfacet
 facet normal 0.418649 -0.131434 -0.898587
  outer loop
   vertex 0.461025 -0.168701 0.082985
   vertex 0.409467 -0.168788 0.058977
   vertex 0.461265 -0.114924 0.075231
  endloop
 endfacet
 facet normal 0.429710 -0.144248 -0.891371
  outer loop
   vertex 0.461265 -0.114924 0.075231
   vertex 0.409467 -0.168788 0.058977
   vertex 0.403454 -0.112535 0.046975
  endloop
 endfacet
 facet normal 0.365798 -0.235603 -0.900379
  outer loop
   vertex 0.409084 -0.277072 0.084588
   vertex 0.357260 -0.274961 0.062981
   vertex 0.409411 -0.226253 0.071423
  endloop
 endfacet
 facet normal 0.380881 -0.253701 -0.889138
  outer loop
   vertex 0.409411 -0.226253 0.071423
   vertex 0.357260 -0.274961 0.062981
   vertex 0.358127 -0.220914 0.047931
  endloop
 endfacet
 facet normal 0.359083 -0.284110 -0.889011
  outer loop
   vertex 0.360398 -0.327491 0.081036
   vertex 0.357260 -0.274961 0.062981
   vertex 0.409084 -0.277072 0.084588
  endloop
 endfacet
 facet normal 0.525485 -0.850803 0.000022
  outer loop
   vertex 0.302081 -0.546970 0.337153
   vertex 0.302093 -0.546964 0.282538
   vertex 0.353265 -0.515357 0.335771
  endloop
 endfacet
 facet normal 0.525502 -0.850793 -0.000032
  outer loop
   vertex 0.302107 -0.546956 0.391782
   vertex 0.302081 -0.546970 0.337153
   vertex 0.353266 -0.515357 0.390379
  endloop
 endfacet
 facet normal 0.525485 -0.850803 -0.000010
  outer loop
   vertex 0.353266 -0.515357 0.390379
   vertex 0.302081 -0.546970 0.337153
   vertex 0.353265 -0.515357 0.335771
  endloop
 endfacet
 facet normal 0.525535 -0.850772 -0.000027
  outer loop
   vertex 0.302126 -0.546946 0.446404
   vertex 0.302107 -0.546956 0.391782
   vertex 0.353266 -0.515356 0.444988
  endloop
 endfacet
 facet normal 0.525503 -0.850792 0.000016
  outer loop
   vertex 0.353266 -0.515356 0.444988
   vertex 0.302107 -0.546956 0.391782
   vertex 0.353266 -0.515357 0.390379
  endloop
 endfacet
 facet normal 0.525542 -0.850767 -0.000010
  outer loop
   vertex 0.302127 -0.546946 0.501011
   vertex 0.302126 -0.546946 0.446404
   vertex 0.353266 -0.515356 0.499597
  endloop
 endfacet
 facet normal 0.525535 -0.850772 0.000000
  outer loop
   vertex 0.353266 -0.515356 0.499597
   vertex 0.302126 -0.546946 0.446404
   vertex 0.353266 -0.515356 0.444988
  endloop
 endfacet
 facet normal 0.525514 -0.850785 0.000022
  outer loop
   vertex 0.302115 -0.546952 0.555600
   vertex 0.302127 -0.546946 0.501011
   vertex 0.353266 -0.515357 0.554205
  endloop
 endfacet
 facet normal 0.525542 -0.850767 -0.000016
  outer loop
   vertex 0.353266 -0.515357 0.554205
   vertex 0.302127 -0.546946 0.501011
   vertex 0.353266 -0.515356 0.499597
  endloop
 endfacet
 facet normal 0.525498 -0.850795 0.000031
  outer loop
   vertex 0.302094 -0.546963 0.610187
   vertex 0.302115 -0.546952 0.555600
   vertex 0.353265 -0.515357 0.608813
  endloop
 endfacet
 facet normal 0.525514 -0.850785 0.000010
  outer loop
   vertex 0.353265 -0.515357 0.608813
   vertex 0.302115 -0.546952 0.555600
   vertex 0.353266 -0.515357 0.554205
  endloop
 endfacet
 facet normal 0.525478 -0.850807 0.000025
  outer loop
   vertex 0.302080 -0.546970 0.664787
   vertex 0.302094 -0.546963 0.610187
   vertex 0.353265 -0.515357 0.663422
  endloop
 endfacet
 facet normal 0.525497 -0.850795 0.000000
  outer loop
   vertex 0.353265 -0.515357 0.663422
   vertex 0.302094 -0.546963 0.610187
   vertex 0.353265 -0.515357 0.608813
  endloop
 endfacet
 facet normal 0.525486 -0.850802 -0.000011
  outer loop
   vertex 0.302078 -0.546972 0.719396
   vertex 0.302080 -0.546970 0.664787
   vertex 0.353265 -0.515357 0.718030
  endloop
 endfacet
 facet normal 0.525478 -0.850807 0.000000
  outer loop
   vertex 0.353265 -0.515357 0.718030
   vertex 0.302080 -0.546970 0.664787
   vertex 0.353265 -0.515357 0.663422
  endloop
 endfacet
 facet normal 0.525487 -0.850802 0.000000
  outer loop
   vertex 0.302078 -0.546972 0.774004
   vertex 0.302078 -0.546972 0.719396
   vertex 0.353265 -0.515357 0.772638
  endloop
 endfacet
 facet normal 0.525487 -0.850802 0.000000
  outer loop
   vertex 0.353265 -0.515357 0.772638
   vertex 0.302078 -0.546972 0.719396
   vertex 0.353265 -0.515357 0.718030
  endloop
 endfacet
 facet normal 0.439689 -0.898150 0.000000
  outer loop
   vertex 0.247775 -0.573556 0.828667
   vertex 0.247775 -0.573556 0.774058
   vertex 0.302078 -0.546972 0.828612
  endloop
 endfacet
 facet normal 0.439689 -0.898150 0.000000
  outer loop
   vertex 0.302078 -0.546972 0.828612
   vertex 0.247775 -0.573556 0.774058
   vertex 0.302078 -0.546972 0.774004
  endloop
 endfacet
 facet normal 0.525487 -0.850802 0.000000
  outer loop
   vertex 0.302078 -0.546972 0.828612
   vertex 0.302078 -0.546972 0.774004
   vertex 0.353265 -0.515357 0.827248
  endloop
 endfacet
 facet normal 0.525487 -0.850802 0.000000
  outer loop
   vertex 0.353265 -0.515357 0.827248
   vertex 0.302078 -0.546972 0.774004
   vertex 0.353265 -0.515357 0.772638
  endloop
 endfacet
 facet normal 0.439675 -0.898157 0.000017
  outer loop
   vertex 0.247775 -0.573555 0.883275
   vertex 0.247775 -0.573556 0.828667
   vertex 0.302080 -0.546971 0.883225
  endloop
 endfacet
 facet normal 0.439689 -0.898150 -0.000000
  outer loop
   vertex 0.302080 -0.546971 0.883225
   vertex 0.247775 -0.573556 0.828667
   vertex 0.302078 -0.546972 0.828612
  endloop
 endfacet
 facet normal 0.525496 -0.850796 -0.000004
  outer loop
   vertex 0.302080 -0.546971 0.883225
   vertex 0.302078 -0.546972 0.828612
   vertex 0.353269 -0.515354 0.881864
  endloop
 endfacet
 facet normal 0.525487 -0.850802 0.000009
  outer loop
   vertex 0.353269 -0.515354 0.881864
   vertex 0.302078 -0.546972 0.828612
   vertex 0.353265 -0.515357 0.827248
  endloop
 endfacet
 facet normal 0.440902 -0.897555 0.000005
  outer loop
   vertex 0.247754 -0.573565 0.937877
   vertex 0.247775 -0.573555 0.883275
   vertex 0.301829 -0.547002 0.937779
  endloop
 endfacet
 facet normal 0.439676 -0.898155 0.001513
  outer loop
   vertex 0.301829 -0.547002 0.937779
   vertex 0.247775 -0.573555 0.883275
   vertex 0.302080 -0.546971 0.883225
  endloop
 endfacet
 facet normal 0.524158 -0.851619 0.001928
  outer loop
   vertex 0.301829 -0.547002 0.937779
   vertex 0.302080 -0.546971 0.883225
   vertex 0.353261 -0.515349 0.936678
  endloop
 endfacet
 facet normal 0.525500 -0.850794 0.000155
  outer loop
   vertex 0.353261 -0.515349 0.936678
   vertex 0.302080 -0.546971 0.883225
   vertex 0.353269 -0.515354 0.881864
  endloop
 endfacet
 facet normal 0.441368 -0.897326 0.000542
  outer loop
   vertex 0.247510 -0.573652 0.992459
   vertex 0.247754 -0.573565 0.937877
   vertex 0.301167 -0.547260 0.992059
  endloop
 endfacet
 facet normal 0.440903 -0.897554 0.001112
  outer loop
   vertex 0.301167 -0.547260 0.992059
   vertex 0.247754 -0.573565 0.937877
   vertex 0.301829 -0.547002 0.937779
  endloop
 endfacet
 facet normal 0.525524 -0.850775 0.002366
  outer loop
   vertex 0.301167 -0.547260 0.992059
   vertex 0.301829 -0.547002 0.937779
   vertex 0.352353 -0.515646 0.990758
  endloop
 endfacet
 facet normal 0.524188 -0.851592 0.004124
  outer loop
   vertex 0.352353 -0.515646 0.990758
   vertex 0.301829 -0.547002 0.937779
   vertex 0.353261 -0.515349 0.936678
  endloop
 endfacet
 facet normal 0.435450 -0.900207 0.003332
  outer loop
   vertex 0.244568 -0.574877 1.045984
   vertex 0.247510 -0.573652 0.992459
   vertex 0.296119 -0.549943 1.045368
  endloop
 endfacet
 facet normal 0.441342 -0.897333 -0.003370
  outer loop
   vertex 0.296119 -0.549943 1.045368
   vertex 0.247510 -0.573652 0.992459
   vertex 0.301167 -0.547260 0.992059
  endloop
 endfacet
 facet normal 0.513409 -0.858127 0.005428
  outer loop
   vertex 0.296119 -0.549943 1.045368
   vertex 0.301167 -0.547260 0.992059
   vertex 0.346298 -0.519964 1.038624
  endloop
 endfacet
 facet normal 0.525265 -0.850876 -0.010312
  outer loop
   vertex 0.346298 -0.519964 1.038624
   vertex 0.301167 -0.547260 0.992059
   vertex 0.352353 -0.515646 0.990758
  endloop
 endfacet
 facet normal 0.404526 -0.914437 0.012820
  outer loop
   vertex 0.236611 -0.577730 1.093562
   vertex 0.244568 -0.574877 1.045984
   vertex 0.274765 -0.560925 1.088321
  endloop
 endfacet
 facet normal 0.435245 -0.900207 -0.013780
  outer loop
   vertex 0.274765 -0.560925 1.088321
   vertex 0.244568 -0.574877 1.045984
   vertex 0.296119 -0.549943 1.045368
  endloop
 endfacet
 facet normal -0.063252 -0.790057 0.609761
  outer loop
   vertex 0.365254 -0.506921 1.057490
   vertex 0.315919 -0.491544 1.072296
   vertex 0.346298 -0.519964 1.038624
  endloop
 endfacet
 facet normal 0.397993 -0.491978 0.774312
  outer loop
   vertex 0.346298 -0.519964 1.038624
   vertex 0.315919 -0.491544 1.072296
   vertex 0.296119 -0.549943 1.045368
  endloop
 endfacet
 facet normal -0.050939 0.599817 0.798514
  outer loop
   vertex 0.240812 -0.465953 1.051450
   vertex 0.263951 -0.497814 1.076859
   vertex 0.295471 -0.464843 1.054103
  endloop
 endfacet
 facet normal 0.004226 0.565282 0.824887
  outer loop
   vertex 0.295471 -0.464843 1.054103
   vertex 0.263951 -0.497814 1.076859
   vertex 0.315919 -0.491544 1.072296
  endloop
 endfacet
 facet normal -0.066791 0.453970 0.888510
  outer loop
   vertex 0.317618 -0.428005 1.036946
   vertex 0.263059 -0.430045 1.033887
   vertex 0.295471 -0.464843 1.054103
  endloop
 endfacet
 facet normal -0.052340 0.464750 0.883894
  outer loop
   vertex 0.295471 -0.464843 1.054103
   vertex 0.263059 -0.430045 1.033887
   vertex 0.240812 -0.465953 1.051450
  endloop
 endfacet
 facet normal 0.039701 0.199379 0.979118
  outer loop
   vertex 0.253893 -0.384135 1.024910
   vertex 0.263059 -0.430045 1.033887
   vertex 0.308863 -0.383359 1.022523
  endloop
 endfacet
 facet normal -0.064487 0.295297 0.953227
  outer loop
   vertex 0.308863 -0.383359 1.022523
   vertex 0.263059 -0.430045 1.033887
   vertex 0.317618 -0.428005 1.036946
  endloop
 endfacet
 facet normal 0.067822 0.019938 0.997498
  outer loop
   vertex 0.248809 -0.335876 1.024291
   vertex 0.253893 -0.384135 1.024910
   vertex 0.309268 -0.334511 1.020153
  endloop
 endfacet
 facet normal 0.042654 0.048064 0.997933
  outer loop
   vertex 0.309268 -0.334511 1.020153
   vertex 0.253893 -0.384135 1.024910
   vertex 0.308863 -0.383359 1.022523
  endloop
 endfacet
 facet normal 0.074494 -0.164853 0.983501
  outer loop
   vertex 0.251823 -0.280481 1.033348
   vertex 0.248809 -0.335876 1.024291
   vertex 0.308792 -0.278959 1.029288
  endloop
 endfacet
 facet normal 0.071013 -0.161259 0.984354
  outer loop
   vertex 0.308792 -0.278959 1.029288
   vertex 0.248809 -0.335876 1.024291
   vertex 0.309268 -0.334511 1.020153
  endloop
 endfacet
 facet normal 0.466681 -0.032939 0.883812
  outer loop
   vertex 0.251929 -0.207069 1.036028
   vertex 0.251823 -0.280481 1.033348
   vertex 0.315629 -0.232677 1.001438
  endloop
 endfacet
 facet normal 0.047592 0.509840 0.858952
  outer loop
   vertex 0.315629 -0.232677 1.001438
   vertex 0.251823 -0.280481 1.033348
   vertex 0.308792 -0.278959 1.029288
  endloop
 endfacet
 facet normal 0.998009 0.050791 -0.037385
  outer loop
   vertex 0.249840 -0.161690 1.041914
   vertex 0.251929 -0.207069 1.036028
   vertex 0.247881 -0.155358 0.998220
  endloop
 endfacet
 facet normal 0.559572 0.517256 0.647553
  outer loop
   vertex 0.247881 -0.155358 0.998220
   vertex 0.251929 -0.207069 1.036028
   vertex 0.315629 -0.232677 1.001438
  endloop
 endfacet
 facet normal 0.998889 0.043693 0.017656
  outer loop
   vertex 0.249840 -0.161690 1.041914
   vertex 0.248475 -0.148167 1.085674
   vertex 0.251929 -0.207069 1.036028
  endloop
 endfacet
 facet normal 0.926744 -0.375680 0.003284
  outer loop
   vertex 0.265467 -0.106165 1.095450
   vertex 0.248475 -0.148167 1.085674
   vertex 0.264802 -0.108201 1.050190
  endloop
 endfacet
 facet normal 0.951490 -0.284339 0.117548
  outer loop
   vertex 0.264802 -0.108201 1.050190
   vertex 0.248475 -0.148167 1.085674
   vertex 0.249840 -0.161690 1.041914
  endloop
 endfacet
 facet normal 0.848808 -0.418565 0.322999
  outer loop
   vertex 0.265467 -0.106165 1.095450
   vertex 0.254788 -0.107518 1.121760
   vertex 0.248475 -0.148167 1.085674
  endloop
 endfacet
 facet normal 0.838865 -0.148877 0.523584
  outer loop
   vertex 0.247976 -0.066926 1.144216
   vertex 0.254788 -0.107518 1.121760
   vertex 0.277708 -0.070575 1.095543
  endloop
 endfacet
 facet normal 0.887476 -0.306143 0.344475
  outer loop
   vertex 0.277708 -0.070575 1.095543
   vertex 0.254788 -0.107518 1.121760
   vertex 0.265467 -0.106165 1.095450
  endloop
 endfacet
 facet normal 0.849192 -0.135539 0.510394
  outer loop
   vertex 0.248571 -0.011258 1.158009
   vertex 0.247976 -0.066926 1.144216
   vertex 0.286185 -0.017117 1.093871
  endloop
 endfacet
 facet normal 0.843543 -0.117371 0.524080
  outer loop
   vertex 0.286185 -0.017117 1.093871
   vertex 0.247976 -0.066926 1.144216
   vertex 0.277708 -0.070575 1.095543
  endloop
 endfacet
 facet normal 0.364776 -0.381845 0.849196
  outer loop
   vertex 0.251779 0.017951 1.169765
   vertex 0.248571 -0.011258 1.158009
   vertex 0.295548 0.030083 1.156419
  endloop
 endfacet
 facet normal 0.655466 -0.738800 0.156648
  outer loop
   vertex 0.295548 0.030083 1.156419
   vertex 0.248571 -0.011258 1.158009
   vertex 0.293878 0.018908 1.110702
  endloop
 endfacet
 facet normal 0.776146 -0.395272 0.491282
  outer loop
   vertex 0.293878 0.018908 1.110702
   vertex 0.248571 -0.011258 1.158009
   vertex 0.286185 -0.017117 1.093871
  endloop
 endfacet
 facet normal 0.073500 -0.308347 0.948430
  outer loop
   vertex 0.248571 -0.011258 1.158009
   vertex 0.208579 0.010586 1.168210
   vertex 0.185303 -0.028517 1.157301
  endloop
 endfacet
 facet normal 0.073751 -0.758615 0.647351
  outer loop
   vertex 0.318321 0.057402 1.185839
   vertex 0.257739 0.051322 1.185616
   vertex 0.295548 0.030083 1.156419
  endloop
 endfacet
 facet normal 0.372401 -0.451623 0.810774
  outer loop
   vertex 0.295548 0.030083 1.156419
   vertex 0.257739 0.051322 1.185616
   vertex 0.251779 0.017951 1.169765
  endloop
 endfacet
 facet normal -0.021465 -0.151086 0.988288
  outer loop
   vertex 0.252608 0.105447 1.193779
   vertex 0.257739 0.051322 1.185616
   vertex 0.307697 0.105071 1.194918
  endloop
 endfacet
 facet normal 0.014836 -0.183883 0.982836
  outer loop
   vertex 0.307697 0.105071 1.194918
   vertex 0.257739 0.051322 1.185616
   vertex 0.318321 0.057402 1.185839
  endloop
 endfacet
 facet normal 0.015649 -0.141906 0.989756
  outer loop
   vertex 0.250869 0.158835 1.201461
   vertex 0.252608 0.105447 1.193779
   vertex 0.305795 0.160003 1.200760
  endloop
 endfacet
 facet normal -0.021281 -0.106457 0.994089
  outer loop
   vertex 0.305795 0.160003 1.200760
   vertex 0.252608 0.105447 1.193779
   vertex 0.307697 0.105071 1.194918
  endloop
 endfacet
 facet normal -0.000443 -0.253058 0.967451
  outer loop
   vertex 0.239611 0.213700 1.215807
   vertex 0.250869 0.158835 1.201461
   vertex 0.295252 0.215606 1.216331
  endloop
 endfacet
 facet normal 0.017965 -0.266461 0.963678
  outer loop
   vertex 0.295252 0.215606 1.216331
   vertex 0.250869 0.158835 1.201461
   vertex 0.305795 0.160003 1.200760
  endloop
 endfacet
 facet normal -0.065564 -0.319314 0.945378
  outer loop
   vertex 0.318647 0.272606 1.237206
   vertex 0.265795 0.272320 1.233444
   vertex 0.295252 0.215606 1.216331
  endloop
 endfacet
 facet normal 0.000864 -0.288466 0.957490
  outer loop
   vertex 0.295252 0.215606 1.216331
   vertex 0.265795 0.272320 1.233444
   vertex 0.239611 0.213700 1.215807
  endloop
 endfacet
 facet normal 0.007480 -0.616871 0.787029
  outer loop
   vertex 0.253098 0.322221 1.272677
   vertex 0.265795 0.272320 1.233444
   vertex 0.307647 0.324827 1.274201
  endloop
 endfacet
 facet normal -0.054444 -0.584824 0.809331
  outer loop
   vertex 0.307647 0.324827 1.274201
   vertex 0.265795 0.272320 1.233444
   vertex 0.318647 0.272606 1.237206
  endloop
 endfacet
 facet normal 0.220127 -0.612019 0.759590
  outer loop
   vertex 0.144014 0.274210 1.254850
   vertex 0.200890 0.271289 1.236014
   vertex 0.196617 0.322048 1.278150
  endloop
 endfacet
 facet normal -0.022994 -0.764377 0.644359
  outer loop
   vertex 0.254127 0.362360 1.320329
   vertex 0.253098 0.322221 1.272677
   vertex 0.303192 0.361088 1.320571
  endloop
 endfacet
 facet normal 0.020338 -0.786628 0.617093
  outer loop
   vertex 0.303192 0.361088 1.320571
   vertex 0.253098 0.322221 1.272677
   vertex 0.307647 0.324827 1.274201
  endloop
 endfacet
 facet normal 0.229946 -0.797957 0.557127
  outer loop
   vertex 0.148434 0.330927 1.310754
   vertex 0.196617 0.322048 1.278150
   vertex 0.203339 0.358392 1.327430
  endloop
 endfacet
 facet normal 0.043716 -0.939695 0.339209
  outer loop
   vertex 0.252680 0.382589 1.376555
   vertex 0.254127 0.362360 1.320329
   vertex 0.309079 0.384389 1.374273
  endloop
 endfacet
 facet normal -0.025722 -0.916031 0.400281
  outer loop
   vertex 0.309079 0.384389 1.374273
   vertex 0.254127 0.362360 1.320329
   vertex 0.303192 0.361088 1.320571
  endloop
 endfacet
 facet normal -0.103580 -0.609837 0.785729
  outer loop
   vertex 0.252990 0.434371 1.416786
   vertex 0.252680 0.382589 1.376555
   vertex 0.306170 0.429093 1.419700
  endloop
 endfacet
 facet normal 0.051077 -0.710189 0.702156
  outer loop
   vertex 0.306170 0.429093 1.419700
   vertex 0.252680 0.382589 1.376555
   vertex 0.309079 0.384389 1.374273
  endloop
 endfacet
 facet normal -0.109290 -0.627147 0.771196
  outer loop
   vertex 0.250415 0.477736 1.451686
   vertex 0.252990 0.434371 1.416786
   vertex 0.301561 0.465086 1.448647
  endloop
 endfacet
 facet normal -0.104766 -0.631370 0.768372
  outer loop
   vertex 0.301561 0.465086 1.448647
   vertex 0.252990 0.434371 1.416786
   vertex 0.306170 0.429093 1.419700
  endloop
 endfacet
 facet normal 0.515352 -0.086363 0.852616
  outer loop
   vertex 0.244455 0.538970 1.461491
   vertex 0.250415 0.477736 1.451686
   vertex 0.311624 0.541412 1.421139
  endloop
 endfacet
 facet normal 0.134904 0.320165 0.937707
  outer loop
   vertex 0.311624 0.541412 1.421139
   vertex 0.250415 0.477736 1.451686
   vertex 0.301561 0.465086 1.448647
  endloop
 endfacet
 facet normal 0.321275 0.748520 0.580086
  outer loop
   vertex 0.249240 0.573010 1.414917
   vertex 0.244455 0.538970 1.461491
   vertex 0.311624 0.541412 1.421139
  endloop
 endfacet
 facet normal 0.401246 0.915943 -0.007058
  outer loop
   vertex 0.265921 0.565295 1.362019
   vertex 0.232984 0.579756 1.366223
   vertex 0.249240 0.573010 1.414917
  endloop
 endfacet
 facet normal 0.405191 0.914232 -0.000421
  outer loop
   vertex 0.267625 0.564515 1.308282
   vertex 0.235296 0.578848 1.318448
   vertex 0.265921 0.565295 1.362019
  endloop
 endfacet
 facet normal 0.402231 0.915536 0.002065
  outer loop
   vertex 0.265921 0.565295 1.362019
   vertex 0.235296 0.578848 1.318448
   vertex 0.232984 0.579756 1.366223
  endloop
 endfacet
 facet normal 0.404378 0.914592 0.000529
  outer loop
   vertex 0.267758 0.564488 1.253250
   vertex 0.235555 0.578720 1.264074
   vertex 0.267625 0.564515 1.308282
  endloop
 endfacet
 facet normal 0.405243 0.914209 -0.000222
  outer loop
   vertex 0.267625 0.564515 1.308282
   vertex 0.235555 0.578720 1.264074
   vertex 0.235296 0.578848 1.318448
  endloop
 endfacet
 facet normal 0.405594 0.914043 0.004246
  outer loop
   vertex 0.267924 0.564667 1.198858
   vertex 0.236016 0.578776 1.209561
   vertex 0.267758 0.564488 1.253250
  endloop
 endfacet
 facet normal 0.405453 0.914105 0.004368
  outer loop
   vertex 0.267758 0.564488 1.253250
   vertex 0.236016 0.578776 1.209561
   vertex 0.235555 0.578720 1.264074
  endloop
 endfacet
 facet normal 0.404407 0.914579 0.000000
  outer loop
   vertex 0.267924 0.564667 1.144250
   vertex 0.236016 0.578776 1.154953
   vertex 0.267924 0.564667 1.198858
  endloop
 endfacet
 facet normal 0.404407 0.914579 0.000000
  outer loop
   vertex 0.267924 0.564667 1.198858
   vertex 0.236016 0.578776 1.154953
   vertex 0.236016 0.578776 1.209561
  endloop
 endfacet
 facet normal 0.404407 0.914579 0.000000
  outer loop
   vertex 0.267924 0.564667 1.089641
   vertex 0.236016 0.578776 1.100345
   vertex 0.267924 0.564667 1.144250
  endloop
 endfacet
 facet normal 0.404407 0.914579 0.000000
  outer loop
   vertex 0.267924 0.564667 1.144250
   vertex 0.236016 0.578776 1.100345
   vertex 0.236016 0.578776 1.154953
  endloop
 endfacet
 facet normal 0.404407 0.914579 0.000000
  outer loop
   vertex 0.267924 0.564667 1.035032
   vertex 0.236016 0.578776 1.045736
   vertex 0.267924 0.564667 1.089641
  endloop
 endfacet
 facet normal 0.404407 0.914579 0.000000
  outer loop
   vertex 0.267924 0.564667 1.089641
   vertex 0.236016 0.578776 1.045736
   vertex 0.236016 0.578776 1.100345
  endloop
 endfacet
 facet normal 0.404407 0.914579 0.000000
  outer loop
   vertex 0.267924 0.564667 0.980424
   vertex 0.236016 0.578776 0.991127
   vertex 0.267924 0.564667 1.035032
  endloop
 endfacet
 facet normal 0.404407 0.914579 0.000000
  outer loop
   vertex 0.267924 0.564667 1.035032
   vertex 0.236016 0.578776 0.991127
   vertex 0.236016 0.578776 1.045736
  endloop
 endfacet
 facet normal 0.404407 0.914579 0.000000
  outer loop
   vertex 0.267924 0.564667 0.925816
   vertex 0.236016 0.578776 0.936519
   vertex 0.267924 0.564667 0.980424
  endloop
 endfacet
 facet normal 0.404407 0.914579 0.000000
  outer loop
   vertex 0.267924 0.564667 0.980424
   vertex 0.236016 0.578776 0.936519
   vertex 0.236016 0.578776 0.991127
  endloop
 endfacet
 facet normal 0.404407 0.914579 0.000000
  outer loop
   vertex 0.267924 0.564667 0.871207
   vertex 0.236016 0.578776 0.881910
   vertex 0.267924 0.564667 0.925816
  endloop
 endfacet
 facet normal 0.404407 0.914579 0.000000
  outer loop
   vertex 0.267924 0.564667 0.925816
   vertex 0.236016 0.578776 0.881910
   vertex 0.236016 0.578776 0.936519
  endloop
 endfacet
 facet normal 0.404407 0.914579 0.000000
  outer loop
   vertex 0.267924 0.564667 0.816599
   vertex 0.236016 0.578776 0.827302
   vertex 0.267924 0.564667 0.871207
  endloop
 endfacet
 facet normal 0.404407 0.914579 0.000000
  outer loop
   vertex 0.267924 0.564667 0.871207
   vertex 0.236016 0.578776 0.827302
   vertex 0.236016 0.578776 0.881910
  endloop
 endfacet
 facet normal 0.404407 0.914579 0.000000
  outer loop
   vertex 0.267924 0.564667 0.761991
   vertex 0.236016 0.578776 0.772694
   vertex 0.267924 0.564667 0.816599
  endloop
 endfacet
 facet normal 0.404407 0.914579 0.000000
  outer loop
   vertex 0.267924 0.564667 0.816599
   vertex 0.236016 0.578776 0.772694
   vertex 0.236016 0.578776 0.827302
  endloop
 endfacet
 facet normal 0.404407 0.914579 0.000000
  outer loop
   vertex 0.267924 0.564667 0.707381
   vertex 0.236016 0.578776 0.718084
   vertex 0.267924 0.564667 0.761991
  endloop
 endfacet
 facet normal 0.404407 0.914579 0.000000
  outer loop
   vertex 0.267924 0.564667 0.761991
   vertex 0.236016 0.578776 0.718084
   vertex 0.236016 0.578776 0.772694
  endloop
 endfacet
 facet normal 0.404407 0.914579 0.000000
  outer loop
   vertex 0.267924 0.564667 0.652773
   vertex 0.236016 0.578776 0.663476
   vertex 0.267924 0.564667 0.707381
  endloop
 endfacet
 facet normal 0.404407 0.914579 0.000000
  outer loop
   vertex 0.267924 0.564667 0.707381
   vertex 0.236016 0.578776 0.663476
   vertex 0.236016 0.578776 0.718084
  endloop
 endfacet
 facet normal 0.404407 0.914579 0.000000
  outer loop
   vertex 0.267924 0.564667 0.598165
   vertex 0.236016 0.578776 0.608868
   vertex 0.267924 0.564667 0.652773
  endloop
 endfacet
 facet normal 0.404407 0.914579 0.000000
  outer loop
   vertex 0.267924 0.564667 0.652773
   vertex 0.236016 0.578776 0.608868
   vertex 0.236016 0.578776 0.663476
  endloop
 endfacet
 facet normal 0.404407 0.914579 0.000000
  outer loop
   vertex 0.267924 0.564667 0.543556
   vertex 0.236016 0.578776 0.554259
   vertex 0.267924 0.564667 0.598165
  endloop
 endfacet
 facet normal 0.404407 0.914579 0.000000
  outer loop
   vertex 0.267924 0.564667 0.598165
   vertex 0.236016 0.578776 0.554259
   vertex 0.236016 0.578776 0.608868
  endloop
 endfacet
 facet normal 0.404407 0.914579 0.000000
  outer loop
   vertex 0.267924 0.564667 0.488948
   vertex 0.236016 0.578776 0.499651
   vertex 0.267924 0.564667 0.543556
  endloop
 endfacet
 facet normal 0.404407 0.914579 0.000000
  outer loop
   vertex 0.267924 0.564667 0.543556
   vertex 0.236016 0.578776 0.499651
   vertex 0.236016 0.578776 0.554259
  endloop
 endfacet
 facet normal 0.404407 0.914579 0.000000
  outer loop
   vertex 0.267924 0.564667 0.434340
   vertex 0.236016 0.578776 0.445043
   vertex 0.267924 0.564667 0.488948
  endloop
 endfacet
 facet normal 0.404407 0.914579 0.000000
  outer loop
   vertex 0.267924 0.564667 0.488948
   vertex 0.236016 0.578776 0.445043
   vertex 0.236016 0.578776 0.499651
  endloop
 endfacet
 facet normal 0.404407 0.914579 0.000000
  outer loop
   vertex 0.267924 0.564667 0.379731
   vertex 0.236016 0.578776 0.390434
   vertex 0.267924 0.564667 0.434340
  endloop
 endfacet
 facet normal 0.404407 0.914579 0.000000
  outer loop
   vertex 0.267924 0.564667 0.434340
   vertex 0.236016 0.578776 0.390434
   vertex 0.236016 0.578776 0.445043
  endloop
 endfacet
 facet normal 0.404407 0.914579 0.000000
  outer loop
   vertex 0.267924 0.564667 0.325123
   vertex 0.236016 0.578776 0.335825
   vertex 0.267924 0.564667 0.379731
  endloop
 endfacet
 facet normal 0.404407 0.914579 0.000000
  outer loop
   vertex 0.267924 0.564667 0.379731
   vertex 0.236016 0.578776 0.335825
   vertex 0.236016 0.578776 0.390434
  endloop
 endfacet
 facet normal 0.404406 0.914580 -0.000004
  outer loop
   vertex 0.267924 0.564667 0.325123
   vertex 0.236020 0.578774 0.281239
   vertex 0.236016 0.578776 0.335825
  endloop
 endfacet
 facet normal 0.403154 0.915125 0.003555
  outer loop
   vertex 0.241196 0.576652 0.150567
   vertex 0.240554 0.576937 0.150001
   vertex 0.240481 0.576967 0.150562
  endloop
 endfacet
 facet normal 0.505286 0.677959 -0.533909
  outer loop
   vertex 0.264577 0.541102 0.139131
   vertex 0.264085 0.540971 0.138499
   vertex 0.264092 0.541543 0.139232
  endloop
 endfacet
 facet normal 0.666998 0.584248 -0.462350
  outer loop
   vertex 0.241196 0.576652 0.150567
   vertex 0.264085 0.540971 0.138499
   vertex 0.240554 0.576937 0.150001
  endloop
 endfacet
 facet normal 0.694108 0.586459 -0.417469
  outer loop
   vertex 0.241214 0.576625 0.150559
   vertex 0.264085 0.540971 0.138499
   vertex 0.241196 0.576652 0.150567
  endloop
 endfacet
 facet normal 0.667014 0.584251 -0.462324
  outer loop
   vertex 0.264092 0.541543 0.139232
   vertex 0.264085 0.540971 0.138499
   vertex 0.241214 0.576625 0.150559
  endloop
 endfacet
 facet normal 0.240264 0.387594 -0.889969
  outer loop
   vertex 0.247628 0.426387 0.084030
   vertex 0.253161 0.488551 0.112597
   vertex 0.305962 0.430060 0.101378
  endloop
 endfacet
 facet normal 0.267095 0.379904 -0.885626
  outer loop
   vertex 0.301176 0.371300 0.076549
   vertex 0.253533 0.376880 0.064574
   vertex 0.247628 0.426387 0.084030
  endloop
 endfacet
 facet normal 0.292631 0.336898 -0.894912
  outer loop
   vertex 0.306569 0.323599 0.060355
   vertex 0.259467 0.329058 0.047008
   vertex 0.301176 0.371300 0.076549
  endloop
 endfacet
 facet normal 0.266881 0.361296 -0.893443
  outer loop
   vertex 0.301176 0.371300 0.076549
   vertex 0.259467 0.329058 0.047008
   vertex 0.253533 0.376880 0.064574
  endloop
 endfacet
 facet normal 0.316853 0.332469 -0.888295
  outer loop
   vertex 0.249544 0.262729 0.018643
   vertex 0.259467 0.329058 0.047008
   vertex 0.312638 0.274123 0.045413
  endloop
 endfacet
 facet normal 0.292271 0.309161 -0.904985
  outer loop
   vertex 0.312638 0.274123 0.045413
   vertex 0.259467 0.329058 0.047008
   vertex 0.306569 0.323599 0.060355
  endloop
 endfacet
 facet normal 0.327837 0.278372 -0.902791
  outer loop
   vertex 0.277440 0.207387 0.011708
   vertex 0.284782 0.224695 0.019711
   vertex 0.300792 0.207413 0.020196
  endloop
 endfacet
 facet normal 0.327791 0.278396 -0.902801
  outer loop
   vertex 0.277440 0.207387 0.011708
   vertex 0.282412 0.227252 0.019639
   vertex 0.284782 0.224695 0.019711
  endloop
 endfacet
 facet normal 0.295087 -0.317304 -0.901244
  outer loop
   vertex 0.308643 -0.326479 0.062228
   vertex 0.243949 -0.319626 0.038633
   vertex 0.301479 -0.265272 0.038333
  endloop
 endfacet
 facet normal 0.273351 -0.338437 -0.900411
  outer loop
   vertex 0.307632 -0.381059 0.082436
   vertex 0.261805 -0.374555 0.066079
   vertex 0.308643 -0.326479 0.062228
  endloop
 endfacet
 facet normal 0.287663 -0.351614 -0.890852
  outer loop
   vertex 0.308643 -0.326479 0.062228
   vertex 0.261805 -0.374555 0.066079
   vertex 0.243949 -0.319626 0.038633
  endloop
 endfacet
 facet normal 0.181313 -0.404298 -0.896476
  outer loop
   vertex 0.201065 -0.388777 0.056432
   vertex 0.135267 -0.375317 0.037054
   vertex 0.184259 -0.333139 0.027941
  endloop
 endfacet
 facet normal 0.439781 -0.898105 -0.000231
  outer loop
   vertex 0.247915 -0.573494 0.337887
   vertex 0.247641 -0.573614 0.282791
   vertex 0.302081 -0.546970 0.337153
  endloop
 endfacet
 facet normal 0.439597 -0.898195 -0.000002
  outer loop
   vertex 0.302081 -0.546970 0.337153
   vertex 0.247641 -0.573614 0.282791
   vertex 0.302093 -0.546964 0.282538
  endloop
 endfacet
 facet normal 0.440282 -0.897859 -0.000601
  outer loop
   vertex 0.248602 -0.573194 0.393004
   vertex 0.247915 -0.573494 0.337887
   vertex 0.302107 -0.546956 0.391782
  endloop
 endfacet
 facet normal 0.439784 -0.898104 0.000021
  outer loop
   vertex 0.302107 -0.546956 0.391782
   vertex 0.247915 -0.573494 0.337887
   vertex 0.302081 -0.546970 0.337153
  endloop
 endfacet
 facet normal 0.440402 -0.897801 -0.000123
  outer loop
   vertex 0.248752 -0.573128 0.447824
   vertex 0.248602 -0.573194 0.393004
   vertex 0.302126 -0.546946 0.446404
  endloop
 endfacet
 facet normal 0.440294 -0.897854 0.000012
  outer loop
   vertex 0.302126 -0.546946 0.446404
   vertex 0.248602 -0.573194 0.393004
   vertex 0.302107 -0.546956 0.391782
  endloop
 endfacet
 facet normal 0.440370 -0.897816 0.000035
  outer loop
   vertex 0.248715 -0.573144 0.502172
   vertex 0.248752 -0.573128 0.447824
   vertex 0.302127 -0.546946 0.501011
  endloop
 endfacet
 facet normal 0.440405 -0.897799 -0.000008
  outer loop
   vertex 0.302127 -0.546946 0.501011
   vertex 0.248752 -0.573128 0.447824
   vertex 0.302126 -0.546946 0.446404
  endloop
 endfacet
 facet normal 0.440165 -0.897917 0.000252
  outer loop
   vertex 0.248421 -0.573273 0.556107
   vertex 0.248715 -0.573144 0.502172
   vertex 0.302115 -0.546952 0.555600
  endloop
 endfacet
 facet normal 0.440370 -0.897817 -0.000002
  outer loop
   vertex 0.302115 -0.546952 0.555600
   vertex 0.248715 -0.573144 0.502172
   vertex 0.302127 -0.546946 0.501011
  endloop
 endfacet
 facet normal 0.439804 -0.898094 0.000430
  outer loop
   vertex 0.247929 -0.573488 0.610283
   vertex 0.248421 -0.573273 0.556107
   vertex 0.302094 -0.546963 0.610187
  endloop
 endfacet
 facet normal 0.440163 -0.897918 -0.000011
  outer loop
   vertex 0.302094 -0.546963 0.610187
   vertex 0.248421 -0.573273 0.556107
   vertex 0.302115 -0.546952 0.555600
  endloop
 endfacet
 facet normal 0.439713 -0.898138 0.000109
  outer loop
   vertex 0.247795 -0.573547 0.664851
   vertex 0.247929 -0.573488 0.610283
   vertex 0.302080 -0.546970 0.664787
  endloop
 endfacet
 facet normal 0.439804 -0.898094 -0.000003
  outer loop
   vertex 0.302080 -0.546970 0.664787
   vertex 0.247929 -0.573488 0.610283
   vertex 0.302094 -0.546963 0.610187
  endloop
 endfacet
 facet normal 0.439689 -0.898150 0.000014
  outer loop
   vertex 0.247777 -0.573555 0.719450
   vertex 0.247795 -0.573547 0.664851
   vertex 0.302078 -0.546972 0.719396
  endloop
 endfacet
 facet normal 0.439713 -0.898138 -0.000016
  outer loop
   vertex 0.302078 -0.546972 0.719396
   vertex 0.247795 -0.573547 0.664851
   vertex 0.302080 -0.546970 0.664787
  endloop
 endfacet
 facet normal 0.439689 -0.898150 -0.000001
  outer loop
   vertex 0.247775 -0.573556 0.774058
   vertex 0.247777 -0.573555 0.719450
   vertex 0.302078 -0.546972 0.774004
  endloop
 endfacet
 facet normal 0.439689 -0.898150 0.000000
  outer loop
   vertex 0.302078 -0.546972 0.774004
   vertex 0.247777 -0.573555 0.719450
   vertex 0.302078 -0.546972 0.719396
  endloop
 endfacet
 facet normal 0.357478 -0.933922 -0.000006
  outer loop
   vertex 0.197873 -0.592657 0.828722
   vertex 0.197867 -0.592659 0.774109
   vertex 0.247775 -0.573556 0.828667
  endloop
 endfacet
 facet normal 0.357472 -0.933924 0.000000
  outer loop
   vertex 0.247775 -0.573556 0.828667
   vertex 0.197867 -0.592659 0.774109
   vertex 0.247775 -0.573556 0.774058
  endloop
 endfacet
 facet normal 0.357501 -0.933913 -0.000007
  outer loop
   vertex 0.197874 -0.592657 0.883330
   vertex 0.197873 -0.592657 0.828722
   vertex 0.247775 -0.573555 0.883275
  endloop
 endfacet
 facet normal 0.357478 -0.933922 0.000017
  outer loop
   vertex 0.247775 -0.573555 0.883275
   vertex 0.197873 -0.592657 0.828722
   vertex 0.247775 -0.573556 0.828667
  endloop
 endfacet
 facet normal 0.357459 -0.933929 0.000010
  outer loop
   vertex 0.197862 -0.592661 0.937939
   vertex 0.197874 -0.592657 0.883330
   vertex 0.247754 -0.573565 0.937877
  endloop
 endfacet
 facet normal 0.357501 -0.933913 -0.000034
  outer loop
   vertex 0.247754 -0.573565 0.937877
   vertex 0.197874 -0.592657 0.883330
   vertex 0.247775 -0.573555 0.883275
  endloop
 endfacet
 facet normal 0.357381 -0.933959 0.000190
  outer loop
   vertex 0.197726 -0.592702 0.992514
   vertex 0.197862 -0.592661 0.937939
   vertex 0.247510 -0.573652 0.992459
  endloop
 endfacet
 facet normal 0.357459 -0.933929 0.000109
  outer loop
   vertex 0.247510 -0.573652 0.992459
   vertex 0.197862 -0.592661 0.937939
   vertex 0.247754 -0.573565 0.937877
  endloop
 endfacet
 facet normal 0.353383 -0.935476 0.002275
  outer loop
   vertex 0.196598 -0.592997 1.046421
   vertex 0.197726 -0.592702 0.992514
   vertex 0.244568 -0.574877 1.045984
  endloop
 endfacet
 facet normal 0.357379 -0.933958 -0.001732
  outer loop
   vertex 0.244568 -0.574877 1.045984
   vertex 0.197726 -0.592702 0.992514
   vertex 0.247510 -0.573652 0.992459
  endloop
 endfacet
 facet normal 0.348754 -0.937184 0.007495
  outer loop
   vertex 0.189702 -0.595184 1.093836
   vertex 0.196598 -0.592997 1.046421
   vertex 0.236611 -0.577730 1.093562
  endloop
 endfacet
 facet normal 0.353389 -0.935472 0.003006
  outer loop
   vertex 0.236611 -0.577730 1.093562
   vertex 0.196598 -0.592997 1.046421
   vertex 0.244568 -0.574877 1.045984
  endloop
 endfacet
 facet normal 0.050762 -0.716273 0.695971
  outer loop
   vertex 0.247026 -0.545142 1.126341
   vertex 0.207657 -0.545741 1.128596
   vertex 0.236611 -0.577730 1.093562
  endloop
 endfacet
 facet normal 0.233049 -0.614508 0.753703
  outer loop
   vertex 0.236611 -0.577730 1.093562
   vertex 0.207657 -0.545741 1.128596
   vertex 0.189702 -0.595184 1.093836
  endloop
 endfacet
 facet normal -0.018617 0.723620 0.689948
  outer loop
   vertex 0.186496 -0.522444 1.103591
   vertex 0.207657 -0.545741 1.128596
   vertex 0.238389 -0.522296 1.104836
  endloop
 endfacet
 facet normal 0.030835 0.691244 0.721964
  outer loop
   vertex 0.238389 -0.522296 1.104836
   vertex 0.207657 -0.545741 1.128596
   vertex 0.247026 -0.545142 1.126341
  endloop
 endfacet
 facet normal -0.041826 0.767839 0.639276
  outer loop
   vertex 0.208009 -0.496908 1.074327
   vertex 0.153589 -0.498477 1.072651
   vertex 0.186496 -0.522444 1.103591
  endloop
 endfacet
 facet normal 0.011746 0.796512 0.604509
  outer loop
   vertex 0.186496 -0.522444 1.103591
   vertex 0.153589 -0.498477 1.072651
   vertex 0.132349 -0.521751 1.103730
  endloop
 endfacet
 facet normal -0.016278 0.827072 0.561861
  outer loop
   vertex 0.099010 -0.499375 1.071725
   vertex 0.044521 -0.500088 1.071196
   vertex 0.076926 -0.522259 1.104771
  endloop
 endfacet
 facet normal -0.003321 0.832997 0.553268
  outer loop
   vertex 0.076926 -0.522259 1.104771
   vertex 0.044521 -0.500088 1.071196
   vertex 0.022582 -0.523193 1.105851
  endloop
 endfacet
 facet normal -0.045574 0.694233 0.718306
  outer loop
   vertex 0.132377 -0.470018 1.043800
   vertex 0.153589 -0.498477 1.072651
   vertex 0.186865 -0.468765 1.046046
  endloop
 endfacet
 facet normal -0.042145 0.692272 0.720405
  outer loop
   vertex 0.186865 -0.468765 1.046046
   vertex 0.153589 -0.498477 1.072651
   vertex 0.208009 -0.496908 1.074327
  endloop
 endfacet
 facet normal -0.007997 0.715043 0.699034
  outer loop
   vertex 0.023041 -0.472046 1.042266
   vertex 0.044521 -0.500088 1.071196
   vertex 0.077693 -0.472120 1.042967
  endloop
 endfacet
 facet normal -0.016157 0.719718 0.694078
  outer loop
   vertex 0.077693 -0.472120 1.042967
   vertex 0.044521 -0.500088 1.071196
   vertex 0.099010 -0.499375 1.071725
  endloop
 endfacet
 facet normal -0.098851 0.435279 0.894852
  outer loop
   vertex 0.207453 -0.437697 1.033208
   vertex 0.154813 -0.436965 1.027037
   vertex 0.186865 -0.468765 1.046046
  endloop
 endfacet
 facet normal -0.047146 0.477078 0.877595
  outer loop
   vertex 0.186865 -0.468765 1.046046
   vertex 0.154813 -0.436965 1.027037
   vertex 0.132377 -0.470018 1.043800
  endloop
 endfacet
 facet normal -0.018353 0.445826 0.894931
  outer loop
   vertex 0.100239 -0.436573 1.025721
   vertex 0.045665 -0.436178 1.024405
   vertex 0.077693 -0.472120 1.042967
  endloop
 endfacet
 facet normal -0.010834 0.451197 0.892358
  outer loop
   vertex 0.077693 -0.472120 1.042967
   vertex 0.045665 -0.436178 1.024405
   vertex 0.023041 -0.472046 1.042266
  endloop
 endfacet
 facet normal -0.004467 0.010465 0.999935
  outer loop
   vertex 0.143158 -0.377150 1.026359
   vertex 0.154813 -0.436965 1.027037
   vertex 0.199344 -0.383748 1.026679
  endloop
 endfacet
 facet normal -0.114416 0.102388 0.988142
  outer loop
   vertex 0.199344 -0.383748 1.026679
   vertex 0.154813 -0.436965 1.027037
   vertex 0.207453 -0.437697 1.033208
  endloop
 endfacet
 facet normal -0.041477 0.032825 0.998600
  outer loop
   vertex 0.034292 -0.381278 1.022128
   vertex 0.045665 -0.436178 1.024405
   vertex 0.089019 -0.379816 1.024353
  endloop
 endfacet
 facet normal -0.023962 0.019353 0.999526
  outer loop
   vertex 0.089019 -0.379816 1.024353
   vertex 0.045665 -0.436178 1.024405
   vertex 0.100239 -0.436573 1.025721
  endloop
 endfacet
 facet normal 0.035374 0.097604 0.994596
  outer loop
   vertex 0.141934 -0.334163 1.022184
   vertex 0.143158 -0.377150 1.026359
   vertex 0.199209 -0.335305 1.020259
  endloop
 endfacet
 facet normal 0.009783 0.131399 0.991281
  outer loop
   vertex 0.199209 -0.335305 1.020259
   vertex 0.143158 -0.377150 1.026359
   vertex 0.199344 -0.383748 1.026679
  endloop
 endfacet
 facet normal -0.037769 0.097978 0.994472
  outer loop
   vertex 0.032672 -0.331914 1.017203
   vertex 0.034292 -0.381278 1.022128
   vertex 0.087614 -0.332547 1.019352
  endloop
 endfacet
 facet normal -0.043173 0.103846 0.993656
  outer loop
   vertex 0.087614 -0.332547 1.019352
   vertex 0.034292 -0.381278 1.022128
   vertex 0.089019 -0.379816 1.024353
  endloop
 endfacet
 facet normal -0.111522 -0.029009 0.993338
  outer loop
   vertex 0.140241 -0.277796 1.023640
   vertex 0.141934 -0.334163 1.022184
   vertex 0.195891 -0.276112 1.029937
  endloop
 endfacet
 facet normal 0.029980 -0.159647 0.986719
  outer loop
   vertex 0.195891 -0.276112 1.029937
   vertex 0.141934 -0.334163 1.022184
   vertex 0.199209 -0.335305 1.020259
  endloop
 endfacet
 facet normal 0.109056 -0.234087 0.966080
  outer loop
   vertex 0.020265 -0.274621 1.032486
   vertex 0.032672 -0.331914 1.017203
   vertex 0.081452 -0.265859 1.027702
  endloop
 endfacet
 facet normal -0.040233 -0.127799 0.990984
  outer loop
   vertex 0.081452 -0.265859 1.027702
   vertex 0.032672 -0.331914 1.017203
   vertex 0.087614 -0.332547 1.019352
  endloop
 endfacet
 facet normal -0.044080 -0.274995 0.960435
  outer loop
   vertex 0.128914 -0.225967 1.037960
   vertex 0.140241 -0.277796 1.023640
   vertex 0.183839 -0.218318 1.042671
  endloop
 endfacet
 facet normal -0.102301 -0.234342 0.966757
  outer loop
   vertex 0.183839 -0.218318 1.042671
   vertex 0.140241 -0.277796 1.023640
   vertex 0.195891 -0.276112 1.029937
  endloop
 endfacet
 facet normal -0.008991 -0.238987 0.970981
  outer loop
   vertex 0.128914 -0.225967 1.037960
   vertex 0.092612 -0.211141 1.041273
   vertex 0.081452 -0.265859 1.027702
  endloop
 endfacet
 facet normal 0.013942 -0.529277 0.848334
  outer loop
   vertex 0.198648 -0.156814 1.080800
   vertex 0.136356 -0.162611 1.078207
   vertex 0.183839 -0.218318 1.042671
  endloop
 endfacet
 facet normal 0.002314 -0.536399 0.843961
  outer loop
   vertex 0.183839 -0.218318 1.042671
   vertex 0.136356 -0.162611 1.078207
   vertex 0.128914 -0.225967 1.037960
  endloop
 endfacet
 facet normal 0.042715 -0.697932 0.714889
  outer loop
   vertex 0.021592 -0.163085 1.090579
   vertex 0.046819 -0.214443 1.038932
   vertex 0.076965 -0.161970 1.088359
  endloop
 endfacet
 facet normal 0.012692 -0.689463 0.724210
  outer loop
   vertex 0.076965 -0.161970 1.088359
   vertex 0.046819 -0.214443 1.038932
   vertex 0.092612 -0.211141 1.041273
  endloop
 endfacet
 facet normal 0.028202 -0.549663 0.834911
  outer loop
   vertex 0.210999 -0.101372 1.116883
   vertex 0.155151 -0.101628 1.118601
   vertex 0.198648 -0.156814 1.080800
  endloop
 endfacet
 facet normal 0.017126 -0.555806 0.831135
  outer loop
   vertex 0.198648 -0.156814 1.080800
   vertex 0.155151 -0.101628 1.118601
   vertex 0.136356 -0.162611 1.078207
  endloop
 endfacet
 facet normal 0.105492 -0.519367 0.848015
  outer loop
   vertex 0.099611 -0.104135 1.120963
   vertex 0.044389 -0.109795 1.124366
   vertex 0.076965 -0.161970 1.088359
  endloop
 endfacet
 facet normal 0.044521 -0.548451 0.834996
  outer loop
   vertex 0.076965 -0.161970 1.088359
   vertex 0.044389 -0.109795 1.124366
   vertex 0.021592 -0.163085 1.090579
  endloop
 endfacet
 facet normal 0.119028 -0.648068 0.752224
  outer loop
   vertex 0.141946 -0.070873 1.147187
   vertex 0.155151 -0.101628 1.118601
   vertex 0.197469 -0.064768 1.143661
  endloop
 endfacet
 facet normal 0.027641 -0.583531 0.811620
  outer loop
   vertex 0.197469 -0.064768 1.143661
   vertex 0.155151 -0.101628 1.118601
   vertex 0.210999 -0.101372 1.116883
  endloop
 endfacet
 facet normal -0.257722 -0.266201 0.928825
  outer loop
   vertex 0.029502 -0.051157 1.137041
   vertex 0.044389 -0.109795 1.124366
   vertex 0.088470 -0.068983 1.148294
  endloop
 endfacet
 facet normal 0.109665 -0.588212 0.801237
  outer loop
   vertex 0.088470 -0.068983 1.148294
   vertex 0.044389 -0.109795 1.124366
   vertex 0.099611 -0.104135 1.120963
  endloop
 endfacet
 facet normal 0.052084 -0.282065 0.957980
  outer loop
   vertex 0.130936 -0.031529 1.159370
   vertex 0.141946 -0.070873 1.147187
   vertex 0.185303 -0.028517 1.157301
  endloop
 endfacet
 facet normal 0.095258 -0.322396 0.941800
  outer loop
   vertex 0.185303 -0.028517 1.157301
   vertex 0.141946 -0.070873 1.147187
   vertex 0.197469 -0.064768 1.143661
  endloop
 endfacet
 facet normal -0.843466 0.523471 -0.120595
  outer loop
   vertex 0.055662 -0.018567 1.095537
   vertex 0.029502 -0.051157 1.137041
   vertex 0.059582 0.000563 1.151158
  endloop
 endfacet
 facet normal -0.444528 0.014065 0.895654
  outer loop
   vertex 0.059582 0.000563 1.151158
   vertex 0.029502 -0.051157 1.137041
   vertex 0.083320 -0.033856 1.163480
  endloop
 endfacet
 facet normal -0.290075 -0.415277 0.862207
  outer loop
   vertex 0.083320 -0.033856 1.163480
   vertex 0.029502 -0.051157 1.137041
   vertex 0.088470 -0.068983 1.148294
  endloop
 endfacet
 facet normal 0.153395 -0.349202 0.924407
  outer loop
   vertex 0.208579 0.010586 1.168210
   vertex 0.153936 0.006246 1.175638
   vertex 0.185303 -0.028517 1.157301
  endloop
 endfacet
 facet normal 0.057901 -0.424403 0.903620
  outer loop
   vertex 0.185303 -0.028517 1.157301
   vertex 0.153936 0.006246 1.175638
   vertex 0.130936 -0.031529 1.159370
  endloop
 endfacet
 facet normal -0.589817 -0.120945 0.798428
  outer loop
   vertex 0.083320 -0.033856 1.163480
   vertex 0.094753 0.007273 1.178156
   vertex 0.059582 0.000563 1.151158
  endloop
 endfacet
 facet normal 0.127295 -0.280529 0.951367
  outer loop
   vertex 0.144746 0.052417 1.190482
   vertex 0.153936 0.006246 1.175638
   vertex 0.196911 0.053905 1.183941
  endloop
 endfacet
 facet normal 0.151883 -0.300974 0.941460
  outer loop
   vertex 0.196911 0.053905 1.183941
   vertex 0.153936 0.006246 1.175638
   vertex 0.208579 0.010586 1.168210
  endloop
 endfacet
 facet normal 0.065874 -0.210661 0.975337
  outer loop
   vertex 0.143358 0.103773 1.201668
   vertex 0.144746 0.052417 1.190482
   vertex 0.197097 0.104428 1.198180
  endloop
 endfacet
 facet normal 0.127378 -0.269489 0.954542
  outer loop
   vertex 0.197097 0.104428 1.198180
   vertex 0.144746 0.052417 1.190482
   vertex 0.196911 0.053905 1.183941
  endloop
 endfacet
 facet normal 0.160314 -0.255716 0.953367
  outer loop
   vertex 0.144490 0.157002 1.215755
   vertex 0.143358 0.103773 1.201668
   vertex 0.197057 0.157764 1.207120
  endloop
 endfacet
 facet normal 0.065886 -0.164903 0.984107
  outer loop
   vertex 0.197057 0.157764 1.207120
   vertex 0.143358 0.103773 1.201668
   vertex 0.197097 0.104428 1.198180
  endloop
 endfacet
 facet normal 0.042807 -0.054527 0.997594
  outer loop
   vertex 0.144457 0.213435 1.218841
   vertex 0.144490 0.157002 1.215755
   vertex 0.189975 0.205388 1.216448
  endloop
 endfacet
 facet normal 0.162184 -0.166389 0.972631
  outer loop
   vertex 0.189975 0.205388 1.216448
   vertex 0.144490 0.157002 1.215755
   vertex 0.197057 0.157764 1.207120
  endloop
 endfacet
 facet normal 0.142111 -0.181182 0.973128
  outer loop
   vertex 0.088657 0.213622 1.225555
   vertex 0.035091 0.156660 1.222772
   vertex 0.088032 0.159605 1.215589
  endloop
 endfacet
 facet normal 0.250806 -0.492096 0.833630
  outer loop
   vertex 0.144014 0.274210 1.254850
   vertex 0.144457 0.213435 1.218841
   vertex 0.200890 0.271289 1.236014
  endloop
 endfacet
 facet normal 0.000079 -0.284633 0.958637
  outer loop
   vertex 0.200890 0.271289 1.236014
   vertex 0.144457 0.213435 1.218841
   vertex 0.189975 0.205388 1.216448
  endloop
 endfacet
 facet normal 0.322770 -0.677051 0.661379
  outer loop
   vertex 0.148434 0.330927 1.310754
   vertex 0.144014 0.274210 1.254850
   vertex 0.196617 0.322048 1.278150
  endloop
 endfacet
 facet normal -0.062803 -0.227317 0.971794
  outer loop
   vertex 0.033471 0.266148 1.257204
   vertex 0.085826 0.276786 1.263076
   vertex 0.050433 0.323330 1.271676
  endloop
 endfacet
 facet normal -0.544548 -0.533644 0.647064
  outer loop
   vertex 0.050433 0.323330 1.271676
   vertex 0.085826 0.276786 1.263076
   vertex 0.087436 0.341840 1.318082
  endloop
 endfacet
 facet normal -0.986715 -0.119294 0.110281
  outer loop
   vertex 0.040649 0.391338 1.257702
   vertex 0.050433 0.323330 1.271676
   vertex 0.047802 0.386435 1.316398
  endloop
 endfacet
 facet normal -0.577035 -0.488116 0.654808
  outer loop
   vertex 0.047802 0.386435 1.316398
   vertex 0.050433 0.323330 1.271676
   vertex 0.087436 0.341840 1.318082
  endloop
 endfacet
 facet normal -0.997080 0.076150 0.005690
  outer loop
   vertex 0.040399 0.392338 1.200511
   vertex 0.033832 0.305249 1.215272
   vertex 0.040649 0.391338 1.257702
  endloop
 endfacet
 facet normal -0.949955 -0.074321 0.303418
  outer loop
   vertex 0.040649 0.391338 1.257702
   vertex 0.033832 0.305249 1.215272
   vertex 0.050433 0.323330 1.271676
  endloop
 endfacet
 facet normal -0.992987 -0.059274 0.102287
  outer loop
   vertex 0.034366 0.396929 1.144604
   vertex 0.041026 0.312378 1.160262
   vertex 0.040399 0.392338 1.200511
  endloop
 endfacet
 facet normal -0.990988 0.053945 -0.122607
  outer loop
   vertex 0.040399 0.392338 1.200511
   vertex 0.041026 0.312378 1.160262
   vertex 0.033832 0.305249 1.215272
  endloop
 endfacet
 facet normal -0.991537 -0.101107 -0.081441
  outer loop
   vertex 0.038783 0.398984 1.088276
   vertex 0.046516 0.317571 1.095200
   vertex 0.034366 0.396929 1.144604
  endloop
 endfacet
 facet normal -0.991291 -0.094977 -0.091227
  outer loop
   vertex 0.034366 0.396929 1.144604
   vertex 0.046516 0.317571 1.095200
   vertex 0.041026 0.312378 1.160262
  endloop
 endfacet
 facet normal -0.999650 0.026467 0.000000
  outer loop
   vertex 0.038783 0.398984 1.033668
   vertex 0.036461 0.311283 1.041975
   vertex 0.038783 0.398984 1.088276
  endloop
 endfacet
 facet normal -0.978060 -0.076419 0.193799
  outer loop
   vertex 0.038783 0.398984 1.088276
   vertex 0.036461 0.311283 1.041975
   vertex 0.046516 0.317571 1.095200
  endloop
 endfacet
 facet normal -0.999853 0.017149 -0.000074
  outer loop
   vertex 0.038787 0.398981 0.979058
   vertex 0.037267 0.310427 0.994488
   vertex 0.038783 0.398984 1.033668
  endloop
 endfacet
 facet normal -0.999540 0.024815 -0.017413
  outer loop
   vertex 0.038783 0.398984 1.033668
   vertex 0.037267 0.310427 0.994488
   vertex 0.036461 0.311283 1.041975
  endloop
 endfacet
 facet normal -0.998475 -0.055178 -0.001789
  outer loop
   vertex 0.038889 0.398901 0.924601
   vertex 0.044008 0.305885 0.936495
   vertex 0.038787 0.398981 0.979058
  endloop
 endfacet
 facet normal -0.993335 -0.003027 -0.115226
  outer loop
   vertex 0.038787 0.398981 0.979058
   vertex 0.044008 0.305885 0.936495
   vertex 0.037267 0.310427 0.994488
  endloop
 endfacet
 facet normal -0.994748 -0.101301 -0.014634
  outer loop
   vertex 0.039709 0.398259 0.873306
   vertex 0.048461 0.310800 0.883806
   vertex 0.038889 0.398901 0.924601
  endloop
 endfacet
 facet normal -0.993723 -0.066217 -0.090161
  outer loop
   vertex 0.038889 0.398901 0.924601
   vertex 0.048461 0.310800 0.883806
   vertex 0.044008 0.305885 0.936495
  endloop
 endfacet
 facet normal -0.809920 -0.284629 0.512851
  outer loop
   vertex 0.013065 0.361811 0.811000
   vertex 0.020717 0.340037 0.811000
   vertex 0.039709 0.398259 0.873306
  endloop
 endfacet
 facet normal -0.940086 -0.053652 0.336691
  outer loop
   vertex 0.039709 0.398259 0.873306
   vertex 0.020717 0.340037 0.811000
   vertex 0.048461 0.310800 0.883806
  endloop
 endfacet
 facet normal 0.208604 -0.819168 0.534274
  outer loop
   vertex 0.141617 0.373500 1.378690
   vertex 0.148434 0.330927 1.310754
   vertex 0.196304 0.382819 1.371626
  endloop
 endfacet
 facet normal 0.261991 -0.826386 0.498444
  outer loop
   vertex 0.196304 0.382819 1.371626
   vertex 0.148434 0.330927 1.310754
   vertex 0.203339 0.358392 1.327430
  endloop
 endfacet
 facet normal -0.704401 -0.612494 0.358708
  outer loop
   vertex 0.047802 0.386435 1.316398
   vertex 0.087436 0.341840 1.318082
   vertex 0.082958 0.383435 1.380312
  endloop
 endfacet
 facet normal 0.019119 -0.530822 0.847268
  outer loop
   vertex 0.141448 0.434971 1.417206
   vertex 0.141617 0.373500 1.378690
   vertex 0.197020 0.435536 1.416306
  endloop
 endfacet
 facet normal 0.204409 -0.634523 0.745384
  outer loop
   vertex 0.197020 0.435536 1.416306
   vertex 0.141617 0.373500 1.378690
   vertex 0.196304 0.382819 1.371626
  endloop
 endfacet
 facet normal -0.002078 -0.593502 0.804830
  outer loop
   vertex 0.141168 0.486032 1.454859
   vertex 0.141448 0.434971 1.417206
   vertex 0.197802 0.482034 1.452057
  endloop
 endfacet
 facet normal 0.019032 -0.609623 0.792463
  outer loop
   vertex 0.197802 0.482034 1.452057
   vertex 0.141448 0.434971 1.417206
   vertex 0.197020 0.435536 1.416306
  endloop
 endfacet
 facet normal -0.028391 -0.007734 0.999567
  outer loop
   vertex 0.141013 0.541909 1.455287
   vertex 0.141168 0.486032 1.454859
   vertex 0.197549 0.543368 1.456904
  endloop
 endfacet
 facet normal 0.043732 -0.078527 0.995952
  outer loop
   vertex 0.197549 0.543368 1.456904
   vertex 0.141168 0.486032 1.454859
   vertex 0.197802 0.482034 1.452057
  endloop
 endfacet
 facet normal 0.227417 0.345759 0.910347
  outer loop
   vertex 0.130625 0.592587 1.438634
   vertex 0.141013 0.541909 1.455287
   vertex 0.188331 0.595542 1.423096
  endloop
 endfacet
 facet normal -0.037975 0.538674 0.841658
  outer loop
   vertex 0.188331 0.595542 1.423096
   vertex 0.141013 0.541909 1.455287
   vertex 0.197549 0.543368 1.456904
  endloop
 endfacet
 facet normal 0.266952 0.963708 0.002002
  outer loop
   vertex 0.194108 0.594044 1.373854
   vertex 0.142488 0.608341 1.374837
   vertex 0.188331 0.595542 1.423096
  endloop
 endfacet
 facet normal 0.015607 0.970040 0.242443
  outer loop
   vertex 0.188331 0.595542 1.423096
   vertex 0.142488 0.608341 1.374837
   vertex 0.130625 0.592587 1.438634
  endloop
 endfacet
 facet normal 0.271108 0.962546 -0.002251
  outer loop
   vertex 0.192933 0.594248 1.319556
   vertex 0.143133 0.608276 1.320189
   vertex 0.194108 0.594044 1.373854
  endloop
 endfacet
 facet normal 0.266952 0.963708 0.002005
  outer loop
   vertex 0.194108 0.594044 1.373854
   vertex 0.143133 0.608276 1.320189
   vertex 0.142488 0.608341 1.374837
  endloop
 endfacet
 facet normal 0.271339 0.962481 0.002058
  outer loop
   vertex 0.192567 0.594467 1.265405
   vertex 0.143062 0.608423 1.265531
   vertex 0.192933 0.594248 1.319556
  endloop
 endfacet
 facet normal 0.271161 0.962531 0.002236
  outer loop
   vertex 0.192933 0.594248 1.319556
   vertex 0.143062 0.608423 1.265531
   vertex 0.143133 0.608276 1.320189
  endloop
 endfacet
 facet normal 0.268208 0.963353 0.003852
  outer loop
   vertex 0.193016 0.594560 1.210872
   vertex 0.143071 0.608465 1.210926
   vertex 0.192567 0.594467 1.265405
  endloop
 endfacet
 facet normal 0.271337 0.962484 0.000785
  outer loop
   vertex 0.192567 0.594467 1.265405
   vertex 0.143071 0.608465 1.210926
   vertex 0.143062 0.608423 1.265531
  endloop
 endfacet
 facet normal 0.268206 0.963362 0.000000
  outer loop
   vertex 0.193016 0.594560 1.156263
   vertex 0.143071 0.608465 1.156318
   vertex 0.193016 0.594560 1.210872
  endloop
 endfacet
 facet normal 0.268206 0.963362 0.000000
  outer loop
   vertex 0.193016 0.594560 1.210872
   vertex 0.143071 0.608465 1.156318
   vertex 0.143071 0.608465 1.210926
  endloop
 endfacet
 facet normal 0.268212 0.963360 0.000012
  outer loop
   vertex 0.193015 0.594561 1.101655
   vertex 0.143071 0.608466 1.101709
   vertex 0.193016 0.594560 1.156263
  endloop
 endfacet
 facet normal 0.268206 0.963362 0.000018
  outer loop
   vertex 0.193016 0.594560 1.156263
   vertex 0.143071 0.608466 1.101709
   vertex 0.143071 0.608465 1.156318
  endloop
 endfacet
 facet normal 0.268194 0.963365 0.000000
  outer loop
   vertex 0.193015 0.594561 1.047047
   vertex 0.143071 0.608465 1.047101
   vertex 0.193015 0.594561 1.101655
  endloop
 endfacet
 facet normal 0.268212 0.963360 -0.000018
  outer loop
   vertex 0.193015 0.594561 1.101655
   vertex 0.143071 0.608465 1.047101
   vertex 0.143071 0.608466 1.101709
  endloop
 endfacet
 facet normal 0.268194 0.963365 0.000000
  outer loop
   vertex 0.193015 0.594561 0.992438
   vertex 0.143071 0.608465 0.992493
   vertex 0.193015 0.594561 1.047047
  endloop
 endfacet
 facet normal 0.268194 0.963365 0.000000
  outer loop
   vertex 0.193015 0.594561 1.047047
   vertex 0.143071 0.608465 0.992493
   vertex 0.143071 0.608465 1.047101
  endloop
 endfacet
 facet normal 0.268194 0.963365 0.000000
  outer loop
   vertex 0.193015 0.594561 0.937830
   vertex 0.143071 0.608465 0.937884
   vertex 0.193015 0.594561 0.992438
  endloop
 endfacet
 facet normal 0.268194 0.963365 0.000000
  outer loop
   vertex 0.193015 0.594561 0.992438
   vertex 0.143071 0.608465 0.937884
   vertex 0.143071 0.608465 0.992493
  endloop
 endfacet
 facet normal 0.268194 0.963365 0.000000
  outer loop
   vertex 0.193015 0.594561 0.883221
   vertex 0.143071 0.608465 0.883275
   vertex 0.193015 0.594561 0.937830
  endloop
 endfacet
 facet normal 0.268194 0.963365 0.000000
  outer loop
   vertex 0.193015 0.594561 0.937830
   vertex 0.143071 0.608465 0.883275
   vertex 0.143071 0.608465 0.937884
  endloop
 endfacet
 facet normal 0.268194 0.963365 0.000000
  outer loop
   vertex 0.193015 0.594561 0.828612
   vertex 0.143071 0.608465 0.828667
   vertex 0.193015 0.594561 0.883221
  endloop
 endfacet
 facet normal 0.268194 0.963365 0.000000
  outer loop
   vertex 0.193015 0.594561 0.883221
   vertex 0.143071 0.608465 0.828667
   vertex 0.143071 0.608465 0.883275
  endloop
 endfacet
 facet normal 0.268194 0.963365 0.000000
  outer loop
   vertex 0.193015 0.594561 0.774004
   vertex 0.143071 0.608465 0.774058
   vertex 0.193015 0.594561 0.828612
  endloop
 endfacet
 facet normal 0.268194 0.963365 0.000000
  outer loop
   vertex 0.193015 0.594561 0.828612
   vertex 0.143071 0.608465 0.774058
   vertex 0.143071 0.608465 0.828667
  endloop
 endfacet
 facet normal 0.268211 0.963360 -0.000017
  outer loop
   vertex 0.193015 0.594560 0.719396
   vertex 0.143071 0.608465 0.719450
   vertex 0.193015 0.594561 0.774004
  endloop
 endfacet
 facet normal 0.268194 0.963365 0.000000
  outer loop
   vertex 0.193015 0.594561 0.774004
   vertex 0.143071 0.608465 0.719450
   vertex 0.143071 0.608465 0.774058
  endloop
 endfacet
 facet normal 0.268211 0.963360 0.000000
  outer loop
   vertex 0.193015 0.594560 0.664787
   vertex 0.143071 0.608465 0.664842
   vertex 0.193015 0.594560 0.719396
  endloop
 endfacet
 facet normal 0.268211 0.963360 0.000000
  outer loop
   vertex 0.193015 0.594560 0.719396
   vertex 0.143071 0.608465 0.664842
   vertex 0.143071 0.608465 0.719450
  endloop
 endfacet
 facet normal 0.268211 0.963360 0.000000
  outer loop
   vertex 0.193015 0.594560 0.610178
   vertex 0.143071 0.608465 0.610233
   vertex 0.193015 0.594560 0.664787
  endloop
 endfacet
 facet normal 0.268211 0.963360 0.000000
  outer loop
   vertex 0.193015 0.594560 0.664787
   vertex 0.143071 0.608465 0.610233
   vertex 0.143071 0.608465 0.664842
  endloop
 endfacet
 facet normal 0.268211 0.963360 0.000000
  outer loop
   vertex 0.193015 0.594560 0.555570
   vertex 0.143071 0.608465 0.555625
   vertex 0.193015 0.594560 0.610178
  endloop
 endfacet
 facet normal 0.268211 0.963360 0.000000
  outer loop
   vertex 0.193015 0.594560 0.610178
   vertex 0.143071 0.608465 0.555625
   vertex 0.143071 0.608465 0.610233
  endloop
 endfacet
 facet normal 0.268211 0.963360 0.000000
  outer loop
   vertex 0.193015 0.594560 0.500961
   vertex 0.143071 0.608465 0.501017
   vertex 0.193015 0.594560 0.555570
  endloop
 endfacet
 facet normal 0.268211 0.963360 0.000000
  outer loop
   vertex 0.193015 0.594560 0.555570
   vertex 0.143071 0.608465 0.501017
   vertex 0.143071 0.608465 0.555625
  endloop
 endfacet
 facet normal 0.268211 0.963360 0.000000
  outer loop
   vertex 0.193015 0.594560 0.446353
   vertex 0.143071 0.608465 0.446407
   vertex 0.193015 0.594560 0.500961
  endloop
 endfacet
 facet normal 0.268211 0.963360 0.000000
  outer loop
   vertex 0.193015 0.594560 0.500961
   vertex 0.143071 0.608465 0.446407
   vertex 0.143071 0.608465 0.501017
  endloop
 endfacet
 facet normal 0.268211 0.963360 0.000000
  outer loop
   vertex 0.193015 0.594560 0.391745
   vertex 0.143071 0.608465 0.391799
   vertex 0.193015 0.594560 0.446353
  endloop
 endfacet
 facet normal 0.268211 0.963360 0.000000
  outer loop
   vertex 0.193015 0.594560 0.446353
   vertex 0.143071 0.608465 0.391799
   vertex 0.143071 0.608465 0.446407
  endloop
 endfacet
 facet normal 0.268211 0.963360 0.000000
  outer loop
   vertex 0.193015 0.594560 0.337136
   vertex 0.143071 0.608465 0.337191
   vertex 0.193015 0.594560 0.391745
  endloop
 endfacet
 facet normal 0.268211 0.963360 0.000000
  outer loop
   vertex 0.193015 0.594560 0.391745
   vertex 0.143071 0.608465 0.337191
   vertex 0.143071 0.608465 0.391799
  endloop
 endfacet
 facet normal 0.097060 0.955694 -0.277899
  outer loop
   vertex 0.164713 0.586578 0.142374
   vertex 0.145019 0.587966 0.140269
   vertex 0.146789 0.588196 0.141678
  endloop
 endfacet
 facet normal 0.097024 0.955929 -0.277103
  outer loop
   vertex 0.197913 0.584237 0.145921
   vertex 0.146789 0.588196 0.141678
   vertex 0.197818 0.584471 0.146695
  endloop
 endfacet
 facet normal 0.097056 0.955771 -0.277638
  outer loop
   vertex 0.164713 0.586578 0.142374
   vertex 0.146789 0.588196 0.141678
   vertex 0.197913 0.584237 0.145921
  endloop
 endfacet
 facet normal 0.240698 0.863460 -0.443285
  outer loop
   vertex 0.146789 0.588196 0.141678
   vertex 0.145019 0.587966 0.140269
   vertex 0.144991 0.588766 0.141812
  endloop
 endfacet
 facet normal -0.805145 -0.532474 0.261176
  outer loop
   vertex 0.144991 0.588766 0.141812
   vertex 0.144754 0.595541 0.154894
   vertex 0.144752 0.595596 0.155000
  endloop
 endfacet
 facet normal 0.240852 0.863615 -0.442899
  outer loop
   vertex 0.146864 0.595007 0.155000
   vertex 0.144991 0.588766 0.141812
   vertex 0.144752 0.595596 0.155000
  endloop
 endfacet
 facet normal 0.240782 0.863635 -0.442899
  outer loop
   vertex 0.152377 0.593470 0.155000
   vertex 0.144991 0.588766 0.141812
   vertex 0.146864 0.595007 0.155000
  endloop
 endfacet
 facet normal 0.143601 0.418707 -0.896696
  outer loop
   vertex 0.210203 0.540514 0.127473
   vertex 0.156707 0.544020 0.120543
   vertex 0.197913 0.584237 0.145921
  endloop
 endfacet
 facet normal 0.125935 0.433930 -0.892101
  outer loop
   vertex 0.164713 0.586578 0.142374
   vertex 0.156707 0.544020 0.120543
   vertex 0.145019 0.587966 0.140269
  endloop
 endfacet
 facet normal 0.125908 0.433936 -0.892102
  outer loop
   vertex 0.197913 0.584237 0.145921
   vertex 0.156707 0.544020 0.120543
   vertex 0.164713 0.586578 0.142374
  endloop
 endfacet
 facet normal 0.146349 0.423381 -0.894053
  outer loop
   vertex 0.143835 0.496150 0.095767
   vertex 0.156707 0.544020 0.120543
   vertex 0.198890 0.492011 0.102819
  endloop
 endfacet
 facet normal 0.143615 0.421601 -0.895337
  outer loop
   vertex 0.198890 0.492011 0.102819
   vertex 0.156707 0.544020 0.120543
   vertex 0.210203 0.540514 0.127473
  endloop
 endfacet
 facet normal 0.051801 0.444623 -0.894219
  outer loop
   vertex 0.032177 0.545709 0.110818
   vertex 0.096091 0.550905 0.117104
   vertex 0.087264 0.496310 0.089447
  endloop
 endfacet
 facet normal 0.152091 0.422577 -0.893475
  outer loop
   vertex 0.131335 0.440225 0.067189
   vertex 0.143835 0.496150 0.095767
   vertex 0.186088 0.436704 0.074844
  endloop
 endfacet
 facet normal 0.146290 0.419331 -0.895969
  outer loop
   vertex 0.186088 0.436704 0.074844
   vertex 0.143835 0.496150 0.095767
   vertex 0.198890 0.492011 0.102819
  endloop
 endfacet
 facet normal 0.052934 0.450444 -0.891234
  outer loop
   vertex 0.030897 0.434964 0.055500
   vertex 0.020949 0.481925 0.078644
   vertex 0.075031 0.438414 0.059865
  endloop
 endfacet
 facet normal 0.048763 0.446267 -0.893570
  outer loop
   vertex 0.075031 0.438414 0.059865
   vertex 0.020949 0.481925 0.078644
   vertex 0.087264 0.496310 0.089447
  endloop
 endfacet
 facet normal 0.193743 0.401564 -0.895103
  outer loop
   vertex 0.210466 0.379111 0.054283
   vertex 0.155334 0.382397 0.043824
   vertex 0.186088 0.436704 0.074844
  endloop
 endfacet
 facet normal 0.152089 0.423872 -0.892861
  outer loop
   vertex 0.186088 0.436704 0.074844
   vertex 0.155334 0.382397 0.043824
   vertex 0.131335 0.440225 0.067189
  endloop
 endfacet
 facet normal 0.201418 0.400459 -0.893904
  outer loop
   vertex 0.146433 0.325734 0.016434
   vertex 0.155334 0.382397 0.043824
   vertex 0.194204 0.319216 0.024278
  endloop
 endfacet
 facet normal 0.193856 0.396823 -0.897191
  outer loop
   vertex 0.194204 0.319216 0.024278
   vertex 0.155334 0.382397 0.043824
   vertex 0.210466 0.379111 0.054283
  endloop
 endfacet
 facet normal 0.128563 0.385095 -0.913878
  outer loop
   vertex 0.192256 0.280940 0.007875
   vertex 0.194204 0.319216 0.024278
   vertex 0.192588 0.281973 0.008357
  endloop
 endfacet
 facet normal 0.277166 -0.960822 -0.000002
  outer loop
   vertex 0.146905 -0.607360 0.720592
   vertex 0.146818 -0.607385 0.665916
   vertex 0.197864 -0.592660 0.719493
  endloop
 endfacet
 facet normal 0.277294 -0.960785 -0.000135
  outer loop
   vertex 0.197864 -0.592660 0.719493
   vertex 0.146818 -0.607385 0.665916
   vertex 0.197983 -0.592618 0.664920
  endloop
 endfacet
 facet normal 0.195861 -0.980632 -0.000305
  outer loop
   vertex 0.097062 -0.617300 0.786067
   vertex 0.096736 -0.617348 0.731268
   vertex 0.147213 -0.607280 0.775414
  endloop
 endfacet
 facet normal 0.195324 -0.980739 0.000334
  outer loop
   vertex 0.147213 -0.607280 0.775414
   vertex 0.096736 -0.617348 0.731268
   vertex 0.146905 -0.607360 0.720592
  endloop
 endfacet
 facet normal 0.195939 -0.980616 -0.000008
  outer loop
   vertex 0.097069 -0.617299 0.840681
   vertex 0.097062 -0.617300 0.786067
   vertex 0.147226 -0.607277 0.830032
  endloop
 endfacet
 facet normal 0.195925 -0.980619 0.000008
  outer loop
   vertex 0.147226 -0.607277 0.830032
   vertex 0.097062 -0.617300 0.786067
   vertex 0.147213 -0.607280 0.775414
  endloop
 endfacet
 facet normal 0.195944 -0.980615 0.000000
  outer loop
   vertex 0.097069 -0.617299 0.895289
   vertex 0.097069 -0.617299 0.840681
   vertex 0.147225 -0.607277 0.884641
  endloop
 endfacet
 facet normal 0.195941 -0.980616 0.000004
  outer loop
   vertex 0.147225 -0.607277 0.884641
   vertex 0.097069 -0.617299 0.840681
   vertex 0.147226 -0.607277 0.830032
  endloop
 endfacet
 facet normal 0.195939 -0.980616 0.000015
  outer loop
   vertex 0.097070 -0.617298 0.949898
   vertex 0.097069 -0.617299 0.895289
   vertex 0.147223 -0.607277 0.939249
  endloop
 endfacet
 facet normal 0.195945 -0.980615 0.000007
  outer loop
   vertex 0.147223 -0.607277 0.939249
   vertex 0.097069 -0.617299 0.895289
   vertex 0.147225 -0.607277 0.884641
  endloop
 endfacet
 facet normal 0.193777 -0.981041 0.002866
  outer loop
   vertex 0.096980 -0.617156 1.004575
   vertex 0.097070 -0.617298 0.949898
   vertex 0.147174 -0.607273 0.993842
  endloop
 endfacet
 facet normal 0.195987 -0.980606 0.000248
  outer loop
   vertex 0.147174 -0.607273 0.993842
   vertex 0.097070 -0.617298 0.949898
   vertex 0.147223 -0.607277 0.939249
  endloop
 endfacet
 facet normal 0.198527 -0.980095 0.000700
  outer loop
   vertex 0.095828 -0.617351 1.058282
   vertex 0.096980 -0.617156 1.004575
   vertex 0.145840 -0.607228 1.048006
  endloop
 endfacet
 facet normal 0.194338 -0.980919 0.005601
  outer loop
   vertex 0.145840 -0.607228 1.048006
   vertex 0.096980 -0.617156 1.004575
   vertex 0.147174 -0.607273 0.993842
  endloop
 endfacet
 facet normal 0.183242 -0.983017 0.009968
  outer loop
   vertex 0.089138 -0.618163 1.101189
   vertex 0.095828 -0.617351 1.058282
   vertex 0.136885 -0.609326 1.094932
  endloop
 endfacet
 facet normal 0.197159 -0.980352 -0.006206
  outer loop
   vertex 0.136885 -0.609326 1.094932
   vertex 0.095828 -0.617351 1.058282
   vertex 0.145840 -0.607228 1.048006
  endloop
 endfacet
 facet normal 0.002561 0.689043 0.724716
  outer loop
   vertex 0.022582 -0.523193 1.105851
   vertex 0.039727 -0.555565 1.136569
   vertex 0.076926 -0.522259 1.104771
  endloop
 endfacet
 facet normal -0.041827 0.713983 0.698912
  outer loop
   vertex 0.076926 -0.522259 1.104771
   vertex 0.039727 -0.555565 1.136569
   vertex 0.099392 -0.545100 1.129449
  endloop
 endfacet
 facet normal 0.018341 -0.464988 0.885127
  outer loop
   vertex 0.153292 -0.544335 1.128734
   vertex 0.099392 -0.545100 1.129449
   vertex 0.136885 -0.609326 1.094932
  endloop
 endfacet
 facet normal 0.188632 -0.377185 0.906725
  outer loop
   vertex 0.136885 -0.609326 1.094932
   vertex 0.099392 -0.545100 1.129449
   vertex 0.089138 -0.618163 1.101189
  endloop
 endfacet
 facet normal -0.052781 0.022162 0.998360
  outer loop
   vertex -0.020257 -0.552015 1.133319
   vertex -0.006452 -0.624187 1.135651
   vertex 0.039727 -0.555565 1.136569
  endloop
 endfacet
 facet normal -0.018821 -0.000710 0.999823
  outer loop
   vertex 0.039727 -0.555565 1.136569
   vertex -0.006452 -0.624187 1.135651
   vertex 0.030348 -0.623844 1.136344
  endloop
 endfacet
 facet normal 0.046978 -0.998896 -0.000214
  outer loop
   vertex 0.021799 -0.624247 1.140686
   vertex 0.019335 -0.624355 1.103961
   vertex 0.030348 -0.623844 1.136344
  endloop
 endfacet
 facet normal 0.059495 -0.998219 -0.004482
  outer loop
   vertex 0.030348 -0.623844 1.136344
   vertex 0.019335 -0.624355 1.103961
   vertex 0.054324 -0.622221 1.093124
  endloop
 endfacet
 facet normal -0.065084 -0.997336 0.032943
  outer loop
   vertex -0.006452 -0.624187 1.135651
   vertex -0.068216 -0.620660 1.120405
   vertex -0.031038 -0.623839 1.097612
  endloop
 endfacet
 facet normal -0.076894 -0.996946 0.013624
  outer loop
   vertex -0.031038 -0.623839 1.097612
   vertex -0.068216 -0.620660 1.120405
   vertex -0.069170 -0.620920 1.095996
  endloop
 endfacet
 facet normal 0.062636 -0.998020 0.005701
  outer loop
   vertex 0.019335 -0.624355 1.103961
   vertex 0.025178 -0.624318 1.046243
   vertex 0.054324 -0.622221 1.093124
  endloop
 endfacet
 facet normal 0.072597 -0.997361 -0.000522
  outer loop
   vertex 0.054324 -0.622221 1.093124
   vertex 0.025178 -0.624318 1.046243
   vertex 0.058716 -0.621871 1.035163
  endloop
 endfacet
 facet normal -0.076408 -0.997075 0.001924
  outer loop
   vertex -0.069170 -0.620920 1.095996
   vertex -0.067164 -0.621147 1.058030
   vertex -0.031038 -0.623839 1.097612
  endloop
 endfacet
 facet normal -0.071095 -0.997465 -0.002952
  outer loop
   vertex -0.031038 -0.623839 1.097612
   vertex -0.067164 -0.621147 1.058030
   vertex -0.021107 -0.624401 1.048323
  endloop
 endfacet
 facet normal 0.073084 -0.997325 0.000959
  outer loop
   vertex 0.025178 -0.624318 1.046243
   vertex 0.025437 -0.624352 0.991196
   vertex 0.058716 -0.621871 1.035163
  endloop
 endfacet
 facet normal 0.070882 -0.997481 0.002635
  outer loop
   vertex 0.058716 -0.621871 1.035163
   vertex 0.025437 -0.624352 0.991196
   vertex 0.059200 -0.621981 0.980496
  endloop
 endfacet
 facet normal -0.070900 -0.997481 -0.002022
  outer loop
   vertex -0.067164 -0.621147 1.058030
   vertex -0.066520 -0.621084 1.004363
   vertex -0.021107 -0.624401 1.048323
  endloop
 endfacet
 facet normal -0.073287 -0.997311 0.000458
  outer loop
   vertex -0.021107 -0.624401 1.048323
   vertex -0.066520 -0.621084 1.004363
   vertex -0.020440 -0.624475 0.993795
  endloop
 endfacet
 facet normal 0.070128 -0.997538 0.000245
  outer loop
   vertex 0.025437 -0.624352 0.991196
   vertex 0.025528 -0.624359 0.936573
   vertex 0.059200 -0.621981 0.980496
  endloop
 endfacet
 facet normal 0.069981 -0.997548 0.000359
  outer loop
   vertex 0.059200 -0.621981 0.980496
   vertex 0.025528 -0.624359 0.936573
   vertex 0.059238 -0.621998 0.925872
  endloop
 endfacet
 facet normal -0.072566 -0.997357 0.003617
  outer loop
   vertex -0.066520 -0.621084 1.004363
   vertex -0.066348 -0.621294 0.949896
   vertex -0.020440 -0.624475 0.993795
  endloop
 endfacet
 facet normal -0.069899 -0.997554 0.000814
  outer loop
   vertex -0.020440 -0.624475 0.993795
   vertex -0.066348 -0.621294 0.949896
   vertex -0.020362 -0.624525 0.939193
  endloop
 endfacet
 facet normal 0.069867 -0.997556 0.000000
  outer loop
   vertex 0.025528 -0.624359 0.936573
   vertex 0.025528 -0.624359 0.881965
   vertex 0.059238 -0.621998 0.925872
  endloop
 endfacet
 facet normal 0.069629 -0.997573 0.000184
  outer loop
   vertex 0.059238 -0.621998 0.925872
   vertex 0.025528 -0.624359 0.881965
   vertex 0.059239 -0.622008 0.871264
  endloop
 endfacet
 facet normal -0.070046 -0.997544 0.000179
  outer loop
   vertex -0.066348 -0.621294 0.949896
   vertex -0.066331 -0.621305 0.895288
   vertex -0.020362 -0.624525 0.939193
  endloop
 endfacet
 facet normal -0.069946 -0.997551 0.000073
  outer loop
   vertex -0.020362 -0.624525 0.939193
   vertex -0.066331 -0.621305 0.895288
   vertex -0.020362 -0.624529 0.884584
  endloop
 endfacet
 facet normal 0.069571 -0.997577 0.000001
  outer loop
   vertex 0.025528 -0.624359 0.881965
   vertex 0.025529 -0.624359 0.827356
   vertex 0.059239 -0.622008 0.871264
  endloop
 endfacet
 facet normal 0.069359 -0.997592 0.000164
  outer loop
   vertex 0.059239 -0.622008 0.871264
   vertex 0.025529 -0.624359 0.827356
   vertex 0.059239 -0.622017 0.816655
  endloop
 endfacet
 facet normal -0.069933 -0.997552 0.000130
  outer loop
   vertex -0.066331 -0.621305 0.895288
   vertex -0.066332 -0.621312 0.840679
   vertex -0.020362 -0.624529 0.884584
  endloop
 endfacet
 facet normal -0.069881 -0.997555 0.000076
  outer loop
   vertex -0.020362 -0.624529 0.884584
   vertex -0.066332 -0.621312 0.840679
   vertex -0.020364 -0.624533 0.829976
  endloop
 endfacet
 facet normal 0.069308 -0.997595 0.000001
  outer loop
   vertex 0.025529 -0.624359 0.827356
   vertex 0.025530 -0.624359 0.772771
   vertex 0.059239 -0.622017 0.816655
  endloop
 endfacet
 facet normal 0.069073 -0.997612 0.000183
  outer loop
   vertex 0.059239 -0.622017 0.816655
   vertex 0.025530 -0.624359 0.772771
   vertex 0.059225 -0.622028 0.762075
  endloop
 endfacet
 facet normal -0.069865 -0.997556 0.000146
  outer loop
   vertex -0.066332 -0.621312 0.840679
   vertex -0.066332 -0.621320 0.786075
   vertex -0.020364 -0.624533 0.829976
  endloop
 endfacet
 facet normal -0.069777 -0.997563 0.000053
  outer loop
   vertex -0.020364 -0.624533 0.829976
   vertex -0.066332 -0.621320 0.786075
   vertex -0.020363 -0.624536 0.775381
  endloop
 endfacet
 facet normal 0.069024 -0.997615 0.000027
  outer loop
   vertex 0.025530 -0.624359 0.772771
   vertex 0.025609 -0.624355 0.718816
   vertex 0.059225 -0.622028 0.762075
  endloop
 endfacet
 facet normal 0.068530 -0.997649 0.000412
  outer loop
   vertex 0.059225 -0.622028 0.762075
   vertex 0.025609 -0.624355 0.718816
   vertex 0.058776 -0.622081 0.708488
  endloop
 endfacet
 facet normal -0.069761 -0.997564 0.000121
  outer loop
   vertex -0.066332 -0.621320 0.786075
   vertex -0.066355 -0.621325 0.731667
   vertex -0.020363 -0.624536 0.775381
  endloop
 endfacet
 facet normal -0.069718 -0.997567 0.000076
  outer loop
   vertex -0.020363 -0.624536 0.775381
   vertex -0.066355 -0.621325 0.731667
   vertex -0.020365 -0.624540 0.721267
  endloop
 endfacet
 facet normal -0.069749 -0.997565 -0.000059
  outer loop
   vertex -0.066355 -0.621325 0.731667
   vertex -0.066698 -0.621298 0.680291
   vertex -0.020365 -0.624540 0.721267
  endloop
 endfacet
 facet normal -0.061853 0.437697 -0.896993
  outer loop
   vertex -0.058117 0.373363 0.026738
   vertex -0.075781 0.332210 0.007875
   vertex -0.074726 0.376004 0.029172
  endloop
 endfacet
 facet normal -0.058979 0.450210 -0.890973
  outer loop
   vertex -0.027470 0.368492 0.022248
   vertex -0.074726 0.376004 0.029172
   vertex -0.017668 0.425143 0.050225
  endloop
 endfacet
 facet normal -0.052137 0.479461 -0.876013
  outer loop
   vertex -0.058117 0.373363 0.026738
   vertex -0.074726 0.376004 0.029172
   vertex -0.027470 0.368492 0.022248
  endloop
 endfacet
 facet normal -0.050317 0.442112 -0.895548
  outer loop
   vertex -0.017668 0.425143 0.050225
   vertex -0.074726 0.376004 0.029172
   vertex -0.079354 0.442043 0.062034
  endloop
 endfacet
 facet normal -0.050541 0.441497 -0.895838
  outer loop
   vertex -0.017668 0.425143 0.050225
   vertex -0.079354 0.442043 0.062034
   vertex -0.027543 0.471678 0.073716
  endloop
 endfacet
 facet normal -0.047243 0.436724 -0.898354
  outer loop
   vertex -0.027543 0.471678 0.073716
   vertex -0.079354 0.442043 0.062034
   vertex -0.060021 0.492489 0.085541
  endloop
 endfacet
 facet normal -0.037280 0.449070 -0.892718
  outer loop
   vertex -0.020929 0.496277 0.085814
   vertex -0.027543 0.471678 0.073716
   vertex -0.060021 0.492489 0.085541
  endloop
 endfacet
 facet normal 0.049783 0.442811 -0.895232
  outer loop
   vertex 0.087264 0.496310 0.089447
   vertex 0.020949 0.481925 0.078644
   vertex 0.032177 0.545709 0.110818
  endloop
 endfacet
 facet normal -0.037053 0.446810 -0.893861
  outer loop
   vertex -0.020929 0.496277 0.085814
   vertex -0.060021 0.492489 0.085541
   vertex -0.020769 0.524972 0.100151
  endloop
 endfacet
 facet normal -0.039174 0.448868 -0.892739
  outer loop
   vertex -0.020769 0.524972 0.100151
   vertex -0.060021 0.492489 0.085541
   vertex -0.075025 0.541309 0.110746
  endloop
 endfacet
 facet normal -0.041078 0.444049 -0.895060
  outer loop
   vertex -0.020769 0.524972 0.100151
   vertex -0.075025 0.541309 0.110746
   vertex -0.026726 0.562481 0.119033
  endloop
 endfacet
 facet normal 0.052492 0.439270 -0.896820
  outer loop
   vertex 0.032177 0.545709 0.110818
   vertex 0.048071 0.591069 0.133966
   vertex 0.096091 0.550905 0.117104
  endloop
 endfacet
 facet normal 0.055026 0.441729 -0.895460
  outer loop
   vertex 0.096091 0.550905 0.117104
   vertex 0.048071 0.591069 0.133966
   vertex 0.097653 0.594846 0.138876
  endloop
 endfacet
 facet normal -0.015965 0.863841 -0.503511
  outer loop
   vertex 0.076793 0.594513 0.138964
   vertex 0.048071 0.591069 0.133966
   vertex 0.049419 0.591914 0.135373
  endloop
 endfacet
 facet normal -0.015901 0.863691 -0.503771
  outer loop
   vertex 0.097229 0.596453 0.141645
   vertex 0.048071 0.591069 0.133966
   vertex 0.076793 0.594513 0.138964
  endloop
 endfacet
 facet normal -0.015915 0.863728 -0.503707
  outer loop
   vertex 0.097653 0.594846 0.138876
   vertex 0.048071 0.591069 0.133966
   vertex 0.097229 0.596453 0.141645
  endloop
 endfacet
 facet normal -0.015918 0.863651 -0.503838
  outer loop
   vertex 0.072622 0.603792 0.155000
   vertex 0.059597 0.598298 0.145994
   vertex 0.068227 0.603711 0.155000
  endloop
 endfacet
 facet normal -0.015799 0.863579 -0.503966
  outer loop
   vertex 0.076284 0.603859 0.155000
   vertex 0.059597 0.598298 0.145994
   vertex 0.072622 0.603792 0.155000
  endloop
 endfacet
 facet normal -0.015901 0.863659 -0.503826
  outer loop
   vertex 0.095184 0.604207 0.155000
   vertex 0.059597 0.598298 0.145994
   vertex 0.076284 0.603859 0.155000
  endloop
 endfacet
 facet normal -0.015888 0.863637 -0.503864
  outer loop
   vertex 0.097229 0.596453 0.141645
   vertex 0.059597 0.598298 0.145994
   vertex 0.095184 0.604207 0.155000
  endloop
 endfacet
 facet normal -0.015886 0.863644 -0.503853
  outer loop
   vertex 0.076793 0.594513 0.138964
   vertex 0.059597 0.598298 0.145994
   vertex 0.097229 0.596453 0.141645
  endloop
 endfacet
 facet normal -0.015897 0.863631 -0.503873
  outer loop
   vertex 0.076793 0.594513 0.138964
   vertex 0.049419 0.591914 0.135373
   vertex 0.059597 0.598298 0.145994
  endloop
 endfacet
 facet normal 0.086637 0.815232 -0.572617
  outer loop
   vertex 0.049419 0.591914 0.135373
   vertex 0.048071 0.591069 0.133966
   vertex 0.047726 0.592037 0.135292
  endloop
 endfacet
 facet normal 0.086258 0.815250 -0.572649
  outer loop
   vertex 0.068227 0.603711 0.155000
   vertex 0.044979 0.599738 0.145842
   vertex 0.042595 0.606423 0.155000
  endloop
 endfacet
 facet normal 0.086262 0.815244 -0.572657
  outer loop
   vertex 0.059597 0.598298 0.145994
   vertex 0.044979 0.599738 0.145842
   vertex 0.068227 0.603711 0.155000
  endloop
 endfacet
 facet normal 0.086263 0.815258 -0.572637
  outer loop
   vertex 0.059597 0.598298 0.145994
   vertex 0.047726 0.592037 0.135292
   vertex 0.044979 0.599738 0.145842
  endloop
 endfacet
 facet normal 0.086636 0.815024 -0.572913
  outer loop
   vertex 0.049419 0.591914 0.135373
   vertex 0.047726 0.592037 0.135292
   vertex 0.059597 0.598298 0.145994
  endloop
 endfacet
 facet normal -0.054384 0.804480 -0.591485
  outer loop
   vertex -0.028739 0.590942 0.133671
   vertex -0.008269 0.593178 0.134830
   vertex -0.007962 0.592376 0.133711
  endloop
 endfacet
 facet normal -0.054510 0.805150 -0.590560
  outer loop
   vertex -0.032105 0.590753 0.133724
   vertex -0.008269 0.593178 0.134830
   vertex -0.028739 0.590942 0.133671
  endloop
 endfacet
 facet normal 0.099471 0.995040 0.000004
  outer loop
   vertex 0.089800 0.618520 0.282604
   vertex 0.034642 0.624034 0.282604
   vertex 0.089798 0.618520 0.337191
  endloop
 endfacet
 facet normal 0.099475 0.995040 0.000000
  outer loop
   vertex 0.089798 0.618520 0.337191
   vertex 0.034642 0.624034 0.282604
   vertex 0.034642 0.624034 0.337191
  endloop
 endfacet
 facet normal 0.099475 0.995040 0.000000
  outer loop
   vertex 0.089798 0.618520 0.337191
   vertex 0.034642 0.624034 0.337191
   vertex 0.089798 0.618520 0.391799
  endloop
 endfacet
 facet normal 0.099475 0.995040 0.000000
  outer loop
   vertex 0.089798 0.618520 0.391799
   vertex 0.034642 0.624034 0.337191
   vertex 0.034642 0.624034 0.391799
  endloop
 endfacet
 facet normal -0.079119 0.996865 0.000000
  outer loop
   vertex -0.021278 0.624693 0.337191
   vertex -0.077321 0.620245 0.337191
   vertex -0.021278 0.624693 0.391799
  endloop
 endfacet
 facet normal -0.079119 0.996865 0.000000
  outer loop
   vertex -0.021278 0.624693 0.391799
   vertex -0.077321 0.620245 0.337191
   vertex -0.077321 0.620245 0.391799
  endloop
 endfacet
 facet normal 0.099475 0.995040 0.000000
  outer loop
   vertex 0.089798 0.618520 0.391799
   vertex 0.034642 0.624034 0.391799
   vertex 0.089798 0.618520 0.446407
  endloop
 endfacet
 facet normal 0.099475 0.995040 0.000000
  outer loop
   vertex 0.089798 0.618520 0.446407
   vertex 0.034642 0.624034 0.391799
   vertex 0.034642 0.624034 0.446407
  endloop
 endfacet
 facet normal -0.079119 0.996865 0.000000
  outer loop
   vertex -0.021278 0.624693 0.391799
   vertex -0.077321 0.620245 0.391799
   vertex -0.021278 0.624693 0.446407
  endloop
 endfacet
 facet normal -0.079119 0.996865 0.000000
  outer loop
   vertex -0.021278 0.624693 0.446407
   vertex -0.077321 0.620245 0.391799
   vertex -0.077321 0.620245 0.446407
  endloop
 endfacet
 facet normal 0.099475 0.995040 0.000000
  outer loop
   vertex 0.089798 0.618520 0.446407
   vertex 0.034642 0.624034 0.446407
   vertex 0.089798 0.618520 0.501017
  endloop
 endfacet
 facet normal 0.099475 0.995040 0.000000
  outer loop
   vertex 0.089798 0.618520 0.501017
   vertex 0.034642 0.624034 0.446407
   vertex 0.034642 0.624034 0.501017
  endloop
 endfacet
 facet normal -0.079119 0.996865 0.000000
  outer loop
   vertex -0.021278 0.624693 0.446407
   vertex -0.077321 0.620245 0.446407
   vertex -0.021278 0.624693 0.501017
  endloop
 endfacet
 facet normal -0.079119 0.996865 0.000000
  outer loop
   vertex -0.021278 0.624693 0.501017
   vertex -0.077321 0.620245 0.446407
   vertex -0.077321 0.620245 0.501017
  endloop
 endfacet
 facet normal 0.099475 0.995040 0.000000
  outer loop
   vertex 0.089798 0.618520 0.501017
   vertex 0.034642 0.624034 0.501017
   vertex 0.089798 0.618520 0.555625
  endloop
 endfacet
 facet normal 0.099475 0.995040 0.000000
  outer loop
   vertex 0.089798 0.618520 0.555625
   vertex 0.034642 0.624034 0.501017
   vertex 0.034642 0.624034 0.555625
  endloop
 endfacet
 facet normal -0.079119 0.996865 0.000000
  outer loop
   vertex -0.021278 0.624693 0.501017
   vertex -0.077321 0.620245 0.501017
   vertex -0.021278 0.624693 0.555625
  endloop
 endfacet
 facet normal -0.079119 0.996865 0.000000
  outer loop
   vertex -0.021278 0.624693 0.555625
   vertex -0.077321 0.620245 0.501017
   vertex -0.077321 0.620245 0.555625
  endloop
 endfacet
 facet normal 0.099475 0.995040 0.000000
  outer loop
   vertex 0.089798 0.618520 0.555625
   vertex 0.034642 0.624034 0.555625
   vertex 0.089798 0.618520 0.610233
  endloop
 endfacet
 facet normal 0.099475 0.995040 0.000000
  outer loop
   vertex 0.089798 0.618520 0.610233
   vertex 0.034642 0.624034 0.555625
   vertex 0.034642 0.624034 0.610233
  endloop
 endfacet
 facet normal -0.079119 0.996865 0.000000
  outer loop
   vertex -0.021278 0.624693 0.555625
   vertex -0.077321 0.620245 0.555625
   vertex -0.021278 0.624693 0.610233
  endloop
 endfacet
 facet normal -0.079119 0.996865 0.000000
  outer loop
   vertex -0.021278 0.624693 0.610233
   vertex -0.077321 0.620245 0.555625
   vertex -0.077321 0.620245 0.610233
  endloop
 endfacet
 facet normal 0.099475 0.995040 0.000000
  outer loop
   vertex 0.089798 0.618520 0.610233
   vertex 0.034642 0.624034 0.610233
   vertex 0.089798 0.618520 0.664842
  endloop
 endfacet
 facet normal 0.099475 0.995040 0.000000
  outer loop
   vertex 0.089798 0.618520 0.664842
   vertex 0.034642 0.624034 0.610233
   vertex 0.034642 0.624034 0.664842
  endloop
 endfacet
 facet normal -0.079119 0.996865 0.000000
  outer loop
   vertex -0.021278 0.624693 0.610233
   vertex -0.077321 0.620245 0.610233
   vertex -0.021278 0.624693 0.664842
  endloop
 endfacet
 facet normal -0.079119 0.996865 0.000000
  outer loop
   vertex -0.021278 0.624693 0.664842
   vertex -0.077321 0.620245 0.610233
   vertex -0.077321 0.620245 0.664842
  endloop
 endfacet
 facet normal 0.099475 0.995040 0.000000
  outer loop
   vertex 0.089798 0.618520 0.664842
   vertex 0.034642 0.624034 0.664842
   vertex 0.089798 0.618520 0.719450
  endloop
 endfacet
 facet normal 0.099475 0.995040 0.000000
  outer loop
   vertex 0.089798 0.618520 0.719450
   vertex 0.034642 0.624034 0.664842
   vertex 0.034642 0.624034 0.719450
  endloop
 endfacet
 facet normal -0.079119 0.996865 -0.000018
  outer loop
   vertex -0.021278 0.624693 0.664842
   vertex -0.077321 0.620245 0.664842
   vertex -0.021278 0.624694 0.719450
  endloop
 endfacet
 facet normal -0.079137 0.996864 0.000000
  outer loop
   vertex -0.021278 0.624694 0.719450
   vertex -0.077321 0.620245 0.664842
   vertex -0.077321 0.620245 0.719450
  endloop
 endfacet
 facet normal 0.099475 0.995040 0.000000
  outer loop
   vertex 0.089798 0.618520 0.719450
   vertex 0.034642 0.624034 0.719450
   vertex 0.089798 0.618520 0.774058
  endloop
 endfacet
 facet normal 0.099475 0.995040 0.000000
  outer loop
   vertex 0.089798 0.618520 0.774058
   vertex 0.034642 0.624034 0.719450
   vertex 0.034642 0.624034 0.774058
  endloop
 endfacet
 facet normal -0.079137 0.996864 -0.000001
  outer loop
   vertex -0.021278 0.624694 0.719450
   vertex -0.077321 0.620245 0.719450
   vertex -0.021279 0.624694 0.774058
  endloop
 endfacet
 facet normal -0.079138 0.996864 0.000000
  outer loop
   vertex -0.021279 0.624694 0.774058
   vertex -0.077321 0.620245 0.719450
   vertex -0.077321 0.620245 0.774058
  endloop
 endfacet
 facet normal 0.099475 0.995040 -0.000002
  outer loop
   vertex 0.089798 0.618520 0.774058
   vertex 0.034642 0.624034 0.774058
   vertex 0.089799 0.618520 0.828667
  endloop
 endfacet
 facet normal 0.099473 0.995040 0.000000
  outer loop
   vertex 0.089799 0.618520 0.828667
   vertex 0.034642 0.624034 0.774058
   vertex 0.034642 0.624034 0.828667
  endloop
 endfacet
 facet normal -0.079138 0.996864 0.000000
  outer loop
   vertex -0.021279 0.624694 0.774058
   vertex -0.077321 0.620245 0.774058
   vertex -0.021279 0.624694 0.828667
  endloop
 endfacet
 facet normal -0.079138 0.996864 0.000000
  outer loop
   vertex -0.021279 0.624694 0.828667
   vertex -0.077321 0.620245 0.774058
   vertex -0.077321 0.620245 0.828667
  endloop
 endfacet
 facet normal 0.099473 0.995040 0.000002
  outer loop
   vertex 0.089799 0.618520 0.828667
   vertex 0.034642 0.624034 0.828667
   vertex 0.089798 0.618520 0.883275
  endloop
 endfacet
 facet normal 0.099475 0.995040 0.000000
  outer loop
   vertex 0.089798 0.618520 0.883275
   vertex 0.034642 0.624034 0.828667
   vertex 0.034642 0.624034 0.883275
  endloop
 endfacet
 facet normal -0.079138 0.996864 0.000001
  outer loop
   vertex -0.021279 0.624694 0.828667
   vertex -0.077321 0.620245 0.828667
   vertex -0.021278 0.624694 0.883275
  endloop
 endfacet
 facet normal -0.079137 0.996864 0.000000
  outer loop
   vertex -0.021278 0.624694 0.883275
   vertex -0.077321 0.620245 0.828667
   vertex -0.077321 0.620245 0.883275
  endloop
 endfacet
 facet normal 0.099475 0.995040 -0.000002
  outer loop
   vertex 0.089798 0.618520 0.883275
   vertex 0.034642 0.624034 0.883275
   vertex 0.089799 0.618520 0.937884
  endloop
 endfacet
 facet normal 0.099473 0.995040 0.000000
  outer loop
   vertex 0.089799 0.618520 0.937884
   vertex 0.034642 0.624034 0.883275
   vertex 0.034642 0.624034 0.937884
  endloop
 endfacet
 facet normal -0.079137 0.996864 0.000000
  outer loop
   vertex -0.021278 0.624694 0.883275
   vertex -0.077321 0.620245 0.883275
   vertex -0.021278 0.624694 0.937884
  endloop
 endfacet
 facet normal -0.079137 0.996864 0.000000
  outer loop
   vertex -0.021278 0.624694 0.937884
   vertex -0.077321 0.620245 0.883275
   vertex -0.077321 0.620245 0.937884
  endloop
 endfacet
 facet normal 0.099473 0.995040 0.000002
  outer loop
   vertex 0.089799 0.618520 0.937884
   vertex 0.034642 0.624034 0.937884
   vertex 0.089798 0.618520 0.992493
  endloop
 endfacet
 facet normal 0.099475 0.995040 0.000000
  outer loop
   vertex 0.089798 0.618520 0.992493
   vertex 0.034642 0.624034 0.937884
   vertex 0.034642 0.624034 0.992493
  endloop
 endfacet
 facet normal -0.079137 0.996864 -0.000001
  outer loop
   vertex -0.021278 0.624694 0.937884
   vertex -0.077321 0.620245 0.937884
   vertex -0.021279 0.624694 0.992493
  endloop
 endfacet
 facet normal -0.079138 0.996864 0.000000
  outer loop
   vertex -0.021279 0.624694 0.992493
   vertex -0.077321 0.620245 0.937884
   vertex -0.077321 0.620245 0.992493
  endloop
 endfacet
 facet normal 0.099475 0.995040 0.000000
  outer loop
   vertex 0.089798 0.618520 0.992493
   vertex 0.034642 0.624034 0.992493
   vertex 0.089798 0.618520 1.047101
  endloop
 endfacet
 facet normal 0.099475 0.995040 0.000000
  outer loop
   vertex 0.089798 0.618520 1.047101
   vertex 0.034642 0.624034 0.992493
   vertex 0.034642 0.624034 1.047101
  endloop
 endfacet
 facet normal -0.079138 0.996864 0.000000
  outer loop
   vertex -0.021279 0.624694 0.992493
   vertex -0.077321 0.620245 0.992493
   vertex -0.021279 0.624694 1.047101
  endloop
 endfacet
 facet normal -0.079138 0.996864 0.000000
  outer loop
   vertex -0.021279 0.624694 1.047101
   vertex -0.077321 0.620245 0.992493
   vertex -0.077321 0.620245 1.047101
  endloop
 endfacet
 facet normal 0.099475 0.995040 -0.000002
  outer loop
   vertex 0.089798 0.618520 1.047101
   vertex 0.034642 0.624034 1.047101
   vertex 0.089799 0.618520 1.101709
  endloop
 endfacet
 facet normal 0.099473 0.995040 0.000000
  outer loop
   vertex 0.089799 0.618520 1.101709
   vertex 0.034642 0.624034 1.047101
   vertex 0.034642 0.624034 1.101709
  endloop
 endfacet
 facet normal -0.079138 0.996864 0.000001
  outer loop
   vertex -0.021279 0.624694 1.047101
   vertex -0.077321 0.620245 1.047101
   vertex -0.021278 0.624694 1.101709
  endloop
 endfacet
 facet normal -0.079137 0.996864 0.000000
  outer loop
   vertex -0.021278 0.624694 1.101709
   vertex -0.077321 0.620245 1.047101
   vertex -0.077321 0.620245 1.101709
  endloop
 endfacet
 facet normal 0.099473 0.995040 0.000002
  outer loop
   vertex 0.089799 0.618520 1.101709
   vertex 0.034642 0.624034 1.101709
   vertex 0.089798 0.618520 1.156318
  endloop
 endfacet
 facet normal 0.099475 0.995040 0.000000
  outer loop
   vertex 0.089798 0.618520 1.156318
   vertex 0.034642 0.624034 1.101709
   vertex 0.034642 0.624034 1.156318
  endloop
 endfacet
 facet normal -0.079137 0.996864 0.000018
  outer loop
   vertex -0.021278 0.624694 1.101709
   vertex -0.077321 0.620245 1.101709
   vertex -0.021278 0.624693 1.156318
  endloop
 endfacet
 facet normal -0.079119 0.996865 0.000000
  outer loop
   vertex -0.021278 0.624693 1.156318
   vertex -0.077321 0.620245 1.101709
   vertex -0.077321 0.620245 1.156318
  endloop
 endfacet
 facet normal 0.099475 0.995040 0.000000
  outer loop
   vertex 0.089798 0.618520 1.156318
   vertex 0.034642 0.624034 1.156318
   vertex 0.089798 0.618520 1.210926
  endloop
 endfacet
 facet normal 0.099475 0.995040 0.000000
  outer loop
   vertex 0.089798 0.618520 1.210926
   vertex 0.034642 0.624034 1.156318
   vertex 0.034642 0.624034 1.210926
  endloop
 endfacet
 facet normal -0.079119 0.996865 -0.000018
  outer loop
   vertex -0.021278 0.624693 1.156318
   vertex -0.077321 0.620245 1.156318
   vertex -0.021278 0.624694 1.210926
  endloop
 endfacet
 facet normal -0.079137 0.996864 0.000000
  outer loop
   vertex -0.021278 0.624694 1.210926
   vertex -0.077321 0.620245 1.156318
   vertex -0.077321 0.620245 1.210926
  endloop
 endfacet
 facet normal 0.099474 0.995035 0.003132
  outer loop
   vertex 0.089798 0.618520 1.210926
   vertex 0.034642 0.624034 1.210926
   vertex 0.089938 0.618334 1.265574
  endloop
 endfacet
 facet normal 0.101697 0.994815 0.000860
  outer loop
   vertex 0.089938 0.618334 1.265574
   vertex 0.034642 0.624034 1.210926
   vertex 0.033993 0.624053 1.265682
  endloop
 endfacet
 facet normal -0.079136 0.996858 0.003432
  outer loop
   vertex -0.021278 0.624694 1.210926
   vertex -0.077321 0.620245 1.210926
   vertex -0.021691 0.624473 1.265594
  endloop
 endfacet
 facet normal -0.077749 0.996971 0.002012
  outer loop
   vertex -0.021691 0.624473 1.265594
   vertex -0.077321 0.620245 1.210926
   vertex -0.076932 0.620165 1.265597
  endloop
 endfacet
 facet normal 0.101700 0.994812 0.002304
  outer loop
   vertex 0.089938 0.618334 1.265574
   vertex 0.033993 0.624053 1.265682
   vertex 0.090009 0.618200 1.320302
  endloop
 endfacet
 facet normal 0.103027 0.994678 0.000928
  outer loop
   vertex 0.090009 0.618200 1.320302
   vertex 0.033993 0.624053 1.265682
   vertex 0.034438 0.623956 1.320249
  endloop
 endfacet
 facet normal -0.077749 0.996971 0.002078
  outer loop
   vertex -0.021691 0.624473 1.265594
   vertex -0.076932 0.620165 1.265597
   vertex -0.021588 0.624367 1.320297
  endloop
 endfacet
 facet normal -0.077688 0.996976 0.002016
  outer loop
   vertex -0.021588 0.624367 1.320297
   vertex -0.076932 0.620165 1.265597
   vertex -0.077220 0.620032 1.320271
  endloop
 endfacet
 facet normal 0.103031 0.994674 -0.003020
  outer loop
   vertex 0.090009 0.618200 1.320302
   vertex 0.034438 0.623956 1.320249
   vertex 0.088704 0.618501 1.374918
  endloop
 endfacet
 facet normal 0.097485 0.995234 0.002540
  outer loop
   vertex 0.088704 0.618501 1.374918
   vertex 0.034438 0.623956 1.320249
   vertex 0.033582 0.623900 1.375045
  endloop
 endfacet
 facet normal -0.077683 0.996964 -0.005293
  outer loop
   vertex -0.021588 0.624367 1.320297
   vertex -0.077220 0.620032 1.320271
   vertex -0.023067 0.624540 1.374587
  endloop
 endfacet
 facet normal -0.084180 0.996450 0.001227
  outer loop
   vertex -0.023067 0.624540 1.374587
   vertex -0.077220 0.620032 1.320271
   vertex -0.078771 0.619834 1.374644
  endloop
 endfacet
 facet normal 0.091982 0.930790 0.353793
  outer loop
   vertex 0.088704 0.618501 1.374918
   vertex 0.033582 0.623900 1.375045
   vertex 0.075643 0.594666 1.441021
  endloop
 endfacet
 facet normal 0.068041 0.927494 0.367595
  outer loop
   vertex 0.075643 0.594666 1.441021
   vertex 0.033582 0.623900 1.375045
   vertex 0.022183 0.596953 1.445146
  endloop
 endfacet
 facet normal -0.074397 0.886169 0.457351
  outer loop
   vertex -0.023067 0.624540 1.374587
   vertex -0.078771 0.619834 1.374644
   vertex -0.033892 0.589405 1.440904
  endloop
 endfacet
 facet normal -0.052282 0.893610 0.445790
  outer loop
   vertex -0.033892 0.589405 1.440904
   vertex -0.078771 0.619834 1.374644
   vertex -0.090541 0.586189 1.440707
  endloop
 endfacet
 facet normal 0.084327 0.217127 0.972494
  outer loop
   vertex 0.022183 0.596953 1.445146
   vertex 0.032534 0.540319 1.456893
   vertex 0.075643 0.594666 1.441021
  endloop
 endfacet
 facet normal -0.000170 0.280463 0.959865
  outer loop
   vertex 0.075643 0.594666 1.441021
   vertex 0.032534 0.540319 1.456893
   vertex 0.086574 0.540071 1.456975
  endloop
 endfacet
 facet normal -0.004085 0.010688 0.999935
  outer loop
   vertex -0.090541 0.586189 1.440707
   vertex -0.075398 0.540797 1.441254
   vertex -0.033892 0.589405 1.440904
  endloop
 endfacet
 facet normal -0.167997 0.150466 0.974237
  outer loop
   vertex -0.033892 0.589405 1.440904
   vertex -0.075398 0.540797 1.441254
   vertex -0.022995 0.541045 1.450252
  endloop
 endfacet
 facet normal -0.002164 -0.144376 0.989521
  outer loop
   vertex 0.032534 0.540319 1.456893
   vertex 0.033649 0.485815 1.448943
   vertex 0.086574 0.540071 1.456975
  endloop
 endfacet
 facet normal 0.007667 -0.153753 0.988080
  outer loop
   vertex 0.086574 0.540071 1.456975
   vertex 0.033649 0.485815 1.448943
   vertex 0.088283 0.485410 1.448456
  endloop
 endfacet
 facet normal -0.166368 -0.158360 0.973264
  outer loop
   vertex -0.075398 0.540797 1.441254
   vertex -0.066324 0.496251 1.435557
   vertex -0.022995 0.541045 1.450252
  endloop
 endfacet
 facet normal -0.228444 -0.096827 0.968730
  outer loop
   vertex -0.022995 0.541045 1.450252
   vertex -0.066324 0.496251 1.435557
   vertex -0.020466 0.487125 1.445459
  endloop
 endfacet
 facet normal 0.004645 -0.448231 0.893906
  outer loop
   vertex 0.033649 0.485815 1.448943
   vertex 0.033540 0.437115 1.424524
   vertex 0.088283 0.485410 1.448456
  endloop
 endfacet
 facet normal 0.087809 -0.520432 0.849376
  outer loop
   vertex 0.088283 0.485410 1.448456
   vertex 0.033540 0.437115 1.424524
   vertex 0.086513 0.437602 1.419346
  endloop
 endfacet
 facet normal -0.251551 -0.249350 0.935172
  outer loop
   vertex -0.066324 0.496251 1.435557
   vertex -0.079703 0.441599 1.417386
   vertex -0.020466 0.487125 1.445459
  endloop
 endfacet
 facet normal -0.104931 -0.419477 0.901681
  outer loop
   vertex -0.020466 0.487125 1.445459
   vertex -0.079703 0.441599 1.417386
   vertex -0.020635 0.438564 1.422848
  endloop
 endfacet
 facet normal 0.065469 -0.801502 0.594398
  outer loop
   vertex 0.033540 0.437115 1.424524
   vertex 0.026699 0.399964 1.375182
   vertex 0.086513 0.437602 1.419346
  endloop
 endfacet
 facet normal -0.236428 -0.557802 0.795587
  outer loop
   vertex 0.086513 0.437602 1.419346
   vertex 0.026699 0.399964 1.375182
   vertex 0.082958 0.383435 1.380312
  endloop
 endfacet
 facet normal -0.100478 -0.720246 0.686404
  outer loop
   vertex -0.079703 0.441599 1.417386
   vertex -0.073588 0.405816 1.380734
   vertex -0.020635 0.438564 1.422848
  endloop
 endfacet
 facet normal 0.141650 -0.859845 0.490512
  outer loop
   vertex -0.020635 0.438564 1.422848
   vertex -0.073588 0.405816 1.380734
   vertex -0.021491 0.411489 1.375634
  endloop
 endfacet
 facet normal -0.289641 -0.950236 0.114716
  outer loop
   vertex 0.026699 0.399964 1.375182
   vertex 0.047802 0.386435 1.316398
   vertex 0.082958 0.383435 1.380312
  endloop
 endfacet
 facet normal 0.110009 -0.993761 0.018335
  outer loop
   vertex -0.073588 0.405816 1.380734
   vertex -0.083655 0.403671 1.324877
   vertex -0.021491 0.411489 1.375634
  endloop
 endfacet
 facet normal 0.124720 -0.992192 0.000076
  outer loop
   vertex -0.021491 0.411489 1.375634
   vertex -0.083655 0.403671 1.324877
   vertex -0.022078 0.411411 1.320364
  endloop
 endfacet
 facet normal 0.124687 -0.992196 -0.000391
  outer loop
   vertex -0.083655 0.403671 1.324877
   vertex -0.082113 0.403888 1.265909
   vertex -0.022078 0.411411 1.320364
  endloop
 endfacet
 facet normal 0.130007 -0.991493 -0.006354
  outer loop
   vertex -0.022078 0.411411 1.320364
   vertex -0.082113 0.403888 1.265909
   vertex -0.022481 0.411715 1.264677
  endloop
 endfacet
 facet normal 0.130014 -0.991494 -0.006037
  outer loop
   vertex -0.082113 0.403888 1.265909
   vertex -0.082149 0.404217 1.211101
   vertex -0.022481 0.411715 1.264677
  endloop
 endfacet
 facet normal 0.128981 -0.991635 -0.004867
  outer loop
   vertex -0.022481 0.411715 1.264677
   vertex -0.082149 0.404217 1.211101
   vertex -0.023262 0.411884 1.209549
  endloop
 endfacet
 facet normal 0.129121 -0.991629 0.000463
  outer loop
   vertex -0.082149 0.404217 1.211101
   vertex -0.083020 0.404078 1.156319
   vertex -0.023262 0.411884 1.209549
  endloop
 endfacet
 facet normal 0.129607 -0.991565 -0.000092
  outer loop
   vertex -0.023262 0.411884 1.209549
   vertex -0.083020 0.404078 1.156319
   vertex -0.023347 0.411878 1.154907
  endloop
 endfacet
 facet normal 0.129610 -0.991565 0.000000
  outer loop
   vertex -0.083020 0.404078 1.156319
   vertex -0.083020 0.404078 1.101709
   vertex -0.023347 0.411878 1.154907
  endloop
 endfacet
 facet normal 0.129610 -0.991565 0.000000
  outer loop
   vertex -0.023347 0.411878 1.154907
   vertex -0.083020 0.404078 1.101709
   vertex -0.023347 0.411878 1.100289
  endloop
 endfacet
 facet normal 0.129609 -0.991565 -0.000002
  outer loop
   vertex -0.083020 0.404078 1.101709
   vertex -0.083021 0.404078 1.047101
   vertex -0.023347 0.411878 1.100289
  endloop
 endfacet
 facet normal 0.129607 -0.991565 0.000000
  outer loop
   vertex -0.023347 0.411878 1.100289
   vertex -0.083021 0.404078 1.047101
   vertex -0.023347 0.411878 1.045681
  endloop
 endfacet
 facet normal 0.129608 -0.991565 0.000009
  outer loop
   vertex -0.083021 0.404078 1.047101
   vertex -0.083025 0.404077 0.992492
   vertex -0.023347 0.411878 1.045681
  endloop
 endfacet
 facet normal 0.129613 -0.991565 0.000002
  outer loop
   vertex -0.023347 0.411878 1.045681
   vertex -0.083025 0.404077 0.992492
   vertex -0.023346 0.411878 0.991072
  endloop
 endfacet
 facet normal 0.129616 -0.991564 0.000126
  outer loop
   vertex -0.083025 0.404077 0.992492
   vertex -0.083102 0.404060 0.937935
   vertex -0.023346 0.411878 0.991072
  endloop
 endfacet
 facet normal 0.129660 -0.991558 0.000075
  outer loop
   vertex -0.023346 0.411878 0.991072
   vertex -0.083102 0.404060 0.937935
   vertex -0.023276 0.411883 0.936519
  endloop
 endfacet
 facet normal 0.129649 -0.991560 -0.000402
  outer loop
   vertex -0.083102 0.404060 0.937935
   vertex -0.082853 0.404114 0.885100
   vertex -0.023276 0.411883 0.936519
  endloop
 endfacet
 facet normal 0.128749 -0.991677 0.000658
  outer loop
   vertex -0.023276 0.411883 0.936519
   vertex -0.082853 0.404114 0.885100
   vertex -0.022673 0.411926 0.883343
  endloop
 endfacet
 facet normal 0.126009 -0.859179 0.495916
  outer loop
   vertex -0.082853 0.404114 0.885100
   vertex -0.066657 0.363719 0.811000
   vertex -0.022673 0.411926 0.883343
  endloop
 endfacet
 facet normal 0.126698 -0.859280 0.495565
  outer loop
   vertex -0.022673 0.411926 0.883343
   vertex -0.066657 0.363719 0.811000
   vertex -0.020803 0.370480 0.811000
  endloop
 endfacet
 facet normal 0.000000 0.000000 1.000000
  outer loop
   vertex -0.066657 0.363719 0.811000
   vertex -0.061862 0.325376 0.811000
   vertex -0.020803 0.370480 0.811000
  endloop
 endfacet
 facet normal 0.000000 -0.000000 1.000000
  outer loop
   vertex -0.020803 0.370480 0.811000
   vertex -0.061862 0.325376 0.811000
   vertex -0.010792 0.329986 0.811000
  endloop
 endfacet
 facet normal -0.077892 0.862890 0.499353
  outer loop
   vertex -0.010792 0.329986 0.811000
   vertex -0.061862 0.325376 0.811000
   vertex -0.018742 0.286936 0.884151
  endloop
 endfacet
 facet normal -0.128139 0.844822 0.519477
  outer loop
   vertex -0.018742 0.286936 0.884151
   vertex -0.061862 0.325376 0.811000
   vertex -0.070337 0.278817 0.884628
  endloop
 endfacet
 facet normal -0.155471 0.987837 -0.002687
  outer loop
   vertex -0.018742 0.286936 0.884151
   vertex -0.070337 0.278817 0.884628
   vertex -0.020502 0.286805 0.937822
  endloop
 endfacet
 facet normal -0.164079 0.986431 0.005588
  outer loop
   vertex -0.020502 0.286805 0.937822
   vertex -0.070337 0.278817 0.884628
   vertex -0.073619 0.277969 0.937954
  endloop
 endfacet
 facet normal -0.164096 0.986444 -0.000367
  outer loop
   vertex -0.020502 0.286805 0.937822
   vertex -0.073619 0.277969 0.937954
   vertex -0.020648 0.286801 0.992436
  endloop
 endfacet
 facet normal -0.165563 0.986199 0.001100
  outer loop
   vertex -0.020648 0.286801 0.992436
   vertex -0.073619 0.277969 0.937954
   vertex -0.073989 0.277846 0.992541
  endloop
 endfacet
 facet normal -0.165559 0.986196 0.002690
  outer loop
   vertex -0.020648 0.286801 0.992436
   vertex -0.073989 0.277846 0.992541
   vertex -0.020751 0.286635 1.046945
  endloop
 endfacet
 facet normal -0.163349 0.986568 0.000467
  outer loop
   vertex -0.020751 0.286635 1.046945
   vertex -0.073989 0.277846 0.992541
   vertex -0.073996 0.277819 1.047152
  endloop
 endfacet
 facet normal -0.163318 0.986546 0.007370
  outer loop
   vertex -0.020751 0.286635 1.046945
   vertex -0.073996 0.277819 1.047152
   vertex -0.020712 0.286233 1.101620
  endloop
 endfacet
 facet normal -0.159486 0.987194 0.003521
  outer loop
   vertex -0.020712 0.286233 1.101620
   vertex -0.073996 0.277819 1.047152
   vertex -0.074021 0.277621 1.101532
  endloop
 endfacet
 facet normal -0.159468 0.987184 -0.006160
  outer loop
   vertex -0.020712 0.286233 1.101620
   vertex -0.074021 0.277621 1.101532
   vertex -0.021302 0.286483 1.156953
  endloop
 endfacet
 facet normal -0.170471 0.985352 0.004599
  outer loop
   vertex -0.021302 0.286483 1.156953
   vertex -0.074021 0.277621 1.101532
   vertex -0.074846 0.277225 1.155793
  endloop
 endfacet
 facet normal -0.169907 0.985245 -0.020603
  outer loop
   vertex -0.021302 0.286483 1.156953
   vertex -0.074846 0.277225 1.155793
   vertex -0.033737 0.285417 1.208524
  endloop
 endfacet
 facet normal -0.215858 0.976283 0.016612
  outer loop
   vertex -0.033737 0.285417 1.208524
   vertex -0.074846 0.277225 1.155793
   vertex -0.087271 0.273607 1.206970
  endloop
 endfacet
 facet normal -0.951105 0.229936 0.206223
  outer loop
   vertex 0.033832 0.305249 1.215272
   vertex 0.033471 0.266148 1.257204
   vertex 0.050433 0.323330 1.271676
  endloop
 endfacet
 facet normal -0.208958 0.895479 0.393007
  outer loop
   vertex -0.087271 0.273607 1.206970
   vertex -0.076872 0.257124 1.250056
   vertex -0.033737 0.285417 1.208524
  endloop
 endfacet
 facet normal -0.083803 0.861895 0.500114
  outer loop
   vertex -0.033737 0.285417 1.208524
   vertex -0.076872 0.257124 1.250056
   vertex -0.021604 0.259694 1.254888
  endloop
 endfacet
 facet normal -0.022796 -0.394792 0.918488
  outer loop
   vertex 0.033471 0.266148 1.257204
   vertex 0.033778 0.215275 1.235345
   vertex 0.085826 0.276786 1.263076
  endloop
 endfacet
 facet normal 0.137301 -0.501321 0.854298
  outer loop
   vertex 0.085826 0.276786 1.263076
   vertex 0.033778 0.215275 1.235345
   vertex 0.088657 0.213622 1.225555
  endloop
 endfacet
 facet normal -0.069094 -0.301869 0.950842
  outer loop
   vertex -0.076872 0.257124 1.250056
   vertex -0.074538 0.214032 1.236545
   vertex -0.021604 0.259694 1.254888
  endloop
 endfacet
 facet normal -0.030706 -0.341733 0.939295
  outer loop
   vertex -0.021604 0.259694 1.254888
   vertex -0.074538 0.214032 1.236545
   vertex -0.019098 0.215323 1.238827
  endloop
 endfacet
 facet normal 0.166018 -0.203264 0.964947
  outer loop
   vertex 0.088657 0.213622 1.225555
   vertex 0.033778 0.215275 1.235345
   vertex 0.035091 0.156660 1.222772
  endloop
 endfacet
 facet normal -0.037925 -0.124058 0.991550
  outer loop
   vertex -0.074538 0.214032 1.236545
   vertex -0.074789 0.155931 1.229266
   vertex -0.019098 0.215323 1.238827
  endloop
 endfacet
 facet normal 0.025321 -0.181983 0.982976
  outer loop
   vertex -0.019098 0.215323 1.238827
   vertex -0.074789 0.155931 1.229266
   vertex -0.020569 0.155443 1.227779
  endloop
 endfacet
 facet normal 0.143139 -0.219155 0.965133
  outer loop
   vertex 0.035091 0.156660 1.222772
   vertex 0.034980 0.101984 1.210373
   vertex 0.088032 0.159605 1.215589
  endloop
 endfacet
 facet normal 0.177793 -0.249856 0.951820
  outer loop
   vertex 0.088032 0.159605 1.215589
   vertex 0.034980 0.101984 1.210373
   vertex 0.088988 0.103467 1.200674
  endloop
 endfacet
 facet normal 0.026104 -0.122779 0.992091
  outer loop
   vertex -0.074789 0.155931 1.229266
   vertex -0.070536 0.098269 1.222018
   vertex -0.020569 0.155443 1.227779
  endloop
 endfacet
 facet normal 0.171492 -0.246000 0.953978
  outer loop
   vertex -0.020569 0.155443 1.227779
   vertex -0.070536 0.098269 1.222018
   vertex -0.019288 0.099714 1.213178
  endloop
 endfacet
 facet normal 0.173517 -0.381698 0.907854
  outer loop
   vertex 0.034980 0.101984 1.210373
   vertex 0.039934 0.042679 1.184492
   vertex 0.088988 0.103467 1.200674
  endloop
 endfacet
 facet normal -0.154909 -0.135500 0.978592
  outer loop
   vertex 0.088988 0.103467 1.200674
   vertex 0.039934 0.042679 1.184492
   vertex 0.096196 0.057166 1.195404
  endloop
 endfacet
 facet normal 0.170622 -0.289673 0.941795
  outer loop
   vertex -0.070536 0.098269 1.222018
   vertex -0.073104 0.044935 1.206079
   vertex -0.019288 0.099714 1.213178
  endloop
 endfacet
 facet normal 0.313145 -0.418145 0.852698
  outer loop
   vertex -0.019288 0.099714 1.213178
   vertex -0.073104 0.044935 1.206079
   vertex -0.023389 0.054459 1.192492
  endloop
 endfacet
 facet normal -0.099518 -0.322534 0.941312
  outer loop
   vertex 0.096196 0.057166 1.195404
   vertex 0.039934 0.042679 1.184492
   vertex 0.094753 0.007273 1.178156
  endloop
 endfacet
 facet normal -0.362862 -0.676499 0.640844
  outer loop
   vertex 0.094753 0.007273 1.178156
   vertex 0.039934 0.042679 1.184492
   vertex 0.059582 0.000563 1.151158
  endloop
 endfacet
 facet normal -0.938967 -0.257523 -0.228085
  outer loop
   vertex 0.059582 0.000563 1.151158
   vertex 0.039934 0.042679 1.184492
   vertex 0.053231 0.022105 1.152981
  endloop
 endfacet
 facet normal 0.295447 -0.213903 0.931105
  outer loop
   vertex -0.073104 0.044935 1.206079
   vertex -0.073621 -0.004954 1.194782
   vertex -0.023389 0.054459 1.192492
  endloop
 endfacet
 facet normal 0.530302 -0.419968 0.736482
  outer loop
   vertex -0.023389 0.054459 1.192492
   vertex -0.073621 -0.004954 1.194782
   vertex -0.047829 -0.030974 1.161373
  endloop
 endfacet
 facet normal 0.341204 0.200060 0.918453
  outer loop
   vertex -0.025437 -0.067286 1.160964
   vertex 0.029502 -0.051157 1.137041
   vertex -0.047829 -0.030974 1.161373
  endloop
 endfacet
 facet normal 0.367985 0.754076 0.544019
  outer loop
   vertex -0.047829 -0.030974 1.161373
   vertex 0.029502 -0.051157 1.137041
   vertex 0.050619 -0.026069 1.087982
  endloop
 endfacet
 facet normal -0.806888 0.588897 -0.046165
  outer loop
   vertex 0.050619 -0.026069 1.087982
   vertex 0.029502 -0.051157 1.137041
   vertex 0.055662 -0.018567 1.095537
  endloop
 endfacet
 facet normal -0.959197 -0.278821 -0.046897
  outer loop
   vertex 0.053231 0.022105 1.152981
   vertex 0.056076 0.018540 1.115987
   vertex 0.059582 0.000563 1.151158
  endloop
 endfacet
 facet normal -0.996060 -0.034023 0.081901
  outer loop
   vertex 0.059582 0.000563 1.151158
   vertex 0.056076 0.018540 1.115987
   vertex 0.055662 -0.018567 1.095537
  endloop
 endfacet
 facet normal -0.855947 0.513385 0.061566
  outer loop
   vertex 0.055662 -0.018567 1.095537
   vertex 0.059387 -0.006038 1.042849
   vertex 0.050619 -0.026069 1.087982
  endloop
 endfacet
 facet normal -0.852703 0.518408 0.064425
  outer loop
   vertex 0.050619 -0.026069 1.087982
   vertex 0.059387 -0.006038 1.042849
   vertex 0.057374 -0.007648 1.029161
  endloop
 endfacet
 facet normal -0.998594 0.033694 -0.040922
  outer loop
   vertex 0.056076 0.018540 1.115987
   vertex 0.058304 0.017583 1.060831
   vertex 0.055662 -0.018567 1.095537
  endloop
 endfacet
 facet normal -0.997599 0.006734 -0.068928
  outer loop
   vertex 0.055662 -0.018567 1.095537
   vertex 0.058304 0.017583 1.060831
   vertex 0.059387 -0.006038 1.042849
  endloop
 endfacet
 facet normal -0.737958 0.674213 0.029225
  outer loop
   vertex 0.059387 -0.006038 1.042849
   vertex 0.060207 -0.003040 0.994391
   vertex 0.057374 -0.007648 1.029161
  endloop
 endfacet
 facet normal -0.928211 0.371112 -0.026446
  outer loop
   vertex 0.057374 -0.007648 1.029161
   vertex 0.060207 -0.003040 0.994391
   vertex 0.048856 -0.032463 0.979905
  endloop
 endfacet
 facet normal -0.995775 -0.079985 0.045096
  outer loop
   vertex 0.058304 0.017583 1.060831
   vertex 0.055059 0.026728 1.005397
   vertex 0.059387 -0.006038 1.042849
  endloop
 endfacet
 facet normal -0.986631 -0.160775 -0.026643
  outer loop
   vertex 0.059387 -0.006038 1.042849
   vertex 0.055059 0.026728 1.005397
   vertex 0.060207 -0.003040 0.994391
  endloop
 endfacet
 facet normal -0.928225 0.371084 -0.026378
  outer loop
   vertex 0.060207 -0.003040 0.994391
   vertex 0.054457 -0.021230 0.940835
   vertex 0.048856 -0.032463 0.979905
  endloop
 endfacet
 facet normal -0.868837 0.494781 0.017699
  outer loop
   vertex 0.048856 -0.032463 0.979905
   vertex 0.054457 -0.021230 0.940835
   vertex 0.049938 -0.028798 0.930565
  endloop
 endfacet
 facet normal -0.986928 -0.156595 -0.038088
  outer loop
   vertex 0.055059 0.026728 1.005397
   vertex 0.057623 0.024028 0.950060
   vertex 0.060207 -0.003040 0.994391
  endloop
 endfacet
 facet normal -0.994675 0.051371 0.089345
  outer loop
   vertex 0.060207 -0.003040 0.994391
   vertex 0.057623 0.024028 0.950060
   vertex 0.054457 -0.021230 0.940835
  endloop
 endfacet
 facet normal -0.871906 0.489123 0.023219
  outer loop
   vertex 0.054457 -0.021230 0.940835
   vertex 0.062149 -0.005360 0.895368
   vertex 0.049938 -0.028798 0.930565
  endloop
 endfacet
 facet normal -0.904490 0.425402 -0.030518
  outer loop
   vertex 0.049938 -0.028798 0.930565
   vertex 0.062149 -0.005360 0.895368
   vertex 0.049424 -0.032741 0.890836
  endloop
 endfacet
 facet normal -0.995341 0.080459 -0.053135
  outer loop
   vertex 0.057623 0.024028 0.950060
   vertex 0.059811 0.017872 0.899752
   vertex 0.054457 -0.021230 0.940835
  endloop
 endfacet
 facet normal -0.980158 -0.063187 -0.187876
  outer loop
   vertex 0.054457 -0.021230 0.940835
   vertex 0.059811 0.017872 0.899752
   vertex 0.062149 -0.005360 0.895368
  endloop
 endfacet
 facet normal -0.907924 0.402725 0.116136
  outer loop
   vertex 0.062149 -0.005360 0.895368
   vertex 0.062392 0.000966 0.875331
   vertex 0.049424 -0.032741 0.890836
  endloop
 endfacet
 facet normal -0.994874 -0.092343 -0.041220
  outer loop
   vertex 0.059811 0.017872 0.899752
   vertex 0.062392 0.000966 0.875331
   vertex 0.062149 -0.005360 0.895368
  endloop
 endfacet
 facet normal 0.000000 -0.000000 -1.000000
  outer loop
   vertex -0.598816 0.037674 0.205000
   vertex -0.623132 0.047810 0.205000
   vertex -0.622848 0.050249 0.205000
  endloop
 endfacet
 facet normal 0.000000 -0.000000 -1.000000
  outer loop
   vertex -0.622848 0.050249 0.205000
   vertex -0.623114 0.048345 0.205000
   vertex -0.622888 0.050270 0.205000
  endloop
 endfacet
 facet normal 0.000000 0.000000 -1.000000
  outer loop
   vertex -0.623132 0.047810 0.205000
   vertex -0.623114 0.048345 0.205000
   vertex -0.622848 0.050249 0.205000
  endloop
 endfacet
 facet normal -0.000000 0.000000 -1.000000
  outer loop
   vertex -0.624376 0.010864 0.205000
   vertex -0.624292 0.013390 0.205000
   vertex -0.613337 0.005944 0.205000
  endloop
 endfacet
 facet normal -0.000000 0.000000 -1.000000
  outer loop
   vertex -0.624376 0.010864 0.205000
   vertex -0.624319 0.013408 0.205000
   vertex -0.624292 0.013390 0.205000
  endloop
 endfacet
 facet normal 0.000000 0.000000 -1.000000
  outer loop
   vertex -0.624292 0.013390 0.205000
   vertex -0.623946 0.024658 0.205000
   vertex -0.623463 0.038403 0.205000
  endloop
 endfacet
 facet normal -0.000000 0.000000 -1.000000
  outer loop
   vertex -0.624319 0.013408 0.205000
   vertex -0.623946 0.024658 0.205000
   vertex -0.624292 0.013390 0.205000
  endloop
 endfacet
 facet normal -0.000000 -0.000000 -1.000000
  outer loop
   vertex -0.604590 0.000000 0.205000
   vertex -0.624376 0.010864 0.205000
   vertex -0.613337 0.005944 0.205000
  endloop
 endfacet
 facet normal -0.000000 0.000000 -1.000000
  outer loop
   vertex -0.624736 0.000000 0.205000
   vertex -0.624376 0.010864 0.205000
   vertex -0.604590 0.000000 0.205000
  endloop
 endfacet
 facet normal -0.000000 0.000000 1.000000
  outer loop
   vertex -0.529946 -0.299971 0.155000
   vertex -0.527425 -0.291217 0.155000
   vertex -0.531408 -0.296468 0.155000
  endloop
 endfacet
 facet normal -0.000000 0.000000 1.000000
  outer loop
   vertex -0.521066 -0.321243 0.155000
   vertex -0.527425 -0.291217 0.155000
   vertex -0.529946 -0.299971 0.155000
  endloop
 endfacet
 facet normal 0.000000 0.000000 1.000000
  outer loop
   vertex -0.532411 -0.297790 0.155000
   vertex -0.529946 -0.299971 0.155000
   vertex -0.531408 -0.296468 0.155000
  endloop
 endfacet
 facet normal 0.000000 -0.000000 1.000000
  outer loop
   vertex -0.527867 -0.290197 0.155000
   vertex -0.531408 -0.296468 0.155000
   vertex -0.527425 -0.291217 0.155000
  endloop
 endfacet
 facet normal 0.000000 0.000000 1.000000
  outer loop
   vertex -0.532876 -0.292951 0.155000
   vertex -0.531408 -0.296468 0.155000
   vertex -0.527867 -0.290197 0.155000
  endloop
 endfacet
 facet normal 0.000000 0.000000 1.000000
  outer loop
   vertex -0.532876 -0.292951 0.155000
   vertex -0.532411 -0.297790 0.155000
   vertex -0.531408 -0.296468 0.155000
  endloop
 endfacet
 facet normal 0.000000 0.000000 1.000000
  outer loop
   vertex -0.535962 -0.294648 0.155000
   vertex -0.532411 -0.297790 0.155000
   vertex -0.532876 -0.292951 0.155000
  endloop
 endfacet
 facet normal -0.000000 0.000000 1.000000
  outer loop
   vertex -0.535962 -0.294648 0.155000
   vertex -0.546688 -0.259865 0.155000
   vertex -0.554741 -0.278034 0.155000
  endloop
 endfacet
 facet normal -0.000000 -0.000000 1.000000
  outer loop
   vertex -0.532876 -0.292951 0.155000
   vertex -0.546688 -0.259865 0.155000
   vertex -0.535962 -0.294648 0.155000
  endloop
 endfacet
 facet normal -0.000000 0.000000 1.000000
  outer loop
   vertex -0.547599 -0.257681 0.155000
   vertex -0.557865 -0.220874 0.155000
   vertex -0.561439 -0.224527 0.155000
  endloop
 endfacet
 facet normal -0.000000 0.000000 1.000000
  outer loop
   vertex -0.568944 -0.247544 0.155000
   vertex -0.561439 -0.224527 0.155000
   vertex -0.571638 -0.234949 0.155000
  endloop
 endfacet
 facet normal -0.000000 0.000000 1.000000
  outer loop
   vertex -0.562189 -0.263163 0.155000
   vertex -0.561439 -0.224527 0.155000
   vertex -0.568944 -0.247544 0.155000
  endloop
 endfacet
 facet normal 0.000000 0.000000 1.000000
  outer loop
   vertex -0.562241 -0.222606 0.155000
   vertex -0.561439 -0.224527 0.155000
   vertex -0.557865 -0.220874 0.155000
  endloop
 endfacet
 facet normal 0.000000 -0.000000 1.000000
  outer loop
   vertex -0.562241 -0.222606 0.155000
   vertex -0.571638 -0.234949 0.155000
   vertex -0.561439 -0.224527 0.155000
  endloop
 endfacet
 facet normal 0.000000 0.000000 1.000000
  outer loop
   vertex -0.573339 -0.227000 0.155000
   vertex -0.571638 -0.234949 0.155000
   vertex -0.562241 -0.222606 0.155000
  endloop
 endfacet
 facet normal -0.000000 0.000000 1.000000
  outer loop
   vertex -0.557865 -0.220874 0.155000
   vertex -0.570634 -0.185410 0.155000
   vertex -0.572489 -0.187081 0.155000
  endloop
 endfacet
 facet normal -0.000000 0.000000 1.000000
  outer loop
   vertex -0.562241 -0.222606 0.155000
   vertex -0.572489 -0.187081 0.155000
   vertex -0.575818 -0.190081 0.155000
  endloop
 endfacet
 facet normal -0.000000 -0.000000 1.000000
  outer loop
   vertex -0.557865 -0.220874 0.155000
   vertex -0.572489 -0.187081 0.155000
   vertex -0.562241 -0.222606 0.155000
  endloop
 endfacet
 facet normal -0.000000 0.000000 1.000000
  outer loop
   vertex -0.576724 -0.211177 0.155000
   vertex -0.575818 -0.190081 0.155000
   vertex -0.580362 -0.194175 0.155000
  endloop
 endfacet
 facet normal -0.000000 0.000000 1.000000
  outer loop
   vertex -0.573339 -0.227000 0.155000
   vertex -0.575818 -0.190081 0.155000
   vertex -0.576724 -0.211177 0.155000
  endloop
 endfacet
 facet normal -0.000000 -0.000000 1.000000
  outer loop
   vertex -0.562241 -0.222606 0.155000
   vertex -0.575818 -0.190081 0.155000
   vertex -0.573339 -0.227000 0.155000
  endloop
 endfacet
 facet normal 0.000000 0.000000 1.000000
  outer loop
   vertex -0.584561 -0.197959 0.155000
   vertex -0.576724 -0.211177 0.155000
   vertex -0.580362 -0.194175 0.155000
  endloop
 endfacet
 facet normal 0.000000 0.000000 1.000000
  outer loop
   vertex -0.572894 -0.186144 0.155000
   vertex -0.572489 -0.187081 0.155000
   vertex -0.570634 -0.185410 0.155000
  endloop
 endfacet
 facet normal 0.000000 -0.000000 1.000000
  outer loop
   vertex -0.572894 -0.186144 0.155000
   vertex -0.575818 -0.190081 0.155000
   vertex -0.572489 -0.187081 0.155000
  endloop
 endfacet
 facet normal 0.000000 0.000000 1.000000
  outer loop
   vertex -0.576916 -0.187451 0.155000
   vertex -0.575818 -0.190081 0.155000
   vertex -0.572894 -0.186144 0.155000
  endloop
 endfacet
 facet normal 0.000000 -0.000000 1.000000
  outer loop
   vertex -0.576916 -0.187451 0.155000
   vertex -0.580362 -0.194175 0.155000
   vertex -0.575818 -0.190081 0.155000
  endloop
 endfacet
 facet normal 0.000000 0.000000 1.000000
  outer loop
   vertex -0.581483 -0.188935 0.155000
   vertex -0.580362 -0.194175 0.155000
   vertex -0.576916 -0.187451 0.155000
  endloop
 endfacet
 facet normal 0.000000 -0.000000 1.000000
  outer loop
   vertex -0.581483 -0.188935 0.155000
   vertex -0.584561 -0.197959 0.155000
   vertex -0.580362 -0.194175 0.155000
  endloop
 endfacet
 facet normal 0.000000 0.000000 1.000000
  outer loop
   vertex -0.588549 -0.191231 0.155000
   vertex -0.584561 -0.197959 0.155000
   vertex -0.581483 -0.188935 0.155000
  endloop
 endfacet
 facet normal -0.000000 0.000000 1.000000
  outer loop
   vertex -0.572894 -0.186144 0.155000
   vertex -0.581149 -0.149214 0.155000
   vertex -0.586901 -0.153776 0.155000
  endloop
 endfacet
 facet normal -0.000000 -0.000000 1.000000
  outer loop
   vertex -0.570634 -0.185410 0.155000
   vertex -0.581149 -0.149214 0.155000
   vertex -0.572894 -0.186144 0.155000
  endloop
 endfacet
 facet normal -0.000000 0.000000 1.000000
  outer loop
   vertex -0.586935 -0.163451 0.155000
   vertex -0.586901 -0.153776 0.155000
   vertex -0.589961 -0.156203 0.155000
  endloop
 endfacet
 facet normal -0.000000 0.000000 1.000000
  outer loop
   vertex -0.576916 -0.187451 0.155000
   vertex -0.586901 -0.153776 0.155000
   vertex -0.586935 -0.163451 0.155000
  endloop
 endfacet
 facet normal -0.000000 -0.000000 1.000000
  outer loop
   vertex -0.572894 -0.186144 0.155000
   vertex -0.586901 -0.153776 0.155000
   vertex -0.576916 -0.187451 0.155000
  endloop
 endfacet
 facet normal -0.000000 -0.000000 1.000000
  outer loop
   vertex -0.576916 -0.187451 0.155000
   vertex -0.586935 -0.163451 0.155000
   vertex -0.581483 -0.188935 0.155000
  endloop
 endfacet
 facet normal 0.000000 0.000000 1.000000
  outer loop
   vertex -0.601592 -0.165429 0.155000
   vertex -0.586935 -0.163451 0.155000
   vertex -0.589961 -0.156203 0.155000
  endloop
 endfacet
 facet normal -0.000000 0.000000 1.000000
  outer loop
   vertex -0.601281 -0.167711 0.155000
   vertex -0.586935 -0.163451 0.155000
   vertex -0.601592 -0.165429 0.155000
  endloop
 endfacet
 facet normal -0.000000 0.000000 1.000000
  outer loop
   vertex -0.600035 -0.171857 0.155000
   vertex -0.586935 -0.163451 0.155000
   vertex -0.601281 -0.167711 0.155000
  endloop
 endfacet
 facet normal -0.000000 0.000000 1.000000
  outer loop
   vertex -0.588549 -0.191231 0.155000
   vertex -0.586935 -0.163451 0.155000
   vertex -0.600035 -0.171857 0.155000
  endloop
 endfacet
 facet normal -0.000000 0.000000 1.000000
  outer loop
   vertex -0.581483 -0.188935 0.155000
   vertex -0.586935 -0.163451 0.155000
   vertex -0.588549 -0.191231 0.155000
  endloop
 endfacet
 facet normal 0.000000 0.000000 1.000000
  outer loop
   vertex -0.588102 -0.150999 0.155000
   vertex -0.586901 -0.153776 0.155000
   vertex -0.581149 -0.149214 0.155000
  endloop
 endfacet
 facet normal 0.000000 -0.000000 1.000000
  outer loop
   vertex -0.588102 -0.150999 0.155000
   vertex -0.589961 -0.156203 0.155000
   vertex -0.586901 -0.153776 0.155000
  endloop
 endfacet
 facet normal 0.000000 0.000000 1.000000
  outer loop
   vertex -0.591743 -0.151934 0.155000
   vertex -0.589961 -0.156203 0.155000
   vertex -0.588102 -0.150999 0.155000
  endloop
 endfacet
 facet normal 0.000000 -0.000000 1.000000
  outer loop
   vertex -0.591743 -0.151934 0.155000
   vertex -0.601592 -0.165429 0.155000
   vertex -0.589961 -0.156203 0.155000
  endloop
 endfacet
 facet normal 0.000000 -0.000000 1.000000
  outer loop
   vertex 0.072622 0.603792 0.155000
   vertex 0.068227 0.603711 0.155000
   vertex 0.072793 0.603228 0.155000
  endloop
 endfacet
 facet normal 0.000000 0.000000 1.000000
  outer loop
   vertex 0.012872 0.607214 0.155000
   vertex 0.037944 0.603109 0.155000
   vertex 0.038160 0.606541 0.155000
  endloop
 endfacet
 facet normal -0.000000 0.000000 1.000000
  outer loop
   vertex -0.588517 0.209927 0.155000
   vertex -0.583257 0.223949 0.155000
   vertex -0.587008 0.214575 0.155000
  endloop
 endfacet
 facet normal -0.000000 0.000000 1.000000
  outer loop
   vertex -0.588102 -0.150999 0.155000
   vertex -0.589372 -0.112429 0.155000
   vertex -0.601225 -0.120674 0.155000
  endloop
 endfacet
 facet normal -0.000000 -0.000000 1.000000
  outer loop
   vertex -0.581149 -0.149214 0.155000
   vertex -0.589372 -0.112429 0.155000
   vertex -0.588102 -0.150999 0.155000
  endloop
 endfacet
 facet normal -0.000000 0.000000 1.000000
  outer loop
   vertex -0.591743 -0.151934 0.155000
   vertex -0.601225 -0.120674 0.155000
   vertex -0.603989 -0.122597 0.155000
  endloop
 endfacet
 facet normal -0.000000 -0.000000 1.000000
  outer loop
   vertex -0.588102 -0.150999 0.155000
   vertex -0.601225 -0.120674 0.155000
   vertex -0.591743 -0.151934 0.155000
  endloop
 endfacet
 facet normal 0.000000 -0.000000 1.000000
  outer loop
   vertex -0.596426 -0.113774 0.155000
   vertex -0.601225 -0.120674 0.155000
   vertex -0.589372 -0.112429 0.155000
  endloop
 endfacet
 facet normal 0.000000 0.000000 1.000000
  outer loop
   vertex -0.603617 -0.115146 0.155000
   vertex -0.601225 -0.120674 0.155000
   vertex -0.596426 -0.113774 0.155000
  endloop
 endfacet
 facet normal 0.000000 -0.000000 1.000000
  outer loop
   vertex -0.603617 -0.115146 0.155000
   vertex -0.603989 -0.122597 0.155000
   vertex -0.601225 -0.120674 0.155000
  endloop
 endfacet
 facet normal 0.000000 0.000000 1.000000
  outer loop
   vertex -0.606843 -0.115761 0.155000
   vertex -0.603989 -0.122597 0.155000
   vertex -0.603617 -0.115146 0.155000
  endloop
 endfacet
 facet normal -0.000000 -0.000000 1.000000
  outer loop
   vertex -0.596426 -0.113774 0.155000
   vertex -0.607619 -0.082686 0.155000
   vertex -0.603617 -0.115146 0.155000
  endloop
 endfacet
endsolid T_MESH
